# Utah Teapot Model
# Version: 2026 - Cem Yuksel
# Triangle Mesh Resolution: 6 (5024 faces)
o Utah Teapot

v -1.959056 0 2.247917
v -1.956571 -0.125 2.231327
v -1.950357 -0.2 2.189853
v -1.942279 -0.225 2.135938
v -1.934201 -0.2 2.082021
v -1.927987 -0.125 2.040548
v -1.925502 0 2.023958
v -2.337037 0 2.233333
v -2.326977 -0.125 2.217284
v -2.301828 -0.2 2.17716
v -2.269135 -0.225 2.125
v -2.236443 -0.2 2.072839
v -2.211294 -0.125 2.032716
v -2.201234 0 2.016666
v -2.632031 0 2.19375
v -2.616464 -0.125 2.179167
v -2.577546 -0.2 2.142708
v -2.526953 -0.225 2.095313
v -2.47636 -0.2 2.047917
v -2.437442 -0.125 2.011458
v -2.421875 0 1.996875
v -2.84074 0 2.116667
v -2.821445 -0.125 2.104938
v -2.773205 -0.2 2.075617
v -2.710494 -0.225 2.0375
v -2.647783 -0.2 1.999383
v -2.599543 -0.125 1.970062
v -2.580247 0 1.958333
v -2.96195 0 1.989584
v -2.940469 -0.125 1.982562
v -2.886765 -0.2 1.965008
v -2.816952 -0.225 1.942188
v -2.747137 -0.2 1.919368
v -2.693433 -0.125 1.901814
v -2.671952 0 1.894792
v -3 0 1.8
v -2.977778 -0.125 1.8
v -2.922222 -0.2 1.8
v -2.85 -0.225 1.8
v -2.777778 -0.2 1.8
v -2.722222 -0.125 1.8
v -2.7 0 1.8
v -1.631454 0 2.249403
v -1.620953 -0.125 2.232826
v -1.638989 -0.2 2.191183
v -1.672538 -0.2183502 2.151386
v -1.684342 -0.225 2.136965
v -1.737737 -0.2 2.082737
v -1.783861 -0.125 2.041029
v -1.815565 0 2.02431
v -1.569905 0 2.262707
v -1.537526 0 2.316719
v -1.560313 -0.1323763 2.244016
v -1.52805 -0.1541142 2.292722
v -1.578042 -0.2171878 2.191067
v -1.546447 -0.2643457 2.219688
v -1.609088 -0.2359931 2.135453
v -1.579662 -0.2958502 2.136769
v -1.618637 -0.2424086 2.115895
v -1.590418 -0.3071415 2.107082
v -1.663048 -0.204859 2.046994
v -1.642747 -0.2649161 1.993665
v -1.700003 -0.1220314 2.004509
v -1.687529 -0.154743 1.920244
v -1.727797 0 1.989471
v -1.717815 0 1.896193
v -1.956571 0.125 2.231327
v -1.950357 0.2 2.189853
v -1.942279 0.225 2.135938
v -1.934201 0.2 2.082021
v -1.927987 0.125 2.040548
v -2.326977 0.125 2.217284
v -2.301828 0.2 2.17716
v -2.269135 0.225 2.125
v -2.236443 0.2 2.072839
v -2.211294 0.125 2.032716
v -2.616464 0.125 2.179167
v -2.577546 0.2 2.142708
v -2.526953 0.225 2.095313
v -2.47636 0.2 2.047917
v -2.437442 0.125 2.011458
v -2.821445 0.125 2.104938
v -2.773205 0.2 2.075617
v -2.710494 0.225 2.0375
v -2.647783 0.2 1.999383
v -2.599543 0.125 1.970062
v -2.940469 0.125 1.982562
v -2.886765 0.2 1.965008
v -2.816952 0.225 1.942188
v -2.747137 0.2 1.919368
v -2.693433 0.125 1.901814
v -2.977778 0.125 1.8
v -2.922222 0.2 1.8
v -2.85 0.225 1.8
v -2.777778 0.2 1.8
v -2.722222 0.125 1.8
v -1.620953 0.125 2.232826
v -1.638989 0.2 2.191183
v -1.672538 0.2183502 2.151386
v -1.684342 0.225 2.136965
v -1.737737 0.2 2.082737
v -1.783861 0.125 2.041029
v -1.560313 0.1323763 2.244016
v -1.52805 0.1541142 2.292722
v -1.578042 0.2171878 2.191067
v -1.546447 0.2643457 2.219688
v -1.609088 0.2359931 2.135453
v -1.579662 0.2958502 2.136769
v -1.618637 0.2424086 2.115895
v -1.590418 0.3071415 2.107082
v -1.663048 0.204859 2.046994
v -1.642747 0.2649161 1.993665
v -1.700003 0.1220314 2.004509
v -1.687529 0.154743 1.920244
v -2.966985 0 1.578299
v -2.945582 -0.125 1.585153
v -2.892075 -0.2 1.602289
v -2.822517 -0.225 1.624566
v -2.752957 -0.2 1.646843
v -2.69945 -0.125 1.663979
v -2.678048 0 1.670833
v -2.874074 0 1.363889
v -2.855235 -0.125 1.375206
v -2.808138 -0.2 1.403498
v -2.746913 -0.225 1.440278
v -2.685688 -0.2 1.477057
v -2.638591 -0.125 1.50535
v -2.619753 0 1.516667
v -2.724219 0 1.157812
v -2.709694 -0.125 1.172049
v -2.673379 -0.2 1.207639
v -2.626172 -0.225 1.253906
v -2.578964 -0.2 1.300174
v -2.54265 -0.125 1.335764
v -2.528125 0 1.35
v -2.514815 0 0.9611111
v -2.506218 -0.125 0.977572
v -2.484728 -0.2 1.018724
v -2.45679 -0.225 1.072222
v -2.428852 -0.2 1.12572
v -2.407362 -0.125 1.166873
v -2.398765 0 1.183333
v -2.241175 0 0.7748264
v -2.239939 -0.125 0.7936665
v -2.236851 -0.2 0.8407664
v -2.232837 -0.225 0.9019966
v -2.228822 -0.2 0.9632267
v -2.225734 -0.125 1.010327
v -2.224499 0 1.029167
v -2.144996 0 0.9834246
v -2.123082 -0.125 0.9519653
v -2.096611 -0.2 0.8900475
v -2.087088 -0.2078961 0.8655815
v -2.040703 -0.225 0.7987439
v -1.995644 -0.2015781 0.7181625
v -1.989916 -0.2 0.7113217
v -1.941761 -0.125 0.6399341
v -1.949184 0 0.6252032
v -2.041706 0 0.9632601
v -1.982726 0 1.050321
v -2.022119 -0.1148304 0.9394546
v -1.966474 -0.1526063 1.016916
v -2.005206 -0.1969932 0.89354
v -1.96085 -0.2643315 0.9378558
v -2.002393 -0.2103862 0.8712522
v -1.963308 -0.2787059 0.9
v -1.972955 -0.2438666 0.8060953
v -1.945521 -0.3102047 0.8091244
v -1.951953 -0.2262433 0.7129255
v -1.933515 -0.2694679 0.6934028
v -1.947549 -0.2248909 0.7052701
v -1.929533 -0.2670183 0.6848632
v -1.9145 -0.1389742 0.6239115
v -1.899995 -0.1569817 0.5975115
v -1.924386 0 0.6056681
v -1.910085 0 0.5771657
v -2.945582 0.125 1.585153
v -2.892075 0.2 1.602289
v -2.822517 0.225 1.624566
v -2.752957 0.2 1.646843
v -2.69945 0.125 1.663979
v -2.855235 0.125 1.375206
v -2.808138 0.2 1.403498
v -2.746913 0.225 1.440278
v -2.685688 0.2 1.477057
v -2.638591 0.125 1.50535
v -2.709694 0.125 1.172049
v -2.673379 0.2 1.207639
v -2.626172 0.225 1.253906
v -2.578964 0.2 1.300174
v -2.54265 0.125 1.335764
v -2.506218 0.125 0.977572
v -2.484728 0.2 1.018724
v -2.45679 0.225 1.072222
v -2.428852 0.2 1.12572
v -2.407362 0.125 1.166873
v -2.239939 0.125 0.7936665
v -2.236851 0.2 0.8407664
v -2.232837 0.225 0.9019966
v -2.228822 0.2 0.9632267
v -2.225734 0.125 1.010327
v -2.123082 0.125 0.9519653
v -2.096611 0.2 0.8900475
v -2.087088 0.2078961 0.8655815
v -2.040703 0.225 0.7987439
v -1.995644 0.2015781 0.7181625
v -1.989916 0.2 0.7113217
v -1.941761 0.125 0.6399341
v -2.022119 0.1148304 0.9394546
v -1.966474 0.1526063 1.016916
v -2.005206 0.1969932 0.89354
v -1.96085 0.2643315 0.9378558
v -2.002393 0.2103862 0.8712522
v -1.963308 0.2787059 0.9
v -1.972955 0.2438666 0.8060953
v -1.945521 0.3102047 0.8091244
v -1.951953 0.2262433 0.7129255
v -1.933515 0.2694679 0.6934028
v -1.947549 0.2248909 0.7052701
v -1.929533 0.2670183 0.6848632
v -1.9145 0.1389742 0.6239115
v -1.899995 0.1569817 0.5975115
v 2.8 0 2.4
v 2.82963 -0.0625 2.4
v 2.903703 -0.1 2.4
v 3 -0.1125 2.4
v 3.096296 -0.1 2.4
v 3.170371 -0.06250001 2.4
v 3.2 0 2.4
v 2.837762 0 2.428623
v 2.872774 -0.06436387 2.429669
v 2.960497 -0.1030857 2.43225
v 3.074793 -0.1161139 2.435515
v 3.189245 -0.1033269 2.438695
v 3.277345 -0.06462891 2.4411
v 3.312594 0 2.442054
v 2.847564 0 2.444882
v 2.887931 -0.07225841 2.44614
v 2.989081 -0.1158254 2.449203
v 3.120862 -0.1305954 2.453019
v 3.252793 -0.1163194 2.456701
v 3.354324 -0.07280118 2.459474
v 3.394943 0 2.460574
v 2.830926 0 2.451806
v 2.876045 -0.08465158 2.452694
v 2.98882 -0.1356437 2.454822
v 3.135321 -0.1528762 2.457458
v 3.281694 -0.1361126 2.460027
v 3.394214 -0.0851668 2.461991
v 3.439207 0 2.462777
v 2.795133 0 2.448095
v 2.843122 -0.0964914 2.44855
v 2.962821 -0.1544922 2.44962
v 3.117978 -0.1739497 2.450973
v 3.272782 -0.1547392 2.452354
v 3.391699 -0.0967628 2.453456
v 3.439235 0 2.453906
v 2.74923 0 2.431133
v 2.797052 -0.1031165 2.431407
v 2.916403 -0.1650071 2.432069
v 3.071239 -0.1856615 2.43294
v 3.225837 -0.1650553 2.433852
v 3.344655 -0.1031695 2.434589
v 3.392163 0 2.434892
v 2.7 0 2.4
v 2.744445 -0.1041667 2.4
v 2.855555 -0.1666667 2.4
v 3 -0.1875 2.4
v 3.144444 -0.1666667 2.4
v 3.255556 -0.1041667 2.4
v 3.3 0 2.4
v 2.82963 0.0625 2.4
v 2.903703 0.1 2.4
v 3 0.1125 2.4
v 3.096296 0.1 2.4
v 3.170371 0.06250001 2.4
v 2.872774 0.06436387 2.429669
v 2.960497 0.1030857 2.43225
v 3.074793 0.1161139 2.435515
v 3.189245 0.1033269 2.438695
v 3.277345 0.06462891 2.4411
v 2.887931 0.07225841 2.44614
v 2.989081 0.1158254 2.449203
v 3.120862 0.1305954 2.453019
v 3.252793 0.1163194 2.456701
v 3.354324 0.07280118 2.459474
v 2.876045 0.08465158 2.452694
v 2.98882 0.1356437 2.454822
v 3.135321 0.1528762 2.457458
v 3.281694 0.1361126 2.460027
v 3.394214 0.0851668 2.461991
v 2.843122 0.0964914 2.44855
v 2.962821 0.1544922 2.44962
v 3.117978 0.1739497 2.450973
v 3.272782 0.1547392 2.452354
v 3.391699 0.0967628 2.453456
v 2.797052 0.1031165 2.431407
v 2.916403 0.1650071 2.432069
v 3.071239 0.1856615 2.43294
v 3.225837 0.1650553 2.433852
v 3.344655 0.1031695 2.434589
v 2.744445 0.1041667 2.4
v 2.855555 0.1666667 2.4
v 3 0.1875 2.4
v 3.144444 0.1666667 2.4
v 3.255556 0.1041667 2.4
v 2.550104 0 2.223186
v 2.580415 -0.1144452 2.218302
v 2.656444 -0.1831123 2.206109
v 2.755669 -0.2060013 2.190231
v 2.855174 -0.1831123 2.17429
v 2.931837 -0.1144452 2.161984
v 2.962524 0 2.157051
v 2.464125 0 2.013017
v 2.487681 -0.1435911 1.999258
v 2.547092 -0.2297458 1.964892
v 2.625122 -0.258464 1.92016
v 2.703721 -0.2297458 1.875299
v 2.764431 -0.1435911 1.8407
v 2.78876 0 1.82684
v 2.388603 0 1.799173
v 2.409748 -0.1849648 1.77359
v 2.463104 -0.2959436 1.709666
v 2.533222 -0.3329366 1.62651
v 2.60388 -0.2959436 1.543231
v 2.658469 -0.1849648 1.479085
v 2.680346 0 1.453407
v 2.270951 0 1.610675
v 2.290137 -0.2282771 1.572005
v 2.338361 -0.3652433 1.475347
v 2.40145 -0.4108987 1.349664
v 2.464824 -0.3652433 1.223915
v 2.513697 -0.2282771 1.127141
v 2.533269 0 1.08842
v 2.05891 0 1.476304
v 2.072379 -0.2618706 1.425203
v 2.106103 -0.4189928 1.297456
v 2.150023 -0.4713669 1.13138
v 2.193998 -0.4189928 0.9652901
v 2.227849 -0.2618706 0.8375203
v 2.241394 0 0.7864103
v 1.984509 0 1.465669
v 1.958446 -0.2658877 1.406443
v 1.968974 -0.3543473 1.330952
v 1.971892 -0.4259354 1.26892
v 1.974873 -0.4310694 1.251882
v 1.987696 -0.4679024 1.128895
v 1.984969 -0.4800348 1.087779
v 2.00752 -0.4445846 0.9713146
v 2.011936 -0.4315992 0.9268909
v 2.00883 -0.4268671 0.9085394
v 1.994506 -0.2676746 0.7595363
v 2.007084 -0.1438913 0.7369839
v 2.014735 0 0.7083683
v 1.900339 3.886534e-8 1.463201
v 1.853994 8.104065e-8 1.532895
v 1.880364 -0.2676142 1.408842
v 1.837613 -0.3044091 1.463781
v 1.895466 -0.3608129 1.33267
v 1.855511 -0.4097697 1.371118
v 1.901374 -0.4375654 1.270604
v 1.864068 -0.4946516 1.29703
v 1.905243 -0.4433378 1.253062
v 1.868671 -0.5007089 1.276752
v 1.923948 -0.4853063 1.125568
v 1.892436 -0.5441165 1.130687
v 1.922532 -0.499081 1.083877
v 1.89231 -0.5582672 1.084182
v 1.951758 -0.4648453 0.9638112
v 1.92622 -0.5161292 0.9507358
v 1.958309 -0.452237 0.9175894
v 1.934075 -0.5007506 0.9
v 1.955878 -0.4477075 0.8991668
v 1.931856 -0.4952257 0.8803695
v 1.953277 -0.2815532 0.7459976
v 1.932485 -0.3058802 0.7184808
v 1.968009 -0.1517447 0.7220283
v 1.947289 -0.1648414 0.6934028
v 1.974882 0 0.691797
v 1.952572 0 0.6610579
v 2.580415 0.1144452 2.218302
v 2.656444 0.1831123 2.206109
v 2.755669 0.2060013 2.190231
v 2.855174 0.1831123 2.17429
v 2.931837 0.1144452 2.161984
v 2.487681 0.1435911 1.999258
v 2.547092 0.2297458 1.964892
v 2.625122 0.258464 1.92016
v 2.703721 0.2297458 1.875299
v 2.764431 0.1435911 1.8407
v 2.409748 0.1849648 1.77359
v 2.463104 0.2959436 1.709666
v 2.533222 0.3329366 1.62651
v 2.60388 0.2959436 1.543231
v 2.658469 0.1849648 1.479085
v 2.290137 0.2282771 1.572005
v 2.338361 0.3652433 1.475347
v 2.40145 0.4108987 1.349664
v 2.464824 0.3652433 1.223915
v 2.513697 0.2282771 1.127141
v 2.072379 0.2618706 1.425203
v 2.106103 0.4189928 1.297456
v 2.150023 0.4713669 1.13138
v 2.193998 0.4189928 0.9652901
v 2.227849 0.2618706 0.8375203
v 1.958446 0.2658877 1.406443
v 1.968974 0.3543473 1.330952
v 1.971892 0.4259354 1.26892
v 1.974873 0.4310694 1.251882
v 1.987696 0.4679024 1.128895
v 1.984969 0.4800348 1.087779
v 2.00752 0.4445846 0.9713146
v 2.011936 0.4315992 0.9268909
v 2.00883 0.4268671 0.9085394
v 1.994506 0.2676746 0.7595363
v 2.007084 0.1438913 0.7369839
v 1.880364 0.2676142 1.408842
v 1.837613 0.3044091 1.463781
v 1.895466 0.3608129 1.33267
v 1.855511 0.4097697 1.371118
v 1.901374 0.4375654 1.270604
v 1.864068 0.4946516 1.29703
v 1.905243 0.4433378 1.253062
v 1.868671 0.5007089 1.276752
v 1.923948 0.4853063 1.125568
v 1.892436 0.5441165 1.130687
v 1.922532 0.499081 1.083877
v 1.89231 0.5582672 1.084182
v 1.951758 0.4648453 0.9638112
v 1.92622 0.5161292 0.9507358
v 1.958309 0.452237 0.9175894
v 1.934075 0.5007506 0.9
v 1.955878 0.4477075 0.8991668
v 1.931856 0.4952257 0.8803695
v 1.953277 0.2815532 0.7459976
v 1.932485 0.3058802 0.7184808
v 1.968009 0.1517447 0.7220283
v 1.947289 0.1648414 0.6934028
v 0 0 3.15
v -0.2779804 0 3.126541
v -0.2685084 -0.0719466 3.126541
v -0.240738 -0.1389902 3.126541
v -0.1965618 -0.1965618 3.126541
v -0.1389902 -0.240738 3.126541
v -0.07194661 -0.2685084 3.126541
v 1.215091e-8 -0.2779804 3.126541
v -0.3592592 0 3.063889
v -0.3470177 -0.09298312 3.063889
v -0.3111276 -0.1796296 3.063889
v -0.2540346 -0.2540346 3.063889
v -0.1796296 -0.3111276 3.063889
v -0.09298313 -0.3470177 3.063889
v 1.570372e-8 -0.3592592 3.063889
v -0.3179687 0 2.975976
v -0.3071342 -0.08229636 2.975976
v -0.275369 -0.1589844 2.975976
v -0.2248379 -0.2248379 2.975976
v -0.1589843 -0.275369 2.975976
v -0.08229636 -0.3071342 2.975976
v 1.389885e-8 -0.3179687 2.975976
v -0.2296296 0 2.877778
v -0.2218051 -0.05943251 2.877778
v -0.1988651 -0.1148148 2.877778
v -0.1623727 -0.1623727 2.877778
v -0.1148148 -0.1988651 2.877778
v -0.05943251 -0.2218051 2.877778
v 1.003743e-8 -0.2296296 2.877778
v -0.1676794 0 2.782704
v -0.1619658 -0.04339862 2.782704
v -0.1452146 -0.08383971 2.782704
v -0.1185672 -0.1185672 2.782704
v -0.0838397 -0.1452146 2.782704
v -0.04339862 -0.1619658 2.782704
v 7.329499e-9 -0.1676794 2.782704
v -0.2 0 2.7
v -0.1931852 -0.05176381 2.7
v -0.1732051 -0.1 2.7
v -0.1414214 -0.1414214 2.7
v -0.09999999 -0.1732051 2.7
v -0.05176381 -0.1931852 2.7
v 8.742278e-9 -0.2 2.7
v 0.0719466 -0.2685084 3.126541
v 0.1389902 -0.240738 3.126541
v 0.1965618 -0.1965618 3.126541
v 0.240738 -0.1389902 3.126541
v 0.2685084 -0.07194661 3.126541
v 0.2779804 1.215091e-8 3.126541
v 0.09298312 -0.3470177 3.063889
v 0.1796296 -0.3111276 3.063889
v 0.2540346 -0.2540346 3.063889
v 0.3111276 -0.1796296 3.063889
v 0.3470177 -0.09298313 3.063889
v 0.3592592 1.570372e-8 3.063889
v 0.08229636 -0.3071342 2.975976
v 0.1589844 -0.275369 2.975976
v 0.2248379 -0.2248379 2.975976
v 0.275369 -0.1589843 2.975976
v 0.3071342 -0.08229636 2.975976
v 0.3179687 1.389885e-8 2.975976
v 0.05943251 -0.2218051 2.877778
v 0.1148148 -0.1988651 2.877778
v 0.1623727 -0.1623727 2.877778
v 0.1988651 -0.1148148 2.877778
v 0.2218051 -0.05943251 2.877778
v 0.2296296 1.003743e-8 2.877778
v 0.04339862 -0.1619658 2.782704
v 0.08383971 -0.1452146 2.782704
v 0.1185672 -0.1185672 2.782704
v 0.1452146 -0.0838397 2.782704
v 0.1619658 -0.04339862 2.782704
v 0.1676794 7.329499e-9 2.782704
v 0.05176381 -0.1931852 2.7
v 0.1 -0.1732051 2.7
v 0.1414214 -0.1414214 2.7
v 0.1732051 -0.09999999 2.7
v 0.1931852 -0.05176381 2.7
v 0.2 8.742278e-9 2.7
v 0 0.2779804 3.126541
v 0.0719466 0.2685084 3.126541
v 0.1389902 0.240738 3.126541
v 0.1965618 0.1965618 3.126541
v 0.240738 0.1389902 3.126541
v 0.2685084 0.07194661 3.126541
v 0 0.3592592 3.063889
v 0.09298312 0.3470177 3.063889
v 0.1796296 0.3111276 3.063889
v 0.2540346 0.2540346 3.063889
v 0.3111276 0.1796296 3.063889
v 0.3470177 0.09298313 3.063889
v 0 0.3179687 2.975976
v 0.08229636 0.3071342 2.975976
v 0.1589844 0.275369 2.975976
v 0.2248379 0.2248379 2.975976
v 0.275369 0.1589843 2.975976
v 0.3071342 0.08229636 2.975976
v 0 0.2296296 2.877778
v 0.05943251 0.2218051 2.877778
v 0.1148148 0.1988651 2.877778
v 0.1623727 0.1623727 2.877778
v 0.1988651 0.1148148 2.877778
v 0.2218051 0.05943251 2.877778
v 0 0.1676794 2.782704
v 0.04339862 0.1619658 2.782704
v 0.08383971 0.1452146 2.782704
v 0.1185672 0.1185672 2.782704
v 0.1452146 0.0838397 2.782704
v 0.1619658 0.04339862 2.782704
v 0 0.2 2.7
v 0.05176381 0.1931852 2.7
v 0.1 0.1732051 2.7
v 0.1414214 0.1414214 2.7
v 0.1732051 0.09999999 2.7
v 0.1931852 0.05176381 2.7
v -0.2685084 0.0719466 3.126541
v -0.240738 0.1389902 3.126541
v -0.1965618 0.1965618 3.126541
v -0.1389902 0.240738 3.126541
v -0.07194661 0.2685084 3.126541
v -0.3470177 0.09298312 3.063889
v -0.3111276 0.1796296 3.063889
v -0.2540346 0.2540346 3.063889
v -0.1796296 0.3111276 3.063889
v -0.09298313 0.3470177 3.063889
v -0.3071342 0.08229636 2.975976
v -0.275369 0.1589844 2.975976
v -0.2248379 0.2248379 2.975976
v -0.1589843 0.275369 2.975976
v -0.08229636 0.3071342 2.975976
v -0.2218051 0.05943251 2.877778
v -0.1988651 0.1148148 2.877778
v -0.1623727 0.1623727 2.877778
v -0.1148148 0.1988651 2.877778
v -0.05943251 0.2218051 2.877778
v -0.1619658 0.04339862 2.782704
v -0.1452146 0.08383971 2.782704
v -0.1185672 0.1185672 2.782704
v -0.0838397 0.1452146 2.782704
v -0.04339862 0.1619658 2.782704
v -0.1931852 0.05176381 2.7
v -0.1732051 0.1 2.7
v -0.1414214 0.1414214 2.7
v -0.09999999 0.1732051 2.7
v -0.05176381 0.1931852 2.7
v -0.3545428 0 2.638823
v -0.3424621 -0.09176244 2.638823
v -0.3070431 -0.1772714 2.638823
v -0.2506996 -0.2506996 2.638823
v -0.1772714 -0.3070431 2.638823
v -0.09176245 -0.3424621 2.638823
v 1.549756e-8 -0.3545428 2.638823
v -0.5814815 0 2.594444
v -0.561668 -0.1504985 2.594444
v -0.5035777 -0.2907408 2.594444
v -0.4111695 -0.4111695 2.594444
v -0.2907407 -0.5035777 2.594444
v -0.1504985 -0.561668 2.594444
v 2.541736e-8 -0.5814815 2.594444
v -0.8320313 0 2.555274
v -0.8036805 -0.2153455 2.555274
v -0.7205603 -0.4160156 2.555274
v -0.588335 -0.588335 2.555274
v -0.4160156 -0.7205603 2.555274
v -0.2153456 -0.8036805 2.555274
v 3.636924e-8 -0.8320313 2.555274
v -1.062963 0 2.513889
v -1.026744 -0.275115 2.513889
v -0.920553 -0.5314815 2.513889
v -0.7516283 -0.7516283 2.513889
v -0.5314815 -0.9205531 2.513889
v -0.2751151 -1.026744 2.513889
v 4.646359e-8 -1.062963 2.513889
v -1.233131 0 2.464432
v -1.191113 -0.3191577 2.464432
v -1.067923 -0.6165653 2.464432
v -0.871955 -0.871955 2.464432
v -0.6165653 -1.067923 2.464432
v -0.3191578 -1.191113 2.464432
v 5.390186e-8 -1.233131 2.464432
v -1.3 0 2.4
v -1.255704 -0.3364647 2.4
v -1.125833 -0.65 2.4
v -0.9192387 -0.9192387 2.4
v -0.6499999 -1.125833 2.4
v -0.3364648 -1.255704 2.4
v 5.68248e-8 -1.3 2.4
v 0.09176244 -0.3424621 2.638823
v 0.1772714 -0.3070431 2.638823
v 0.2506996 -0.2506996 2.638823
v 0.3070431 -0.1772714 2.638823
v 0.3424621 -0.09176245 2.638823
v 0.3545428 1.549756e-8 2.638823
v 0.1504985 -0.561668 2.594444
v 0.2907408 -0.5035777 2.594444
v 0.4111695 -0.4111695 2.594444
v 0.5035777 -0.2907407 2.594444
v 0.561668 -0.1504985 2.594444
v 0.5814815 2.541736e-8 2.594444
v 0.2153455 -0.8036805 2.555274
v 0.4160156 -0.7205603 2.555274
v 0.588335 -0.588335 2.555274
v 0.7205603 -0.4160156 2.555274
v 0.8036805 -0.2153456 2.555274
v 0.8320313 3.636924e-8 2.555274
v 0.275115 -1.026744 2.513889
v 0.5314815 -0.920553 2.513889
v 0.7516283 -0.7516283 2.513889
v 0.9205531 -0.5314815 2.513889
v 1.026744 -0.2751151 2.513889
v 1.062963 4.646359e-8 2.513889
v 0.3191577 -1.191113 2.464432
v 0.6165653 -1.067923 2.464432
v 0.871955 -0.871955 2.464432
v 1.067923 -0.6165653 2.464432
v 1.191113 -0.3191578 2.464432
v 1.233131 5.390186e-8 2.464432
v 0.3364647 -1.255704 2.4
v 0.65 -1.125833 2.4
v 0.9192387 -0.9192387 2.4
v 1.125833 -0.6499999 2.4
v 1.255704 -0.3364648 2.4
v 1.3 5.68248e-8 2.4
v 0 0.3545428 2.638823
v 0.09176244 0.3424621 2.638823
v 0.1772714 0.3070431 2.638823
v 0.2506996 0.2506996 2.638823
v 0.3070431 0.1772714 2.638823
v 0.3424621 0.09176245 2.638823
v 0 0.5814815 2.594444
v 0.1504985 0.561668 2.594444
v 0.2907408 0.5035777 2.594444
v 0.4111695 0.4111695 2.594444
v 0.5035777 0.2907407 2.594444
v 0.561668 0.1504985 2.594444
v 0 0.8320313 2.555274
v 0.2153455 0.8036805 2.555274
v 0.4160156 0.7205603 2.555274
v 0.588335 0.588335 2.555274
v 0.7205603 0.4160156 2.555274
v 0.8036805 0.2153456 2.555274
v 0 1.062963 2.513889
v 0.275115 1.026744 2.513889
v 0.5314815 0.920553 2.513889
v 0.7516283 0.7516283 2.513889
v 0.9205531 0.5314815 2.513889
v 1.026744 0.2751151 2.513889
v 0 1.233131 2.464432
v 0.3191577 1.191113 2.464432
v 0.6165653 1.067923 2.464432
v 0.871955 0.871955 2.464432
v 1.067923 0.6165653 2.464432
v 1.191113 0.3191578 2.464432
v 0 1.3 2.4
v 0.3364647 1.255704 2.4
v 0.65 1.125833 2.4
v 0.9192387 0.9192387 2.4
v 1.125833 0.6499999 2.4
v 1.255704 0.3364648 2.4
v -0.3424621 0.09176244 2.638823
v -0.3070431 0.1772714 2.638823
v -0.2506996 0.2506996 2.638823
v -0.1772714 0.3070431 2.638823
v -0.09176245 0.3424621 2.638823
v -0.561668 0.1504985 2.594444
v -0.5035777 0.2907408 2.594444
v -0.4111695 0.4111695 2.594444
v -0.2907407 0.5035777 2.594444
v -0.1504985 0.561668 2.594444
v -0.8036805 0.2153455 2.555274
v -0.7205603 0.4160156 2.555274
v -0.588335 0.588335 2.555274
v -0.4160156 0.7205603 2.555274
v -0.2153456 0.8036805 2.555274
v -1.026744 0.275115 2.513889
v -0.920553 0.5314815 2.513889
v -0.7516283 0.7516283 2.513889
v -0.5314815 0.9205531 2.513889
v -0.2751151 1.026744 2.513889
v -1.191113 0.3191577 2.464432
v -1.067923 0.6165653 2.464432
v -0.871955 0.871955 2.464432
v -0.6165653 1.067923 2.464432
v -0.3191578 1.191113 2.464432
v -1.255704 0.3364647 2.4
v -1.125833 0.65 2.4
v -0.9192387 0.9192387 2.4
v -0.6499999 1.125833 2.4
v -0.3364648 1.255704 2.4
v -1.4 0 2.4
v -1.352296 -0.3623466 2.4
v -1.212435 -0.7 2.4
v -0.9899495 -0.9899495 2.4
v -0.6999999 -1.212436 2.4
v -0.3623467 -1.352296 2.4
v 6.119594e-8 -1.4 2.4
v -1.382171 0 2.454903
v -1.335074 -0.3577321 2.454903
v -1.196995 -0.6910854 2.454903
v -0.9773422 -0.9773422 2.454903
v -0.6910853 -1.196995 2.454903
v -0.3577321 -1.335074 2.454903
v 6.04166e-8 -1.382171 2.454903
v -1.388381 0 2.488604
v -1.341073 -0.3593395 2.488604
v -1.202373 -0.6941906 2.488604
v -0.9817337 -0.9817337 2.488604
v -0.6941905 -1.202373 2.488604
v -0.3593395 -1.341073 2.488604
v 6.068806e-8 -1.388381 2.488604
v -1.41095 0 2.500534
v -1.362874 -0.3651808 2.500534
v -1.221919 -0.7054752 2.500534
v -0.9976925 -0.9976925 2.500534
v -0.7054752 -1.221919 2.500534
v -0.3651809 -1.362874 2.500534
v 6.16746e-8 -1.41095 2.500534
v -1.440652 0 2.489708
v -1.391562 -0.372868 2.489708
v -1.247641 -0.7203258 2.489708
v -1.018694 -1.018694 2.489708
v -0.7203256 -1.247641 2.489708
v -0.3728681 -1.391562 2.489708
v 6.297288e-8 -1.440652 2.489708
v -1.470577 0 2.455766
v -1.420468 -0.3806131 2.455766
v -1.273556 -0.7352883 2.455766
v -1.039855 -1.039855 2.455766
v -0.7352881 -1.273556 2.455766
v -0.3806132 -1.420468 2.455766
v 6.428093e-8 -1.470577 2.455766
v -1.5 0 2.4
v -1.448889 -0.3882286 2.4
v -1.299038 -0.75 2.4
v -1.06066 -1.06066 2.4
v -0.7499999 -1.299038 2.4
v -0.3882286 -1.448889 2.4
v 6.556708e-8 -1.5 2.4
v 0.3623466 -1.352296 2.4
v 0.7 -1.212435 2.4
v 0.9899495 -0.9899495 2.4
v 1.212436 -0.6999999 2.4
v 1.352296 -0.3623467 2.4
v 1.4 6.119594e-8 2.4
v 0.3577321 -1.335074 2.454903
v 0.6910854 -1.196995 2.454903
v 0.9773422 -0.9773422 2.454903
v 1.196995 -0.6910853 2.454903
v 1.335074 -0.3577321 2.454903
v 1.382171 6.04166e-8 2.454903
v 0.3593395 -1.341073 2.488604
v 0.6941906 -1.202373 2.488604
v 0.9817337 -0.9817337 2.488604
v 1.202373 -0.6941905 2.488604
v 1.341073 -0.3593395 2.488604
v 1.388381 6.068806e-8 2.488604
v 0.3651808 -1.362874 2.500534
v 0.7054752 -1.221919 2.500534
v 0.9976925 -0.9976925 2.500534
v 1.221919 -0.7054752 2.500534
v 1.362874 -0.3651809 2.500534
v 1.41095 6.16746e-8 2.500534
v 0.372868 -1.391562 2.489708
v 0.7203258 -1.247641 2.489708
v 1.018694 -1.018694 2.489708
v 1.247641 -0.7203256 2.489708
v 1.391562 -0.3728681 2.489708
v 1.440652 6.297288e-8 2.489708
v 0.3806131 -1.420468 2.455766
v 0.7352883 -1.273556 2.455766
v 1.039855 -1.039855 2.455766
v 1.273556 -0.7352881 2.455766
v 1.420468 -0.3806132 2.455766
v 1.470577 6.428093e-8 2.455766
v 0.3882286 -1.448889 2.4
v 0.75 -1.299038 2.4
v 1.06066 -1.06066 2.4
v 1.299038 -0.7499999 2.4
v 1.448889 -0.3882286 2.4
v 1.5 6.556708e-8 2.4
v 0 1.4 2.4
v 0.3623466 1.352296 2.4
v 0.7 1.212435 2.4
v 0.9899495 0.9899495 2.4
v 1.212436 0.6999999 2.4
v 1.352296 0.3623467 2.4
v 0 1.382171 2.454903
v 0.3577321 1.335074 2.454903
v 0.6910854 1.196995 2.454903
v 0.9773422 0.9773422 2.454903
v 1.196995 0.6910853 2.454903
v 1.335074 0.3577321 2.454903
v 0 1.388381 2.488604
v 0.3593395 1.341073 2.488604
v 0.6941906 1.202373 2.488604
v 0.9817337 0.9817337 2.488604
v 1.202373 0.6941905 2.488604
v 1.341073 0.3593395 2.488604
v 0 1.41095 2.500534
v 0.3651808 1.362874 2.500534
v 0.7054752 1.221919 2.500534
v 0.9976925 0.9976925 2.500534
v 1.221919 0.7054752 2.500534
v 1.362874 0.3651809 2.500534
v 0 1.440652 2.489708
v 0.372868 1.391562 2.489708
v 0.7203258 1.247641 2.489708
v 1.018694 1.018694 2.489708
v 1.247641 0.7203256 2.489708
v 1.391562 0.3728681 2.489708
v 0 1.470577 2.455766
v 0.3806131 1.420468 2.455766
v 0.7352883 1.273556 2.455766
v 1.039855 1.039855 2.455766
v 1.273556 0.7352881 2.455766
v 1.420468 0.3806132 2.455766
v 0 1.5 2.4
v 0.3882286 1.448889 2.4
v 0.75 1.299038 2.4
v 1.06066 1.06066 2.4
v 1.299038 0.7499999 2.4
v 1.448889 0.3882286 2.4
v -1.352296 0.3623466 2.4
v -1.212435 0.7 2.4
v -0.9899495 0.9899495 2.4
v -0.6999999 1.212436 2.4
v -0.3623467 1.352296 2.4
v -1.335074 0.3577321 2.454903
v -1.196995 0.6910854 2.454903
v -0.9773422 0.9773422 2.454903
v -0.6910853 1.196995 2.454903
v -0.3577321 1.335074 2.454903
v -1.341073 0.3593395 2.488604
v -1.202373 0.6941906 2.488604
v -0.9817337 0.9817337 2.488604
v -0.6941905 1.202373 2.488604
v -0.3593395 1.341073 2.488604
v -1.362874 0.3651808 2.500534
v -1.221919 0.7054752 2.500534
v -0.9976925 0.9976925 2.500534
v -0.7054752 1.221919 2.500534
v -0.3651809 1.362874 2.500534
v -1.391562 0.372868 2.489708
v -1.247641 0.7203258 2.489708
v -1.018694 1.018694 2.489708
v -0.7203256 1.247641 2.489708
v -0.3728681 1.391562 2.489708
v -1.420468 0.3806131 2.455766
v -1.273556 0.7352883 2.455766
v -1.039855 1.039855 2.455766
v -0.7352881 1.273556 2.455766
v -0.3806132 1.420468 2.455766
v -1.448889 0.3882286 2.4
v -1.299038 0.75 2.4
v -1.06066 1.06066 2.4
v -0.7499999 1.299038 2.4
v -0.3882286 1.448889 2.4
v -1.563459 -0.4189275 2.136769
v -1.401759 -0.8093058 2.136769
v -1.144531 -1.144531 2.136769
v -0.8093057 -1.401759 2.136769
v -0.4189276 -1.563459 2.136769
v 7.075175e-8 -1.618612 2.136769
v -1.726324 0 1.87557
v -1.6675 -0.4468054 1.87557
v -1.49504 -0.8631618 1.87557
v -1.220695 -1.220695 1.87557
v -0.8631617 -1.49504 1.87557
v -0.4468055 -1.6675 1.87557
v 7.546001e-8 -1.726324 1.87557
v -1.824206 0 1.619779
v -1.762047 -0.4721392 1.619779
v -1.579809 -0.9121029 1.619779
v -1.289908 -1.289908 1.619779
v -0.9121029 -1.579809 1.619779
v -0.4721393 -1.762047 1.619779
v 7.973857e-8 -1.824206 1.619779
v -1.909458 0 1.371118
v -1.844395 -0.4942041 1.371118
v -1.653639 -0.9547292 1.371118
v -1.350191 -1.350191 1.371118
v -0.9547291 -1.653639 1.371118
v -0.4942042 -1.844395 1.371118
v 8.346508e-8 -1.909458 1.371118
v -1.973491 0 1.130687
v -1.906246 -0.510777 1.130687
v -1.709093 -0.9867454 1.130687
v -1.395469 -1.395469 1.130687
v -0.9867454 -1.709093 1.130687
v -0.5107771 -1.906246 1.130687
v 8.626402e-8 -1.973491 1.130687
v -1.931852 -0.5176381 0.9
v -1.732051 -1 0.9
v -1.414214 -1.414214 0.9
v -0.9999999 -1.732051 0.9
v -0.5176381 -1.931852 0.9
v 8.742278e-8 -2 0.9
v 0.4189275 -1.563459 2.136769
v 0.8093058 -1.401759 2.136769
v 1.144531 -1.144531 2.136769
v 1.401759 -0.8093057 2.136769
v 1.563459 -0.4189276 2.136769
v 1.618612 7.075175e-8 2.136769
v 0.4468054 -1.6675 1.87557
v 0.8631618 -1.49504 1.87557
v 1.220695 -1.220695 1.87557
v 1.49504 -0.8631617 1.87557
v 1.6675 -0.4468055 1.87557
v 1.726324 7.546001e-8 1.87557
v 0.4721392 -1.762047 1.619779
v 0.9121029 -1.579809 1.619779
v 1.289908 -1.289908 1.619779
v 1.579809 -0.9121029 1.619779
v 1.762047 -0.4721393 1.619779
v 1.824206 7.973857e-8 1.619779
v 0.4942041 -1.844395 1.371118
v 0.9547292 -1.653639 1.371118
v 1.350191 -1.350191 1.371118
v 1.653639 -0.9547291 1.371118
v 1.844395 -0.4942042 1.371118
v 0.510777 -1.906246 1.130687
v 0.9867454 -1.709093 1.130687
v 1.395469 -1.395469 1.130687
v 1.709093 -0.9867454 1.130687
v 0.5176381 -1.931852 0.9
v 1 -1.732051 0.9
v 1.414214 -1.414214 0.9
v 1.732051 -0.9999999 0.9
v 1.931852 -0.5176381 0.9
v 0 1.618612 2.136769
v 0.4189275 1.563459 2.136769
v 0.8093058 1.401759 2.136769
v 1.144531 1.144531 2.136769
v 1.401759 0.8093057 2.136769
v 1.563459 0.4189276 2.136769
v 0 1.726324 1.87557
v 0.4468054 1.6675 1.87557
v 0.8631618 1.49504 1.87557
v 1.220695 1.220695 1.87557
v 1.49504 0.8631617 1.87557
v 1.6675 0.4468055 1.87557
v 0 1.824206 1.619779
v 0.4721392 1.762047 1.619779
v 0.9121029 1.579809 1.619779
v 1.289908 1.289908 1.619779
v 1.579809 0.9121029 1.619779
v 1.762047 0.4721393 1.619779
v 0 1.909458 1.371118
v 0.4942041 1.844395 1.371118
v 0.9547292 1.653639 1.371118
v 1.350191 1.350191 1.371118
v 1.653639 0.9547291 1.371118
v 1.844395 0.4942042 1.371118
v 0 1.973491 1.130687
v 0.510777 1.906246 1.130687
v 0.9867454 1.709093 1.130687
v 1.395469 1.395469 1.130687
v 1.709093 0.9867454 1.130687
v 0 2 0.9
v 0.5176381 1.931852 0.9
v 1 1.732051 0.9
v 1.414214 1.414214 0.9
v 1.732051 0.9999999 0.9
v 1.931852 0.5176381 0.9
v -1.563459 0.4189275 2.136769
v -1.401759 0.8093058 2.136769
v -1.144531 1.144531 2.136769
v -0.8093057 1.401759 2.136769
v -0.4189276 1.563459 2.136769
v -1.6675 0.4468054 1.87557
v -1.49504 0.8631618 1.87557
v -1.220695 1.220695 1.87557
v -0.8631617 1.49504 1.87557
v -0.4468055 1.6675 1.87557
v -1.762047 0.4721392 1.619779
v -1.579809 0.9121029 1.619779
v -1.289908 1.289908 1.619779
v -0.9121029 1.579809 1.619779
v -0.4721393 1.762047 1.619779
v -1.844395 0.4942041 1.371118
v -1.653639 0.9547292 1.371118
v -1.350191 1.350191 1.371118
v -0.9547291 1.653639 1.371118
v -0.4942042 1.844395 1.371118
v -1.906246 0.510777 1.130687
v -1.709093 0.9867454 1.130687
v -1.395469 1.395469 1.130687
v -0.9867454 1.709093 1.130687
v -0.5107771 1.906246 1.130687
v -1.931852 0.5176381 0.9
v -1.732051 1 0.9
v -1.414214 1.414214 0.9
v -0.9999999 1.732051 0.9
v -0.5176381 1.931852 0.9
v -1.901899 -0.5096124 0.6934028
v -1.705196 -0.9844954 0.6934028
v -1.392287 -1.392287 0.6934028
v -0.9844954 -1.705196 0.6934028
v -0.5096124 -1.901899 0.6934028
v 8.606732e-8 -1.968991 0.6934028
v -1.882716 0 0.5222221
v -1.818564 -0.4872827 0.5222221
v -1.630479 -0.9413579 0.5222221
v -1.331281 -1.331281 0.5222221
v -0.9413577 -1.63048 0.5222221
v -0.4872828 -1.818564 0.5222221
v 8.229612e-8 -1.882716 0.5222221
v -1.761719 0 0.384375
v -1.70169 -0.4559664 0.384375
v -1.525693 -0.8808594 0.384375
v -1.245723 -1.245723 0.384375
v -0.8808594 -1.525693 0.384375
v -0.4559664 -1.70169 0.384375
v 7.700717e-8 -1.761719 0.384375
v -1.635802 0 0.2777778
v -1.580064 -0.4233769 0.2777778
v -1.416646 -0.8179012 0.2777778
v -1.156687 -1.156687 0.2777778
v -0.8179012 -1.416646 0.2777778
v -0.4233769 -1.580064 0.2777778
v 7.15032e-8 -1.635802 0.2777778
v -1.538243 0 0.2003472
v -1.485828 -0.3981265 0.2003472
v -1.332157 -0.7691214 0.2003472
v -1.087702 -1.087702 0.2003472
v -0.7691213 -1.332157 0.2003472
v -0.3981265 -1.485828 0.2003472
v 6.723872e-8 -1.538243 0.2003472
v -1.5 0 0.15
v -1.448889 -0.3882286 0.15
v -1.299038 -0.75 0.15
v -1.06066 -1.06066 0.15
v -0.7499999 -1.299038 0.15
v -0.3882286 -1.448889 0.15
v 6.556708e-8 -1.5 0.15
v 0.5096124 -1.901899 0.6934028
v 0.9844954 -1.705196 0.6934028
v 1.392287 -1.392287 0.6934028
v 1.705196 -0.9844954 0.6934028
v 1.901899 -0.5096124 0.6934028
v 0.4872827 -1.818564 0.5222221
v 0.9413579 -1.630479 0.5222221
v 1.331281 -1.331281 0.5222221
v 1.63048 -0.9413577 0.5222221
v 1.818564 -0.4872828 0.5222221
v 1.882716 8.229612e-8 0.5222221
v 0.4559664 -1.70169 0.384375
v 0.8808594 -1.525693 0.384375
v 1.245723 -1.245723 0.384375
v 1.525693 -0.8808594 0.384375
v 1.70169 -0.4559664 0.384375
v 1.761719 7.700717e-8 0.384375
v 0.4233769 -1.580064 0.2777778
v 0.8179012 -1.416646 0.2777778
v 1.156687 -1.156687 0.2777778
v 1.416646 -0.8179012 0.2777778
v 1.580064 -0.4233769 0.2777778
v 1.635802 7.15032e-8 0.2777778
v 0.3981265 -1.485828 0.2003472
v 0.7691214 -1.332157 0.2003472
v 1.087702 -1.087702 0.2003472
v 1.332157 -0.7691213 0.2003472
v 1.485828 -0.3981265 0.2003472
v 1.538243 6.723872e-8 0.2003472
v 0.3882286 -1.448889 0.15
v 0.75 -1.299038 0.15
v 1.06066 -1.06066 0.15
v 1.299038 -0.7499999 0.15
v 1.448889 -0.3882286 0.15
v 1.5 6.556708e-8 0.15
v 0 1.968991 0.6934028
v 0.5096124 1.901899 0.6934028
v 0.9844954 1.705196 0.6934028
v 1.392287 1.392287 0.6934028
v 1.705196 0.9844954 0.6934028
v 1.901899 0.5096124 0.6934028
v 0 1.882716 0.5222221
v 0.4872827 1.818564 0.5222221
v 0.9413579 1.630479 0.5222221
v 1.331281 1.331281 0.5222221
v 1.63048 0.9413577 0.5222221
v 1.818564 0.4872828 0.5222221
v 0 1.761719 0.384375
v 0.4559664 1.70169 0.384375
v 0.8808594 1.525693 0.384375
v 1.245723 1.245723 0.384375
v 1.525693 0.8808594 0.384375
v 1.70169 0.4559664 0.384375
v 0 1.635802 0.2777778
v 0.4233769 1.580064 0.2777778
v 0.8179012 1.416646 0.2777778
v 1.156687 1.156687 0.2777778
v 1.416646 0.8179012 0.2777778
v 1.580064 0.4233769 0.2777778
v 0 1.538243 0.2003472
v 0.3981265 1.485828 0.2003472
v 0.7691214 1.332157 0.2003472
v 1.087702 1.087702 0.2003472
v 1.332157 0.7691213 0.2003472
v 1.485828 0.3981265 0.2003472
v 0 1.5 0.15
v 0.3882286 1.448889 0.15
v 0.75 1.299038 0.15
v 1.06066 1.06066 0.15
v 1.299038 0.7499999 0.15
v 1.448889 0.3882286 0.15
v -1.901899 0.5096124 0.6934028
v -1.705196 0.9844954 0.6934028
v -1.392287 1.392287 0.6934028
v -0.9844954 1.705196 0.6934028
v -0.5096124 1.901899 0.6934028
v -1.818564 0.4872827 0.5222221
v -1.630479 0.9413579 0.5222221
v -1.331281 1.331281 0.5222221
v -0.9413577 1.63048 0.5222221
v -0.4872828 1.818564 0.5222221
v -1.70169 0.4559664 0.384375
v -1.525693 0.8808594 0.384375
v -1.245723 1.245723 0.384375
v -0.8808594 1.525693 0.384375
v -0.4559664 1.70169 0.384375
v -1.580064 0.4233769 0.2777778
v -1.416646 0.8179012 0.2777778
v -1.156687 1.156687 0.2777778
v -0.8179012 1.416646 0.2777778
v -0.4233769 1.580064 0.2777778
v -1.485828 0.3981265 0.2003472
v -1.332157 0.7691214 0.2003472
v -1.087702 1.087702 0.2003472
v -0.7691213 1.332157 0.2003472
v -0.3981265 1.485828 0.2003472
v -1.448889 0.3882286 0.15
v -1.299038 0.75 0.15
v -1.06066 1.06066 0.15
v -0.7499999 1.299038 0.15
v -0.3882286 1.448889 0.15
v -1.487847 0 0.1128472
v -1.43715 -0.3850832 0.1128472
v -1.288513 -0.7439236 0.1128472
v -1.052067 -1.052067 0.1128472
v -0.7439235 -1.288514 0.1128472
v -0.3850832 -1.43715 0.1128472
v 6.503586e-8 -1.487847 0.1128472
v -1.427778 0 0.07777777
v -1.379127 -0.369536 0.07777777
v -1.236492 -0.7138888 0.07777777
v -1.009591 -1.009591 0.07777777
v -0.7138888 -1.236492 0.07777777
v -0.369536 -1.379127 0.07777777
v 6.241014e-8 -1.427778 0.07777777
v -1.284375 0 0.046875
v -1.240611 -0.3324207 0.046875
v -1.112301 -0.6421875 0.046875
v -0.9081903 -0.9081903 0.046875
v -0.6421875 -1.112301 0.046875
v -0.3324207 -1.240611 0.046875
v 5.614181e-8 -1.284375 0.046875
v -1.022222 0 0.02222222
v -0.9873908 -0.2645705 0.02222222
v -0.8852704 -0.5111111 0.02222222
v -0.7228202 -0.7228202 0.02222222
v -0.511111 -0.8852704 0.02222222
v -0.2645706 -0.9873908 0.02222222
v 4.468275e-8 -1.022222 0.02222222
v -0.6059028 0 0.005902779
v -0.5852572 -0.1568192 0.005902779
v -0.5247272 -0.3029514 0.005902779
v -0.4284379 -0.4284379 0.005902779
v -0.3029514 -0.5247273 0.005902779
v -0.1568192 -0.5852572 0.005902779
v 2.648486e-8 -0.6059028 0.005902779
v 0 0 0
v 0.3850832 -1.43715 0.1128472
v 0.7439236 -1.288513 0.1128472
v 1.052067 -1.052067 0.1128472
v 1.288514 -0.7439235 0.1128472
v 1.43715 -0.3850832 0.1128472
v 1.487847 6.503586e-8 0.1128472
v 0.369536 -1.379127 0.07777777
v 0.7138888 -1.236492 0.07777777
v 1.009591 -1.009591 0.07777777
v 1.236492 -0.7138888 0.07777777
v 1.379127 -0.369536 0.07777777
v 1.427778 6.241014e-8 0.07777777
v 0.3324207 -1.240611 0.046875
v 0.6421875 -1.112301 0.046875
v 0.9081903 -0.9081903 0.046875
v 1.112301 -0.6421875 0.046875
v 1.240611 -0.3324207 0.046875
v 1.284375 5.614181e-8 0.046875
v 0.2645705 -0.9873908 0.02222222
v 0.5111111 -0.8852704 0.02222222
v 0.7228202 -0.7228202 0.02222222
v 0.8852704 -0.511111 0.02222222
v 0.9873908 -0.2645706 0.02222222
v 1.022222 4.468275e-8 0.02222222
v 0.1568192 -0.5852572 0.005902779
v 0.3029514 -0.5247272 0.005902779
v 0.4284379 -0.4284379 0.005902779
v 0.5247273 -0.3029514 0.005902779
v 0.5852572 -0.1568192 0.005902779
v 0.6059028 2.648486e-8 0.005902779
v 0 1.487847 0.1128472
v 0.3850832 1.43715 0.1128472
v 0.7439236 1.288513 0.1128472
v 1.052067 1.052067 0.1128472
v 1.288514 0.7439235 0.1128472
v 1.43715 0.3850832 0.1128472
v 0 1.427778 0.07777777
v 0.369536 1.379127 0.07777777
v 0.7138888 1.236492 0.07777777
v 1.009591 1.009591 0.07777777
v 1.236492 0.7138888 0.07777777
v 1.379127 0.369536 0.07777777
v 0 1.284375 0.046875
v 0.3324207 1.240611 0.046875
v 0.6421875 1.112301 0.046875
v 0.9081903 0.9081903 0.046875
v 1.112301 0.6421875 0.046875
v 1.240611 0.3324207 0.046875
v 0 1.022222 0.02222222
v 0.2645705 0.9873908 0.02222222
v 0.5111111 0.8852704 0.02222222
v 0.7228202 0.7228202 0.02222222
v 0.8852704 0.511111 0.02222222
v 0.9873908 0.2645706 0.02222222
v 0 0.6059028 0.005902779
v 0.1568192 0.5852572 0.005902779
v 0.3029514 0.5247272 0.005902779
v 0.4284379 0.4284379 0.005902779
v 0.5247273 0.3029514 0.005902779
v 0.5852572 0.1568192 0.005902779
v -1.43715 0.3850832 0.1128472
v -1.288513 0.7439236 0.1128472
v -1.052067 1.052067 0.1128472
v -0.7439235 1.288514 0.1128472
v -0.3850832 1.43715 0.1128472
v -1.379127 0.369536 0.07777777
v -1.236492 0.7138888 0.07777777
v -1.009591 1.009591 0.07777777
v -0.7138888 1.236492 0.07777777
v -0.369536 1.379127 0.07777777
v -1.240611 0.3324207 0.046875
v -1.112301 0.6421875 0.046875
v -0.9081903 0.9081903 0.046875
v -0.6421875 1.112301 0.046875
v -0.3324207 1.240611 0.046875
v -0.9873908 0.2645705 0.02222222
v -0.8852704 0.5111111 0.02222222
v -0.7228202 0.7228202 0.02222222
v -0.511111 0.8852704 0.02222222
v -0.2645706 0.9873908 0.02222222
v -0.5852572 0.1568192 0.005902779
v -0.5247272 0.3029514 0.005902779
v -0.4284379 0.4284379 0.005902779
v -0.3029514 0.5247273 0.005902779
v -0.1568192 0.5852572 0.005902779
v 2.088619 0 1.358322
v 2.097738 -0.1577469 1.324413
v 2.120486 -0.2523744 1.239648
v 2.149992 -0.2838927 1.129472
v 2.179455 -0.2523262 1.019316
v 2.202102 -0.157694 0.9345913
v 2.211158 0 0.9007031
v 2.311105 0 1.514838
v 2.324604 -0.1401643 1.48944
v 2.358102 -0.2241569 1.425978
v 2.40131 -0.2520307 1.343575
v 2.444301 -0.22391 1.261271
v 2.477285 -0.139893 1.198013
v 2.490464 0 1.172719
v 2.430471 0 1.727168
v 2.445912 -0.1170503 1.710687
v 2.484042 -0.1870793 1.669544
v 2.532964 -0.2101872 1.616242
v 2.581473 -0.1866104 1.563131
v 2.618626 -0.1165351 1.522375
v 2.63346 0 1.506091
v 2.511121 0 1.964368
v 2.528239 -0.09255096 1.955964
v 2.570537 -0.1478695 1.935018
v 2.624843 -0.1660614 1.907983
v 2.678715 -0.1473756 1.881148
v 2.719984 -0.09200818 1.86061
v 2.736462 0 1.852414
v 2.615375 0 2.197051
v 2.636268 -0.07179029 2.194603
v 2.688259 -0.114761 2.188515
v 2.755514 -0.1289636 2.180696
v 2.822556 -0.1145198 2.172975
v 2.874044 -0.07152528 2.167086
v 2.894626 0 2.16474
v 2.8 0 2.4
v 3.2 0 2.4
v 1.906706 0 1.325182
v 1.892076 -0.1614973 1.284271
v 1.898326 -0.1963349 1.251069
v 1.904227 -0.2583535 1.190928
v 1.923072 -0.2824439 1.101377
v 1.923369 -0.2904937 1.070564
v 1.93249 -0.2583393 0.9475967
v 1.932861 -0.2562037 0.9455765
v 1.913464 -0.1618939 0.8446995
v 1.927668 0 0.8102628
v 1.824925 3.719777e-8 1.325057
v 1.780692 7.78365e-8 1.392921
v 1.815683 -0.1676161 1.283243
v 1.77484 -0.2078998 1.332282
v 1.825031 -0.2042043 1.247418
v 1.786172 -0.2511431 1.284304
v 1.834849 -0.2708304 1.183516
v 1.800368 -0.3281488 1.200343
v 1.858824 -0.2974511 1.089232
v 1.829734 -0.3554309 1.086622
v 1.860585 -0.3065414 1.057835
v 1.83316 -0.3644601 1.049934
v 1.877503 -0.2769056 0.9304332
v 1.856614 -0.3268226 0.9028572
v 1.878052 -0.2747413 0.9281396
v 1.857305 -0.3243033 0.9
v 1.868571 -0.1770615 0.8208987
v 1.851383 -0.2068951 0.7777086
v 1.886791 0 0.7803631
v 1.870279 0 0.7299868
v 2.097738 0.1577469 1.324413
v 2.120486 0.2523744 1.239648
v 2.149992 0.2838927 1.129472
v 2.179455 0.2523262 1.019316
v 2.202102 0.157694 0.9345913
v 2.324604 0.1401643 1.48944
v 2.358102 0.2241569 1.425978
v 2.40131 0.2520307 1.343575
v 2.444301 0.22391 1.261271
v 2.477285 0.139893 1.198013
v 2.445912 0.1170503 1.710687
v 2.484042 0.1870793 1.669544
v 2.532964 0.2101872 1.616242
v 2.581473 0.1866104 1.563131
v 2.618626 0.1165351 1.522375
v 2.528239 0.09255096 1.955964
v 2.570537 0.1478695 1.935018
v 2.624843 0.1660614 1.907983
v 2.678715 0.1473756 1.881148
v 2.719984 0.09200818 1.86061
v 2.636268 0.07179029 2.194603
v 2.688259 0.114761 2.188515
v 2.755514 0.1289636 2.180696
v 2.822556 0.1145198 2.172975
v 2.874044 0.07152528 2.167086
v 2.82963 0.0625 2.4
v 2.903703 0.1 2.4
v 3 0.1125 2.4
v 3.096296 0.1 2.4
v 3.170371 0.06250001 2.4
v 1.892076 0.1614973 1.284271
v 1.898326 0.1963349 1.251069
v 1.904227 0.2583535 1.190928
v 1.923072 0.2824439 1.101377
v 1.923369 0.2904937 1.070564
v 1.93249 0.2583393 0.9475967
v 1.932861 0.2562037 0.9455765
v 1.913464 0.1618939 0.8446995
v 1.815683 0.1676161 1.283243
v 1.77484 0.2078998 1.332282
v 1.825031 0.2042043 1.247418
v 1.786172 0.2511431 1.284304
v 1.834849 0.2708304 1.183516
v 1.800368 0.3281488 1.200343
v 1.858824 0.2974511 1.089232
v 1.829734 0.3554309 1.086622
v 1.860585 0.3065414 1.057835
v 1.83316 0.3644601 1.049934
v 1.877503 0.2769056 0.9304332
v 1.856614 0.3268226 0.9028572
v 1.878052 0.2747413 0.9281396
v 1.857305 0.3243033 0.9
v 1.868571 0.1770615 0.8208987
v 1.851383 0.2068951 0.7777086
v 0 0 0.18
v -0.3526318 0 0.1805734
v -0.3406162 -0.09126782 0.1805734
v -0.3053881 -0.1763159 0.1805734
v -0.2493483 -0.2493483 0.1805734
v -0.1763159 -0.3053881 0.1805734
v -0.09126783 -0.3406162 0.1805734
v 1.541402e-8 -0.3526318 0.1805734
v -0.6214746 0 0.1835355
v -0.6002983 -0.1608495 0.1835355
v -0.5382128 -0.3107373 0.1835355
v -0.4394489 -0.4394489 0.1835355
v -0.3107373 -0.5382128 0.1835355
v -0.1608495 -0.6002983 0.1835355
v 2.716552e-8 -0.6214746 0.1835355
v -0.8235809 0 0.1891729
v -0.795518 -0.2131584 0.1891729
v -0.7132419 -0.4117905 0.1891729
v -0.5823596 -0.5823596 0.1891729
v -0.4117904 -0.7132419 0.1891729
v -0.2131585 -0.795518 0.1891729
v 3.599986e-8 -0.8235809 0.1891729
v -0.9762828 0 0.197071
v -0.9430167 -0.2526806 0.197071
v -0.8454856 -0.4881414 0.197071
v -0.6903361 -0.6903361 0.197071
v -0.4881414 -0.8454857 0.197071
v -0.2526806 -0.9430167 0.197071
v 4.267467e-8 -0.9762828 0.197071
v -1.096492 0 0.2078667
v -1.05913 -0.2837931 0.2078667
v -0.94959 -0.5482461 0.2078667
v -0.7753371 -0.7753371 0.2078667
v -0.5482461 -0.9495901 0.2078667
v -0.2837931 -1.05913 0.2078667
v 4.79292e-8 -1.096492 0.2078667
v -1.2 0 0.225
v -1.159111 -0.3105829 0.225
v -1.03923 -0.6 0.225
v -0.8485281 -0.8485281 0.225
v -0.6 -1.039231 0.225
v -0.3105829 -1.159111 0.225
v 5.245367e-8 -1.2 0.225
v 0.09126782 -0.3406162 0.1805734
v 0.1763159 -0.3053881 0.1805734
v 0.2493483 -0.2493483 0.1805734
v 0.3053881 -0.1763159 0.1805734
v 0.3406162 -0.09126783 0.1805734
v 0.3526318 1.541402e-8 0.1805734
v 0.1608495 -0.6002983 0.1835355
v 0.3107373 -0.5382128 0.1835355
v 0.4394489 -0.4394489 0.1835355
v 0.5382128 -0.3107373 0.1835355
v 0.6002983 -0.1608495 0.1835355
v 0.6214746 2.716552e-8 0.1835355
v 0.2131584 -0.795518 0.1891729
v 0.4117905 -0.7132419 0.1891729
v 0.5823596 -0.5823596 0.1891729
v 0.7132419 -0.4117904 0.1891729
v 0.795518 -0.2131585 0.1891729
v 0.8235809 3.599986e-8 0.1891729
v 0.2526806 -0.9430167 0.197071
v 0.4881414 -0.8454856 0.197071
v 0.6903361 -0.6903361 0.197071
v 0.8454857 -0.4881414 0.197071
v 0.9430167 -0.2526806 0.197071
v 0.9762828 4.267467e-8 0.197071
v 0.2837931 -1.05913 0.2078667
v 0.5482461 -0.94959 0.2078667
v 0.7753371 -0.7753371 0.2078667
v 0.9495901 -0.5482461 0.2078667
v 1.05913 -0.2837931 0.2078667
v 1.096492 4.79292e-8 0.2078667
v 0.3105829 -1.159111 0.225
v 0.6 -1.03923 0.225
v 0.8485281 -0.8485281 0.225
v 1.039231 -0.6 0.225
v 1.159111 -0.3105829 0.225
v 1.2 5.245367e-8 0.225
v 0 0.3526318 0.1805734
v 0.09126782 0.3406162 0.1805734
v 0.1763159 0.3053881 0.1805734
v 0.2493483 0.2493483 0.1805734
v 0.3053881 0.1763159 0.1805734
v 0.3406162 0.09126783 0.1805734
v 0 0.6214746 0.1835355
v 0.1608495 0.6002983 0.1835355
v 0.3107373 0.5382128 0.1835355
v 0.4394489 0.4394489 0.1835355
v 0.5382128 0.3107373 0.1835355
v 0.6002983 0.1608495 0.1835355
v 0 0.8235809 0.1891729
v 0.2131584 0.795518 0.1891729
v 0.4117905 0.7132419 0.1891729
v 0.5823596 0.5823596 0.1891729
v 0.7132419 0.4117904 0.1891729
v 0.795518 0.2131585 0.1891729
v 0 0.9762828 0.197071
v 0.2526806 0.9430167 0.197071
v 0.4881414 0.8454856 0.197071
v 0.6903361 0.6903361 0.197071
v 0.8454857 0.4881414 0.197071
v 0.9430167 0.2526806 0.197071
v 0 1.096492 0.2078667
v 0.2837931 1.05913 0.2078667
v 0.5482461 0.94959 0.2078667
v 0.7753371 0.7753371 0.2078667
v 0.9495901 0.5482461 0.2078667
v 1.05913 0.2837931 0.2078667
v 0 1.2 0.225
v 0.3105829 1.159111 0.225
v 0.6 1.03923 0.225
v 0.8485281 0.8485281 0.225
v 1.039231 0.6 0.225
v 1.159111 0.3105829 0.225
v -0.3406162 0.09126782 0.1805734
v -0.3053881 0.1763159 0.1805734
v -0.2493483 0.2493483 0.1805734
v -0.1763159 0.3053881 0.1805734
v -0.09126783 0.3406162 0.1805734
v -0.6002983 0.1608495 0.1835355
v -0.5382128 0.3107373 0.1835355
v -0.4394489 0.4394489 0.1835355
v -0.3107373 0.5382128 0.1835355
v -0.1608495 0.6002983 0.1835355
v -0.795518 0.2131584 0.1891729
v -0.7132419 0.4117905 0.1891729
v -0.5823596 0.5823596 0.1891729
v -0.4117904 0.7132419 0.1891729
v -0.2131585 0.795518 0.1891729
v -0.9430167 0.2526806 0.197071
v -0.8454856 0.4881414 0.197071
v -0.6903361 0.6903361 0.197071
v -0.4881414 0.8454857 0.197071
v -0.2526806 0.9430167 0.197071
v -1.05913 0.2837931 0.2078667
v -0.94959 0.5482461 0.2078667
v -0.7753371 0.7753371 0.2078667
v -0.5482461 0.9495901 0.2078667
v -0.2837931 1.05913 0.2078667
v -1.159111 0.3105829 0.225
v -1.03923 0.6 0.225
v -0.8485281 0.8485281 0.225
v -0.6 1.039231 0.225
v -0.3105829 1.159111 0.225
v -1.323203 0 0.2617166
v -1.278116 -0.3424702 0.2617166
v -1.145928 -0.6616017 0.2617166
v -0.9356461 -0.9356461 0.2617166
v -0.6616017 -1.145928 0.2617166
v -0.3424703 -1.278116 0.2617166
v 5.783905e-8 -1.323203 0.2617166
v -1.477892 0 0.3295957
v -1.427534 -0.3825066 0.3295957
v -1.279892 -0.738946 0.3295957
v -1.045027 -1.045027 0.3295957
v -0.7389459 -1.279892 0.3295957
v -0.3825067 -1.427534 0.3295957
v 6.460071e-8 -1.477892 0.3295957
v -1.637861 0 0.4295772
v -1.582052 -0.4239096 0.4295772
v -1.418429 -0.8189304 0.4295772
v -1.158143 -1.158143 0.4295772
v -0.8189304 -1.418429 0.4295772
v -0.4239096 -1.582052 0.4295772
v 7.159317e-8 -1.637861 0.4295772
v -1.775764 0 0.5597979
v -1.715257 -0.4596016 0.5597979
v -1.537857 -0.8878821 0.5597979
v -1.255655 -1.255655 0.5597979
v -0.8878821 -1.537857 0.5597979
v -0.4596017 -1.715257 0.5597979
v 7.762112e-8 -1.775764 0.5597979
v -1.868068 0 0.7173433
v -1.804416 -0.4834918 0.7173433
v -1.617795 -0.9340342 0.7173433
v -1.320924 -1.320924 0.7173433
v -0.9340342 -1.617795 0.7173433
v -0.4834918 -1.804416 0.7173433
v 8.165588e-8 -1.868068 0.7173433
v -1.9 0 0.9
v -1.835259 -0.4917562 0.9
v -1.645448 -0.95 0.9
v -1.343503 -1.343503 0.9
v -0.9499999 -1.645448 0.9
v -0.4917562 -1.835259 0.9
v 8.305164e-8 -1.9 0.9
v 0.3424702 -1.278116 0.2617166
v 0.6616017 -1.145928 0.2617166
v 0.9356461 -0.9356461 0.2617166
v 1.145928 -0.6616017 0.2617166
v 1.278116 -0.3424703 0.2617166
v 1.323203 5.783905e-8 0.2617166
v 0.3825066 -1.427534 0.3295957
v 0.738946 -1.279892 0.3295957
v 1.045027 -1.045027 0.3295957
v 1.279892 -0.7389459 0.3295957
v 1.427534 -0.3825067 0.3295957
v 1.477892 6.460071e-8 0.3295957
v 0.4239096 -1.582052 0.4295772
v 0.8189304 -1.418429 0.4295772
v 1.158143 -1.158143 0.4295772
v 1.418429 -0.8189304 0.4295772
v 1.582052 -0.4239096 0.4295772
v 1.637861 7.159317e-8 0.4295772
v 0.4596016 -1.715257 0.5597979
v 0.8878821 -1.537857 0.5597979
v 1.255655 -1.255655 0.5597979
v 1.537857 -0.8878821 0.5597979
v 1.715257 -0.4596017 0.5597979
v 1.775764 7.762112e-8 0.5597979
v 0.4834918 -1.804416 0.7173433
v 0.9340342 -1.617795 0.7173433
v 1.320924 -1.320924 0.7173433
v 1.617795 -0.9340342 0.7173433
v 1.804416 -0.4834918 0.7173433
v 1.868068 8.165588e-8 0.7173433
v 0.4917562 -1.835259 0.9
v 0.95 -1.645448 0.9
v 1.343503 -1.343503 0.9
v 1.645448 -0.9499999 0.9
v 1.835259 -0.4917562 0.9
v 0 1.323203 0.2617166
v 0.3424702 1.278116 0.2617166
v 0.6616017 1.145928 0.2617166
v 0.9356461 0.9356461 0.2617166
v 1.145928 0.6616017 0.2617166
v 1.278116 0.3424703 0.2617166
v 0 1.477892 0.3295957
v 0.3825066 1.427534 0.3295957
v 0.738946 1.279892 0.3295957
v 1.045027 1.045027 0.3295957
v 1.279892 0.7389459 0.3295957
v 1.427534 0.3825067 0.3295957
v 0 1.637861 0.4295772
v 0.4239096 1.582052 0.4295772
v 0.8189304 1.418429 0.4295772
v 1.158143 1.158143 0.4295772
v 1.418429 0.8189304 0.4295772
v 1.582052 0.4239096 0.4295772
v 0 1.775764 0.5597979
v 0.4596016 1.715257 0.5597979
v 0.8878821 1.537857 0.5597979
v 1.255655 1.255655 0.5597979
v 1.537857 0.8878821 0.5597979
v 1.715257 0.4596017 0.5597979
v 0 1.868068 0.7173433
v 0.4834918 1.804416 0.7173433
v 0.9340342 1.617795 0.7173433
v 1.320924 1.320924 0.7173433
v 1.617795 0.9340342 0.7173433
v 1.804416 0.4834918 0.7173433
v 0 1.9 0.9
v 0.4917562 1.835259 0.9
v 0.95 1.645448 0.9
v 1.343503 1.343503 0.9
v 1.645448 0.9499999 0.9
v 1.835259 0.4917562 0.9
v -1.278116 0.3424702 0.2617166
v -1.145928 0.6616017 0.2617166
v -0.9356461 0.9356461 0.2617166
v -0.6616017 1.145928 0.2617166
v -0.3424703 1.278116 0.2617166
v -1.427534 0.3825066 0.3295957
v -1.279892 0.738946 0.3295957
v -1.045027 1.045027 0.3295957
v -0.7389459 1.279892 0.3295957
v -0.3825067 1.427534 0.3295957
v -1.582052 0.4239096 0.4295772
v -1.418429 0.8189304 0.4295772
v -1.158143 1.158143 0.4295772
v -0.8189304 1.418429 0.4295772
v -0.4239096 1.582052 0.4295772
v -1.715257 0.4596016 0.5597979
v -1.537857 0.8878821 0.5597979
v -1.255655 1.255655 0.5597979
v -0.8878821 1.537857 0.5597979
v -0.4596017 1.715257 0.5597979
v -1.804416 0.4834918 0.7173433
v -1.617795 0.9340342 0.7173433
v -1.320924 1.320924 0.7173433
v -0.9340342 1.617795 0.7173433
v -0.4834918 1.804416 0.7173433
v -1.835259 0.4917562 0.9
v -1.645448 0.95 0.9
v -1.343503 1.343503 0.9
v -0.9499999 1.645448 0.9
v -0.4917562 1.835259 0.9
v -1.876528 0 1.086622
v -1.812587 -0.4856811 1.086622
v -1.62512 -0.9382638 1.086622
v -1.326905 -1.326905 1.086622
v -0.9382638 -1.625121 1.086622
v -0.4856811 -1.812587 1.086622
v 8.202563e-8 -1.876528 1.086622
v -1.819236 0 1.284304
v -1.757247 -0.4708529 1.284304
v -1.575504 -0.909618 1.284304
v -1.286394 -1.286394 1.284304
v -0.909618 -1.575505 1.284304
v -0.4708529 -1.757247 1.284304
v 7.952131e-8 -1.819236 1.284304
v -1.745617 0 1.491764
v -1.686136 -0.4517988 1.491765
v -1.511748 -0.8728083 1.491764
v -1.234337 -1.234337 1.491765
v -0.8728083 -1.511748 1.491764
v -0.4517988 -1.686136 1.491765
v 7.630332e-8 -1.745617 1.491764
v -1.667664 0 1.708608
v -1.61084 -0.4316232 1.708608
v -1.444239 -0.8338321 1.708608
v -1.179216 -1.179216 1.708608
v -0.8338321 -1.444239 1.708608
v -0.4316232 -1.61084 1.708608
v 7.289591e-8 -1.667664 1.708608
v -1.588668 0 1.933109
v -1.534535 -0.4111774 1.93311
v -1.375827 -0.7943339 1.933109
v -1.123358 -1.123358 1.933109
v -0.7943338 -1.375827 1.933109
v -0.4111775 -1.534535 1.93311
v 6.944286e-8 -1.588668 1.933109
v -1.5 0 2.16
v -1.448889 -0.3882286 2.16
v -1.299038 -0.75 2.16
v -1.06066 -1.06066 2.16
v -0.7499999 -1.299038 2.16
v -0.3882286 -1.448889 2.16
v 6.556708e-8 -1.5 2.16
v 0.4856811 -1.812587 1.086622
v 0.9382638 -1.62512 1.086622
v 1.326905 -1.326905 1.086622
v 1.625121 -0.9382638 1.086622
v 1.812587 -0.4856811 1.086622
v 0.4708529 -1.757247 1.284304
v 0.909618 -1.575504 1.284304
v 1.286394 -1.286394 1.284304
v 1.575505 -0.909618 1.284304
v 1.757247 -0.4708529 1.284304
v 0.4517988 -1.686136 1.491765
v 0.8728083 -1.511748 1.491764
v 1.234337 -1.234337 1.491765
v 1.511748 -0.8728083 1.491764
v 1.686136 -0.4517988 1.491765
v 1.745617 7.630332e-8 1.491764
v 0.4316232 -1.61084 1.708608
v 0.8338321 -1.444239 1.708608
v 1.179216 -1.179216 1.708608
v 1.444239 -0.8338321 1.708608
v 1.61084 -0.4316232 1.708608
v 1.667664 7.289591e-8 1.708608
v 0.4111774 -1.534535 1.93311
v 0.7943339 -1.375827 1.933109
v 1.123358 -1.123358 1.933109
v 1.375827 -0.7943338 1.933109
v 1.534535 -0.4111775 1.93311
v 1.588668 6.944286e-8 1.933109
v 0.3882286 -1.448889 2.16
v 0.75 -1.299038 2.16
v 1.06066 -1.06066 2.16
v 1.299038 -0.7499999 2.16
v 1.448889 -0.3882286 2.16
v 1.5 6.556708e-8 2.16
v 0 1.876528 1.086622
v 0.4856811 1.812587 1.086622
v 0.9382638 1.62512 1.086622
v 1.326905 1.326905 1.086622
v 1.625121 0.9382638 1.086622
v 1.812587 0.4856811 1.086622
v 0 1.819236 1.284304
v 0.4708529 1.757247 1.284304
v 0.909618 1.575504 1.284304
v 1.286394 1.286394 1.284304
v 1.575505 0.909618 1.284304
v 1.757247 0.4708529 1.284304
v 0 1.745617 1.491764
v 0.4517988 1.686136 1.491765
v 0.8728083 1.511748 1.491764
v 1.234337 1.234337 1.491765
v 1.511748 0.8728083 1.491764
v 1.686136 0.4517988 1.491765
v 0 1.667664 1.708608
v 0.4316232 1.61084 1.708608
v 0.8338321 1.444239 1.708608
v 1.179216 1.179216 1.708608
v 1.444239 0.8338321 1.708608
v 1.61084 0.4316232 1.708608
v 0 1.588668 1.933109
v 0.4111774 1.534535 1.93311
v 0.7943339 1.375827 1.933109
v 1.123358 1.123358 1.933109
v 1.375827 0.7943338 1.933109
v 1.534535 0.4111775 1.93311
v 0 1.5 2.16
v 0.3882286 1.448889 2.16
v 0.75 1.299038 2.16
v 1.06066 1.06066 2.16
v 1.299038 0.7499999 2.16
v 1.448889 0.3882286 2.16
v -1.812587 0.4856811 1.086622
v -1.62512 0.9382638 1.086622
v -1.326905 1.326905 1.086622
v -0.9382638 1.625121 1.086622
v -0.4856811 1.812587 1.086622
v -1.757247 0.4708529 1.284304
v -1.575504 0.909618 1.284304
v -1.286394 1.286394 1.284304
v -0.909618 1.575505 1.284304
v -0.4708529 1.757247 1.284304
v -1.686136 0.4517988 1.491765
v -1.511748 0.8728083 1.491764
v -1.234337 1.234337 1.491765
v -0.8728083 1.511748 1.491764
v -0.4517988 1.686136 1.491765
v -1.61084 0.4316232 1.708608
v -1.444239 0.8338321 1.708608
v -1.179216 1.179216 1.708608
v -0.8338321 1.444239 1.708608
v -0.4316232 1.61084 1.708608
v -1.534535 0.4111774 1.93311
v -1.375827 0.7943339 1.933109
v -1.123358 1.123358 1.933109
v -0.7943338 1.375827 1.933109
v -0.4111775 1.534535 1.93311
v -1.448889 0.3882286 2.16
v -1.299038 0.75 2.16
v -1.06066 1.06066 2.16
v -0.7499999 1.299038 2.16
v -0.3882286 1.448889 2.16
v -1.458651 0 2.233974
v -1.408948 -0.3775265 2.233974
v -1.263229 -0.7293253 2.233974
v -1.031422 -1.031422 2.233974
v -0.7293252 -1.263229 2.233974
v -0.3775265 -1.408948 2.233974
v 6.375964e-8 -1.458651 2.233974
v -1.402605 0 2.278059
v -1.354812 -0.3630209 2.278059
v -1.214692 -0.7013025 2.278059
v -0.9917915 -0.9917915 2.278059
v -0.7013025 -1.214692 2.278059
v -0.3630209 -1.354812 2.278059
v 6.130981e-8 -1.402605 2.278059
v -1.332317 0 2.299485
v -1.286919 -0.344829 2.299486
v -1.15382 -0.6661584 2.299485
v -0.9420903 -0.9420903 2.299485
v -0.6661583 -1.15382 2.299485
v -0.344829 -1.286919 2.299486
v 5.823741e-8 -1.332317 2.299485
v -1.263525 0 2.30903
v -1.220471 -0.3270243 2.30903
v -1.094245 -0.6317625 2.30903
v -0.8934469 -0.8934469 2.30903
v -0.6317623 -1.094245 2.309029
v -0.3270243 -1.220471 2.30903
v 5.523042e-8 -1.263525 2.30903
v -1.215619 0 2.318795
v -1.174198 -0.3146254 2.318795
v -1.052757 -0.6078095 2.318795
v -0.8595724 -0.8595724 2.318795
v -0.6078094 -1.052757 2.318795
v -0.3146254 -1.174198 2.318795
v 5.313639e-8 -1.215619 2.318795
v -1.2 0 2.34
v -1.159111 -0.3105829 2.34
v -1.03923 -0.6 2.34
v -0.8485281 -0.8485281 2.34
v -0.6 -1.039231 2.34
v -0.3105829 -1.159111 2.34
v 5.245367e-8 -1.2 2.34
v 0.3775265 -1.408948 2.233974
v 0.7293253 -1.263229 2.233974
v 1.031422 -1.031422 2.233974
v 1.263229 -0.7293252 2.233974
v 1.408948 -0.3775265 2.233974
v 1.458651 6.375964e-8 2.233974
v 0.3630209 -1.354812 2.278059
v 0.7013025 -1.214692 2.278059
v 0.9917915 -0.9917915 2.278059
v 1.214692 -0.7013025 2.278059
v 1.354812 -0.3630209 2.278059
v 1.402605 6.130981e-8 2.278059
v 0.344829 -1.286919 2.299486
v 0.6661584 -1.15382 2.299485
v 0.9420903 -0.9420903 2.299485
v 1.15382 -0.6661583 2.299485
v 1.286919 -0.344829 2.299486
v 1.332317 5.823741e-8 2.299485
v 0.3270243 -1.220471 2.30903
v 0.6317625 -1.094245 2.30903
v 0.8934469 -0.8934469 2.30903
v 1.094245 -0.6317623 2.309029
v 1.220471 -0.3270243 2.30903
v 1.263525 5.523042e-8 2.30903
v 0.3146254 -1.174198 2.318795
v 0.6078095 -1.052757 2.318795
v 0.8595724 -0.8595724 2.318795
v 1.052757 -0.6078094 2.318795
v 1.174198 -0.3146254 2.318795
v 1.215619 5.313639e-8 2.318795
v 0.3105829 -1.159111 2.34
v 0.6 -1.03923 2.34
v 0.8485281 -0.8485281 2.34
v 1.039231 -0.6 2.34
v 1.159111 -0.3105829 2.34
v 1.2 5.245367e-8 2.34
v 0 1.458651 2.233974
v 0.3775265 1.408948 2.233974
v 0.7293253 1.263229 2.233974
v 1.031422 1.031422 2.233974
v 1.263229 0.7293252 2.233974
v 1.408948 0.3775265 2.233974
v 0 1.402605 2.278059
v 0.3630209 1.354812 2.278059
v 0.7013025 1.214692 2.278059
v 0.9917915 0.9917915 2.278059
v 1.214692 0.7013025 2.278059
v 1.354812 0.3630209 2.278059
v 0 1.332317 2.299485
v 0.344829 1.286919 2.299486
v 0.6661584 1.15382 2.299485
v 0.9420903 0.9420903 2.299485
v 1.15382 0.6661583 2.299485
v 1.286919 0.344829 2.299486
v 0 1.263525 2.30903
v 0.3270243 1.220471 2.30903
v 0.6317625 1.094245 2.30903
v 0.8934469 0.8934469 2.30903
v 1.094245 0.6317623 2.309029
v 1.220471 0.3270243 2.30903
v 0 1.215619 2.318795
v 0.3146254 1.174198 2.318795
v 0.6078095 1.052757 2.318795
v 0.8595724 0.8595724 2.318795
v 1.052757 0.6078094 2.318795
v 1.174198 0.3146254 2.318795
v 0 1.2 2.34
v 0.3105829 1.159111 2.34
v 0.6 1.03923 2.34
v 0.8485281 0.8485281 2.34
v 1.039231 0.6 2.34
v 1.159111 0.3105829 2.34
v -1.408948 0.3775265 2.233974
v -1.263229 0.7293253 2.233974
v -1.031422 1.031422 2.233974
v -0.7293252 1.263229 2.233974
v -0.3775265 1.408948 2.233974
v -1.354812 0.3630209 2.278059
v -1.214692 0.7013025 2.278059
v -0.9917915 0.9917915 2.278059
v -0.7013025 1.214692 2.278059
v -0.3630209 1.354812 2.278059
v -1.286919 0.344829 2.299486
v -1.15382 0.6661584 2.299485
v -0.9420903 0.9420903 2.299485
v -0.6661583 1.15382 2.299485
v -0.344829 1.286919 2.299486
v -1.220471 0.3270243 2.30903
v -1.094245 0.6317625 2.30903
v -0.8934469 0.8934469 2.30903
v -0.6317623 1.094245 2.309029
v -0.3270243 1.220471 2.30903
v -1.174198 0.3146254 2.318795
v -1.052757 0.6078095 2.318795
v -0.8595724 0.8595724 2.318795
v -0.6078094 1.052757 2.318795
v -0.3146254 1.174198 2.318795
v -1.159111 0.3105829 2.34
v -1.03923 0.6 2.34
v -0.8485281 0.8485281 2.34
v -0.6 1.039231 2.34
v -0.3105829 1.159111 2.34
v -1.210764 0 2.365278
v -1.169508 -0.3133688 2.365278
v -1.048552 -0.6053819 2.365278
v -0.8561394 -0.8561394 2.365278
v -0.6053819 -1.048552 2.365278
v -0.3133688 -1.169508 2.365278
v 5.292417e-8 -1.210764 2.365278
v -1.235555 0 2.382222
v -1.193455 -0.3197853 2.382222
v -1.070022 -0.6177777 2.382222
v -0.8736696 -0.8736696 2.382222
v -0.6177777 -1.070022 2.382222
v -0.3197854 -1.193455 2.382222
v 5.400784e-8 -1.235555 2.382222
v -1.268125 0 2.3925
v -1.224915 -0.3282149 2.3925
v -1.098229 -0.6340626 2.3925
v -0.8966998 -0.8966998 2.3925
v -0.6340625 -1.098229 2.3925
v -0.328215 -1.224915 2.3925
v 5.543151e-8 -1.268125 2.3925
v -1.306667 0 2.397778
v -1.262143 -0.3381902 2.397778
v -1.131607 -0.6533333 2.397778
v -0.9239529 -0.9239529 2.397778
v -0.6533333 -1.131607 2.397778
v -0.3381903 -1.262143 2.397778
v 5.711621e-8 -1.306667 2.397778
v -1.351042 0 2.399722
v -1.305006 -0.3496753 2.399722
v -1.170036 -0.6755208 2.399722
v -0.9553307 -0.9553307 2.399722
v -0.6755208 -1.170036 2.399722
v -0.3496754 -1.305006 2.399722
v 5.90559e-8 -1.351042 2.399722
v 0.3133688 -1.169508 2.365278
v 0.6053819 -1.048552 2.365278
v 0.8561394 -0.8561394 2.365278
v 1.048552 -0.6053819 2.365278
v 1.169508 -0.3133688 2.365278
v 1.210764 5.292417e-8 2.365278
v 0.3197853 -1.193455 2.382222
v 0.6177777 -1.070022 2.382222
v 0.8736696 -0.8736696 2.382222
v 1.070022 -0.6177777 2.382222
v 1.193455 -0.3197854 2.382222
v 1.235555 5.400784e-8 2.382222
v 0.3282149 -1.224915 2.3925
v 0.6340626 -1.098229 2.3925
v 0.8966998 -0.8966998 2.3925
v 1.098229 -0.6340625 2.3925
v 1.224915 -0.328215 2.3925
v 1.268125 5.543151e-8 2.3925
v 0.3381902 -1.262143 2.397778
v 0.6533333 -1.131607 2.397778
v 0.9239529 -0.9239529 2.397778
v 1.131607 -0.6533333 2.397778
v 1.262143 -0.3381903 2.397778
v 1.306667 5.711621e-8 2.397778
v 0.3496753 -1.305006 2.399722
v 0.6755208 -1.170036 2.399722
v 0.9553307 -0.9553307 2.399722
v 1.170036 -0.6755208 2.399722
v 1.305006 -0.3496754 2.399722
v 1.351042 5.90559e-8 2.399722
v 0 1.210764 2.365278
v 0.3133688 1.169508 2.365278
v 0.6053819 1.048552 2.365278
v 0.8561394 0.8561394 2.365278
v 1.048552 0.6053819 2.365278
v 1.169508 0.3133688 2.365278
v 0 1.235555 2.382222
v 0.3197853 1.193455 2.382222
v 0.6177777 1.070022 2.382222
v 0.8736696 0.8736696 2.382222
v 1.070022 0.6177777 2.382222
v 1.193455 0.3197854 2.382222
v 0 1.268125 2.3925
v 0.3282149 1.224915 2.3925
v 0.6340626 1.098229 2.3925
v 0.8966998 0.8966998 2.3925
v 1.098229 0.6340625 2.3925
v 1.224915 0.328215 2.3925
v 0 1.306667 2.397778
v 0.3381902 1.262143 2.397778
v 0.6533333 1.131607 2.397778
v 0.9239529 0.9239529 2.397778
v 1.131607 0.6533333 2.397778
v 1.262143 0.3381903 2.397778
v 0 1.351042 2.399722
v 0.3496753 1.305006 2.399722
v 0.6755208 1.170036 2.399722
v 0.9553307 0.9553307 2.399722
v 1.170036 0.6755208 2.399722
v 1.305006 0.3496754 2.399722
v -1.169508 0.3133688 2.365278
v -1.048552 0.6053819 2.365278
v -0.8561394 0.8561394 2.365278
v -0.6053819 1.048552 2.365278
v -0.3133688 1.169508 2.365278
v -1.193455 0.3197853 2.382222
v -1.070022 0.6177777 2.382222
v -0.8736696 0.8736696 2.382222
v -0.6177777 1.070022 2.382222
v -0.3197854 1.193455 2.382222
v -1.224915 0.3282149 2.3925
v -1.098229 0.6340626 2.3925
v -0.8966998 0.8966998 2.3925
v -0.6340625 1.098229 2.3925
v -0.328215 1.224915 2.3925
v -1.262143 0.3381902 2.397778
v -1.131607 0.6533333 2.397778
v -0.9239529 0.9239529 2.397778
v -0.6533333 1.131607 2.397778
v -0.3381903 1.262143 2.397778
v -1.305006 0.3496753 2.399722
v -1.170036 0.6755208 2.399722
v -0.9553307 0.9553307 2.399722
v -0.6755208 1.170036 2.399722
v -0.3496754 1.305006 2.399722
v -1.240278 0 2.394445
v -1.198016 -0.3210075 2.394445
v -1.074112 -0.6201388 2.394445
v -0.8770086 -0.8770086 2.394445
v -0.6201388 -1.074112 2.394445
v -0.3210075 -1.198016 2.394445
v 5.421426e-8 -1.240278 2.394445
v -1.205555 0 2.380555
v -1.164477 -0.3120207 2.380555
v -1.044042 -0.6027777 2.380555
v -0.8524563 -0.8524563 2.380555
v -0.6027776 -1.044042 2.380555
v -0.3120207 -1.164477 2.380555
v 5.26965e-8 -1.205555 2.380555
v -1.1875 0 2.3625
v -1.147037 -0.3073477 2.3625
v -1.028405 -0.5937501 2.3625
v -0.8396893 -0.8396893 2.3625
v -0.59375 -1.028405 2.3625
v -0.3073477 -1.147037 2.3625
v 5.190727e-8 -1.1875 2.3625
v -1.177778 0 2.344444
v -1.137646 -0.3048314 2.344444
v -1.019985 -0.5888889 2.344444
v -0.8328147 -0.8328147 2.344444
v -0.5888889 -1.019985 2.344444
v -0.3048314 -1.137646 2.344444
v 5.148231e-8 -1.177778 2.344444
v -1.168056 0 2.330555
v -1.128255 -0.302315 2.330555
v -1.011566 -0.5840278 2.330555
v -0.82594 -0.82594 2.330555
v -0.5840278 -1.011566 2.330555
v -0.3023151 -1.128255 2.330555
v 5.105733e-8 -1.168056 2.330555
v -1.15 0 2.325
v -1.110815 -0.2976419 2.325
v -0.9959292 -0.575 2.325
v -0.8131728 -0.8131728 2.325
v -0.5749999 -0.9959292 2.325
v -0.2976419 -1.110815 2.325
v 5.02681e-8 -1.15 2.325
v 0.3210075 -1.198016 2.394445
v 0.6201388 -1.074112 2.394445
v 0.8770086 -0.8770086 2.394445
v 1.074112 -0.6201388 2.394445
v 1.198016 -0.3210075 2.394445
v 1.240278 5.421426e-8 2.394445
v 0.3120207 -1.164477 2.380555
v 0.6027777 -1.044042 2.380555
v 0.8524563 -0.8524563 2.380555
v 1.044042 -0.6027776 2.380555
v 1.164477 -0.3120207 2.380555
v 1.205555 5.26965e-8 2.380555
v 0.3073477 -1.147037 2.3625
v 0.5937501 -1.028405 2.3625
v 0.8396893 -0.8396893 2.3625
v 1.028405 -0.59375 2.3625
v 1.147037 -0.3073477 2.3625
v 1.1875 5.190727e-8 2.3625
v 0.3048314 -1.137646 2.344444
v 0.5888889 -1.019985 2.344444
v 0.8328147 -0.8328147 2.344444
v 1.019985 -0.5888889 2.344444
v 1.137646 -0.3048314 2.344444
v 1.177778 5.148231e-8 2.344444
v 0.302315 -1.128255 2.330555
v 0.5840278 -1.011566 2.330555
v 0.82594 -0.82594 2.330555
v 1.011566 -0.5840278 2.330555
v 1.128255 -0.3023151 2.330555
v 1.168056 5.105733e-8 2.330555
v 0.2976419 -1.110815 2.325
v 0.575 -0.9959292 2.325
v 0.8131728 -0.8131728 2.325
v 0.9959292 -0.5749999 2.325
v 1.110815 -0.2976419 2.325
v 1.15 5.02681e-8 2.325
v 0 1.240278 2.394445
v 0.3210075 1.198016 2.394445
v 0.6201388 1.074112 2.394445
v 0.8770086 0.8770086 2.394445
v 1.074112 0.6201388 2.394445
v 1.198016 0.3210075 2.394445
v 0 1.205555 2.380555
v 0.3120207 1.164477 2.380555
v 0.6027777 1.044042 2.380555
v 0.8524563 0.8524563 2.380555
v 1.044042 0.6027776 2.380555
v 1.164477 0.3120207 2.380555
v 0 1.1875 2.3625
v 0.3073477 1.147037 2.3625
v 0.5937501 1.028405 2.3625
v 0.8396893 0.8396893 2.3625
v 1.028405 0.59375 2.3625
v 1.147037 0.3073477 2.3625
v 0 1.177778 2.344444
v 0.3048314 1.137646 2.344444
v 0.5888889 1.019985 2.344444
v 0.8328147 0.8328147 2.344444
v 1.019985 0.5888889 2.344444
v 1.137646 0.3048314 2.344444
v 0 1.168056 2.330555
v 0.302315 1.128255 2.330555
v 0.5840278 1.011566 2.330555
v 0.82594 0.82594 2.330555
v 1.011566 0.5840278 2.330555
v 1.128255 0.3023151 2.330555
v 0 1.15 2.325
v 0.2976419 1.110815 2.325
v 0.575 0.9959292 2.325
v 0.8131728 0.8131728 2.325
v 0.9959292 0.5749999 2.325
v 1.110815 0.2976419 2.325
v -1.198016 0.3210075 2.394445
v -1.074112 0.6201388 2.394445
v -0.8770086 0.8770086 2.394445
v -0.6201388 1.074112 2.394445
v -0.3210075 1.198016 2.394445
v -1.164477 0.3120207 2.380555
v -1.044042 0.6027777 2.380555
v -0.8524563 0.8524563 2.380555
v -0.6027776 1.044042 2.380555
v -0.3120207 1.164477 2.380555
v -1.147037 0.3073477 2.3625
v -1.028405 0.5937501 2.3625
v -0.8396893 0.8396893 2.3625
v -0.59375 1.028405 2.3625
v -0.3073477 1.147037 2.3625
v -1.137646 0.3048314 2.344444
v -1.019985 0.5888889 2.344444
v -0.8328147 0.8328147 2.344444
v -0.5888889 1.019985 2.344444
v -0.3048314 1.137646 2.344444
v -1.128255 0.302315 2.330555
v -1.011566 0.5840278 2.330555
v -0.82594 0.82594 2.330555
v -0.5840278 1.011566 2.330555
v -0.3023151 1.128255 2.330555
v -1.110815 0.2976419 2.325
v -0.9959292 0.575 2.325
v -0.8131728 0.8131728 2.325
v -0.5749999 0.9959292 2.325
v -0.2976419 1.110815 2.325
v -1.131833 0 2.331146
v -1.093267 -0.29294 2.331146
v -0.9801965 -0.5659167 2.331146
v -0.8003271 -0.8003271 2.331146
v -0.5659167 -0.9801966 2.331146
v -0.2929401 -1.093267 2.331146
v 4.947401e-8 -1.131833 2.331146
v -1.120987 0 2.34787
v -1.082791 -0.2901329 2.34787
v -0.9708037 -0.5604937 2.34787
v -0.7926578 -0.7926578 2.34787
v -0.5604937 -0.9708037 2.34787
v -0.2901329 -1.082791 2.34787
v 4.899992e-8 -1.120987 2.34787
v -1.107422 0 2.370645
v -1.069687 -0.2866219 2.370645
v -0.9590555 -0.5537109 2.370645
v -0.7830656 -0.7830656 2.370645
v -0.5537109 -0.9590555 2.370645
v -0.2866219 -1.069687 2.370645
v 4.840695e-8 -1.107422 2.370645
v -1.080864 0 2.394074
v -1.044035 -0.2797483 2.394074
v -0.9360559 -0.5404321 2.394074
v -0.7642863 -0.7642863 2.394074
v -0.5404321 -0.9360559 2.394074
v -0.2797483 -1.044035 2.394074
v 4.724608e-8 -1.080864 2.394074
v -1.03139 0 2.414066
v -0.9962462 -0.2669433 2.414066
v -0.8932098 -0.5156949 2.414066
v -0.7293028 -0.7293028 2.414066
v -0.5156949 -0.8932099 2.414066
v -0.2669434 -0.9962462 2.414066
v 4.508348e-8 -1.03139 2.414066
v -0.95 0 2.43
v -0.9176295 -0.2458781 2.43
v -0.8227241 -0.475 2.43
v -0.6717514 -0.6717514 2.43
v -0.475 -0.8227242 2.43
v -0.2458781 -0.9176295 2.43
v 4.152582e-8 -0.95 2.43
v 0.29294 -1.093267 2.331146
v 0.5659167 -0.9801965 2.331146
v 0.8003271 -0.8003271 2.331146
v 0.9801966 -0.5659167 2.331146
v 1.093267 -0.2929401 2.331146
v 1.131833 4.947401e-8 2.331146
v 0.2901329 -1.082791 2.34787
v 0.5604937 -0.9708037 2.34787
v 0.7926578 -0.7926578 2.34787
v 0.9708037 -0.5604937 2.34787
v 1.082791 -0.2901329 2.34787
v 1.120987 4.899992e-8 2.34787
v 0.2866219 -1.069687 2.370645
v 0.5537109 -0.9590555 2.370645
v 0.7830656 -0.7830656 2.370645
v 0.9590555 -0.5537109 2.370645
v 1.069687 -0.2866219 2.370645
v 1.107422 4.840695e-8 2.370645
v 0.2797483 -1.044035 2.394074
v 0.5404321 -0.9360559 2.394074
v 0.7642863 -0.7642863 2.394074
v 0.9360559 -0.5404321 2.394074
v 1.044035 -0.2797483 2.394074
v 1.080864 4.724608e-8 2.394074
v 0.2669433 -0.9962462 2.414066
v 0.5156949 -0.8932098 2.414066
v 0.7293028 -0.7293028 2.414066
v 0.8932099 -0.5156949 2.414066
v 0.9962462 -0.2669434 2.414066
v 1.03139 4.508348e-8 2.414066
v 0.2458781 -0.9176295 2.43
v 0.475 -0.8227241 2.43
v 0.6717514 -0.6717514 2.43
v 0.8227242 -0.475 2.43
v 0.9176295 -0.2458781 2.43
v 0.95 4.152582e-8 2.43
v 0 1.131833 2.331146
v 0.29294 1.093267 2.331146
v 0.5659167 0.9801965 2.331146
v 0.8003271 0.8003271 2.331146
v 0.9801966 0.5659167 2.331146
v 1.093267 0.2929401 2.331146
v 0 1.120987 2.34787
v 0.2901329 1.082791 2.34787
v 0.5604937 0.9708037 2.34787
v 0.7926578 0.7926578 2.34787
v 0.9708037 0.5604937 2.34787
v 1.082791 0.2901329 2.34787
v 0 1.107422 2.370645
v 0.2866219 1.069687 2.370645
v 0.5537109 0.9590555 2.370645
v 0.7830656 0.7830656 2.370645
v 0.9590555 0.5537109 2.370645
v 1.069687 0.2866219 2.370645
v 0 1.080864 2.394074
v 0.2797483 1.044035 2.394074
v 0.5404321 0.9360559 2.394074
v 0.7642863 0.7642863 2.394074
v 0.9360559 0.5404321 2.394074
v 1.044035 0.2797483 2.394074
v 0 1.03139 2.414066
v 0.2669433 0.9962462 2.414066
v 0.5156949 0.8932098 2.414066
v 0.7293028 0.7293028 2.414066
v 0.8932099 0.5156949 2.414066
v 0.9962462 0.2669434 2.414066
v 0 0.95 2.43
v 0.2458781 0.9176295 2.43
v 0.475 0.8227241 2.43
v 0.6717514 0.6717514 2.43
v 0.8227242 0.475 2.43
v 0.9176295 0.2458781 2.43
v -1.093267 0.29294 2.331146
v -0.9801965 0.5659167 2.331146
v -0.8003271 0.8003271 2.331146
v -0.5659167 0.9801966 2.331146
v -0.2929401 1.093267 2.331146
v -1.082791 0.2901329 2.34787
v -0.9708037 0.5604937 2.34787
v -0.7926578 0.7926578 2.34787
v -0.5604937 0.9708037 2.34787
v -0.2901329 1.082791 2.34787
v -1.069687 0.2866219 2.370645
v -0.9590555 0.5537109 2.370645
v -0.7830656 0.7830656 2.370645
v -0.5537109 0.9590555 2.370645
v -0.2866219 1.069687 2.370645
v -1.044035 0.2797483 2.394074
v -0.9360559 0.5404321 2.394074
v -0.7642863 0.7642863 2.394074
v -0.5404321 0.9360559 2.394074
v -0.2797483 1.044035 2.394074
v -0.9962462 0.2669433 2.414066
v -0.8932098 0.5156949 2.414066
v -0.7293028 0.7293028 2.414066
v -0.5156949 0.8932099 2.414066
v -0.2669434 0.9962462 2.414066
v -0.9176295 0.2458781 2.43
v -0.8227241 0.475 2.43
v -0.6717514 0.6717514 2.43
v -0.475 0.8227242 2.43
v -0.2458781 0.9176295 2.43
v -0.8408324 0 2.444823
v -0.8121817 -0.2176234 2.444823
v -0.7281821 -0.4204162 2.444823
v -0.5945582 -0.5945582 2.444823
v -0.4204161 -0.7281822 2.444823
v -0.2176234 -0.8121817 2.444823
v 3.675395e-8 -0.8408324 2.444823
v -0.7135801 0 2.462037
v -0.6892655 -0.1846881 2.462037
v -0.6179785 -0.3567901 2.462037
v -0.5045773 -0.5045773 2.462037
v -0.35679 -0.6179786 2.462037
v -0.1846882 -0.6892655 2.462037
v 3.119158e-8 -0.7135801 2.462037
v -0.5675781 0 2.481855
v -0.5482384 -0.1469 2.481855
v -0.491537 -0.2837891 2.481855
v -0.4013383 -0.4013383 2.481855
v -0.2837891 -0.4915371 2.481855
v -0.1469 -0.5482384 2.481855
v 2.480963e-8 -0.5675781 2.481855
v -0.4012345 0 2.501018
v -0.3875628 -0.1038471 2.501018
v -0.3474793 -0.2006173 2.501018
v -0.2837156 -0.2837156 2.501018
v -0.2006173 -0.3474793 2.501018
v -0.1038472 -0.3875628 2.501018
v 1.753852e-8 -0.4012345 2.501018
v -0.212611 0 2.514964
v -0.2053664 -0.05502776 2.514964
v -0.1841265 -0.1063055 2.514964
v -0.1503386 -0.1503386 2.514964
v -0.1063055 -0.1841265 2.514964
v -0.05502776 -0.2053664 2.514964
v 9.29352e-9 -0.212611 2.514964
v 0 0 2.52
v 0.2176234 -0.8121817 2.444823
v 0.4204162 -0.7281821 2.444823
v 0.5945582 -0.5945582 2.444823
v 0.7281822 -0.4204161 2.444823
v 0.8121817 -0.2176234 2.444823
v 0.8408324 3.675395e-8 2.444823
v 0.1846881 -0.6892655 2.462037
v 0.3567901 -0.6179785 2.462037
v 0.5045773 -0.5045773 2.462037
v 0.6179786 -0.35679 2.462037
v 0.6892655 -0.1846882 2.462037
v 0.7135801 3.119158e-8 2.462037
v 0.1469 -0.5482384 2.481855
v 0.2837891 -0.491537 2.481855
v 0.4013383 -0.4013383 2.481855
v 0.4915371 -0.2837891 2.481855
v 0.5482384 -0.1469 2.481855
v 0.5675781 2.480963e-8 2.481855
v 0.1038471 -0.3875628 2.501018
v 0.2006173 -0.3474793 2.501018
v 0.2837156 -0.2837156 2.501018
v 0.3474793 -0.2006173 2.501018
v 0.3875628 -0.1038472 2.501018
v 0.4012345 1.753852e-8 2.501018
v 0.05502776 -0.2053664 2.514964
v 0.1063055 -0.1841265 2.514964
v 0.1503386 -0.1503386 2.514964
v 0.1841265 -0.1063055 2.514964
v 0.2053664 -0.05502776 2.514964
v 0.212611 9.29352e-9 2.514964
v 0 0.8408324 2.444823
v 0.2176234 0.8121817 2.444823
v 0.4204162 0.7281821 2.444823
v 0.5945582 0.5945582 2.444823
v 0.7281822 0.4204161 2.444823
v 0.8121817 0.2176234 2.444823
v 0 0.7135801 2.462037
v 0.1846881 0.6892655 2.462037
v 0.3567901 0.6179785 2.462037
v 0.5045773 0.5045773 2.462037
v 0.6179786 0.35679 2.462037
v 0.6892655 0.1846882 2.462037
v 0 0.5675781 2.481855
v 0.1469 0.5482384 2.481855
v 0.2837891 0.491537 2.481855
v 0.4013383 0.4013383 2.481855
v 0.4915371 0.2837891 2.481855
v 0.5482384 0.1469 2.481855
v 0 0.4012345 2.501018
v 0.1038471 0.3875628 2.501018
v 0.2006173 0.3474793 2.501018
v 0.2837156 0.2837156 2.501018
v 0.3474793 0.2006173 2.501018
v 0.3875628 0.1038472 2.501018
v 0 0.212611 2.514964
v 0.05502776 0.2053664 2.514964
v 0.1063055 0.1841265 2.514964
v 0.1503386 0.1503386 2.514964
v 0.1841265 0.1063055 2.514964
v 0.2053664 0.05502776 2.514964
v -0.8121817 0.2176234 2.444823
v -0.7281821 0.4204162 2.444823
v -0.5945582 0.5945582 2.444823
v -0.4204161 0.7281822 2.444823
v -0.2176234 0.8121817 2.444823
v -0.6892655 0.1846881 2.462037
v -0.6179785 0.3567901 2.462037
v -0.5045773 0.5045773 2.462037
v -0.35679 0.6179786 2.462037
v -0.1846882 0.6892655 2.462037
v -0.5482384 0.1469 2.481855
v -0.491537 0.2837891 2.481855
v -0.4013383 0.4013383 2.481855
v -0.2837891 0.4915371 2.481855
v -0.1469 0.5482384 2.481855
v -0.3875628 0.1038471 2.501018
v -0.3474793 0.2006173 2.501018
v -0.2837156 0.2837156 2.501018
v -0.2006173 0.3474793 2.501018
v -0.1038472 0.3875628 2.501018
v -0.2053664 0.05502776 2.514964
v -0.1841265 0.1063055 2.514964
v -0.1503386 0.1503386 2.514964
v -0.1063055 0.1841265 2.514964
v -0.05502776 0.2053664 2.514964

vn -0.01990604 0 0.9998018
vn -0.01807683 -0.3837578 0.9232568
vn -0.01123045 -0.7992208 0.6009327
vn -9.301392e-9 -1 -1.052716e-9
vn 0.009511735 -0.7991416 -0.6010677
vn 0.01333853 -0.3835966 -0.9234044
vn 0.01383564 0 -0.9999043
vn -0.0984208 0 0.9951449
vn -0.08918481 -0.3854686 0.9184008
vn -0.05511727 -0.8002509 0.597127
vn -4.020183e-9 -1 -1.907011e-9
vn 0.04628173 -0.7986225 -0.6000502
vn 0.0644929 -0.3821515 -0.9218464
vn 0.06668281 0 -0.9977742
vn -0.2848965 0 0.9585583
vn -0.2568373 -0.3970475 0.8811288
vn -0.1565152 -0.8089397 0.5666741
vn 5.81306e-9 -1 4.70581e-9
vn 0.1327559 -0.803084 -0.580889
vn 0.1865393 -0.3846454 -0.9040194
vn 0.1930219 0 -0.9811944
vn -0.628947 0 0.7774482
vn -0.5652438 -0.4154109 0.7126943
vn -0.3405413 -0.823585 0.4535853
vn 9.097381e-9 -1 1.133183e-8
vn 0.3041583 -0.8162712 -0.4911098
vn 0.4472185 -0.3981704 -0.8009093
vn 0.4696852 0 -0.882834
vn -0.9361153 0 0.3516932
vn -0.8546582 -0.4031045 0.3272095
vn -0.5363851 -0.8157617 0.2163882
vn 2.907536e-9 -1 6.699047e-9
vn 0.5205622 -0.8156105 -0.2525761
vn 0.8068569 -0.4022745 -0.4326167
vn 0.8718169 0 -0.4898319
vn -1 0 0
vn -0.9230769 -0.3846153 -6.348421e-7
vn -0.6 -0.8 -3.804552e-8
vn 0 -1 0
vn 0.6000001 -0.7999998 0
vn 0.9230769 -0.3846154 0
vn 1 0 0.000001324547
vn -0.005700483 0 0.9999838
vn -0.004569556 -0.3844105 0.923151
vn -0.002991677 -0.7998024 0.6002559
vn -0.0008288138 -0.9860758 0.1662943
vn -3.185398e-9 -1 -3.605181e-10
vn 0.004322745 -0.799619 -0.6004922
vn 0.007606851 -0.3840428 -0.923284
vn 0.009162732 0 -0.999958
vn -0.5825468 0 0.8127971
vn -0.9450862 0 0.3268211
vn -0.5840608 -0.2897764 0.7582234
vn -0.9405425 -0.09393239 0.32643
vn -0.5843427 -0.5844668 0.5629763
vn -0.934871 -0.1578166 0.3179784
vn -0.5726965 -0.7632249 0.2991763
vn -0.9350858 -0.1751296 0.3081302
vn -0.6085198 -0.7681848 0.1989869
vn -0.9349032 -0.1802622 0.3057149
vn -0.6830264 -0.695625 -0.2226673
vn -0.9425695 -0.1525888 0.2971184
vn -0.764678 -0.3845498 -0.5170968
vn -0.952572 -0.08825842 0.2912334
vn -0.793111 0 -0.6090771
vn -0.9578559 0 0.2872489
vn -0.01807683 0.3837578 0.9232568
vn -0.01123045 0.7992208 0.6009327
vn -9.301392e-9 1 -1.052716e-9
vn 0.009511735 0.7991416 -0.6010677
vn 0.01333853 0.3835966 -0.9234044
vn -0.08918481 0.3854686 0.9184008
vn -0.05511727 0.8002509 0.597127
vn -4.020183e-9 1 -1.907011e-9
vn 0.04628173 0.7986225 -0.6000502
vn 0.0644929 0.3821515 -0.9218464
vn -0.2568373 0.3970475 0.8811288
vn -0.1565152 0.8089397 0.5666741
vn 5.81306e-9 1 4.70581e-9
vn 0.1327559 0.803084 -0.580889
vn 0.1865393 0.3846454 -0.9040194
vn -0.5652438 0.4154109 0.7126943
vn -0.3405413 0.823585 0.4535853
vn 9.097381e-9 1 1.133183e-8
vn 0.3041583 0.8162712 -0.4911098
vn 0.4472185 0.3981704 -0.8009093
vn -0.8546582 0.4031045 0.3272095
vn -0.5363851 0.8157617 0.2163882
vn 2.907536e-9 1 6.699047e-9
vn 0.5205622 0.8156105 -0.2525761
vn 0.8068569 0.4022745 -0.4326167
vn -0.9230769 0.3846153 -6.348421e-7
vn -0.6 0.8 -3.804552e-8
vn 0 1 0
vn 0.6000001 0.7999998 0
vn 0.9230769 0.3846154 0
vn -0.004569556 0.3844105 0.923151
vn -0.002991677 0.7998024 0.6002559
vn -0.0008288138 0.9860758 0.1662943
vn -3.185398e-9 1 -3.605181e-10
vn 0.004322745 0.799619 -0.6004922
vn 0.007606851 0.3840428 -0.923284
vn -0.5840608 0.2897764 0.7582234
vn -0.9405425 0.09393239 0.32643
vn -0.5843427 0.5844668 0.5629763
vn -0.934871 0.1578166 0.3179784
vn -0.5726965 0.7632249 0.2991763
vn -0.9350858 0.1751296 0.3081302
vn -0.6085198 0.7681848 0.1989869
vn -0.9349032 0.1802622 0.3057149
vn -0.6830264 0.695625 -0.2226673
vn -0.9425695 0.1525888 0.2971184
vn -0.764678 0.3845498 -0.5170968
vn -0.952572 0.08825842 0.2912334
vn -0.9765899 0 -0.2151098
vn -0.8981364 -0.3927897 -0.1976546
vn -0.5767801 -0.8070258 -0.1266256
vn -2.023519e-9 -1 4.719014e-9
vn 0.5771223 -0.8069324 0.1256578
vn 0.8988313 -0.3925906 0.1948713
vn 0.9773802 0 0.2114898
vn -0.917887 0 -0.396842
vn -0.8439284 -0.3972128 -0.3605645
vn -0.5420998 -0.8098347 -0.2242667
vn -6.050968e-9 -1 7.481196e-9
vn 0.5539438 -0.8066415 0.2060965
vn 0.868167 -0.3903733 0.3064223
vn 0.9454015 0 0.3259078
vn -0.8324224 0 -0.5541416
vn -0.7714514 -0.3872754 -0.5048569
vn -0.5086776 -0.8001074 -0.3179234
vn -4.692241e-9 -1 3.547792e-9
vn 0.5371142 -0.7922617 0.2895339
vn 0.8298268 -0.3714971 0.4163861
vn 0.8993677 0 0.4371931
vn -0.7278901 0 -0.6856937
vn -0.6819221 -0.3687007 -0.6316978
vn -0.4665273 -0.7820988 -0.4131268
vn 4.270724e-9 -1 -1.654906e-9
vn 0.5062851 -0.7699142 0.3884683
vn 0.7625647 -0.3464312 0.5463339
vn 0.8210956 0 0.5707906
vn -0.617255 0 -0.7867632
vn -0.5803787 -0.3578002 -0.7315323
vn -0.4026425 -0.7716122 -0.4924363
vn 1.272696e-8 -1 -6.168027e-10
vn 0.4351464 -0.7598182 0.4830361
vn 0.6462596 -0.3371901 0.6845812
vn 0.6939261 0 0.7200462
vn 0.6340995 0 0.7732514
vn 0.5877229 -0.3527458 0.7281154
vn 0.3827632 -0.7754933 0.502098
vn 0.2755807 -0.8907153 0.361499
vn 5.162111e-9 -1 -2.501779e-10
vn -0.3229311 -0.8103468 -0.4889309
vn -0.3396137 -0.7867277 -0.5154823
vn -0.4942686 -0.3728489 -0.7852911
vn -0.5329376 0 -0.8461546
vn -0.3808907 0 0.9246201
vn -0.9949846 0 0.1000275
vn -0.4106482 -0.4289573 0.8045892
vn -0.9939418 -0.07703459 0.07839242
vn -0.5082199 -0.7451234 0.4318607
vn -0.9907264 -0.1334727 0.0254189
vn -0.5278345 -0.8010583 0.2823052
vn -0.9900738 -0.1405483 5.409584e-8
vn -0.6702195 -0.7386783 -0.07183513
vn -0.9820659 -0.156445 -0.1052215
vn -0.7490691 -0.5216842 -0.4083393
vn -0.962031 -0.1340742 -0.2377407
vn -0.7594858 -0.4943887 -0.4228016
vn -0.9592003 -0.1327837 -0.2496062
vn -0.7908711 -0.2107648 -0.5745444
vn -0.9261404 -0.07782134 -0.3690635
vn -0.7891082 0 -0.6142542
vn -0.9190179 0 -0.3942159
vn -0.8981364 0.3927897 -0.1976546
vn -0.5767801 0.8070258 -0.1266256
vn -2.023519e-9 1 4.719014e-9
vn 0.5771223 0.8069324 0.1256578
vn 0.8988313 0.3925906 0.1948713
vn -0.8439284 0.3972128 -0.3605645
vn -0.5420998 0.8098347 -0.2242667
vn -6.050968e-9 1 7.481196e-9
vn 0.5539438 0.8066415 0.2060965
vn 0.868167 0.3903733 0.3064223
vn -0.7714514 0.3872754 -0.5048569
vn -0.5086776 0.8001074 -0.3179234
vn -4.692241e-9 1 3.547792e-9
vn 0.5371142 0.7922617 0.2895339
vn 0.8298268 0.3714971 0.4163861
vn -0.6819221 0.3687007 -0.6316978
vn -0.4665273 0.7820988 -0.4131268
vn 4.270724e-9 1 -1.654906e-9
vn 0.5062851 0.7699142 0.3884683
vn 0.7625647 0.3464312 0.5463339
vn -0.5803787 0.3578002 -0.7315323
vn -0.4026425 0.7716122 -0.4924363
vn 1.272696e-8 1 -6.168027e-10
vn 0.4351464 0.7598182 0.4830361
vn 0.6462596 0.3371901 0.6845812
vn 0.5877229 0.3527458 0.7281154
vn 0.3827632 0.7754933 0.502098
vn 0.2755807 0.8907153 0.361499
vn 5.162111e-9 1 -2.501779e-10
vn -0.3229311 0.8103468 -0.4889309
vn -0.3396137 0.7867277 -0.5154823
vn -0.4942686 0.3728489 -0.7852911
vn -0.4106482 0.4289573 0.8045892
vn -0.9939418 0.07703459 0.07839242
vn -0.5082199 0.7451234 0.4318607
vn -0.9907264 0.1334727 0.0254189
vn -0.5278345 0.8010583 0.2823052
vn -0.9900738 0.1405483 5.409584e-8
vn -0.6702195 0.7386783 -0.07183513
vn -0.9820659 0.156445 -0.1052215
vn -0.7490691 0.5216842 -0.4083393
vn -0.962031 0.1340742 -0.2377407
vn -0.7594858 0.4943887 -0.4228016
vn -0.9592003 0.1327837 -0.2496062
vn -0.7908711 0.2107648 -0.5745444
vn -0.9261404 0.07782134 -0.3690635
vn 0.7071068 0 -0.7071068
vn 0.5437252 0.6041392 -0.5825621
vn 0.2568863 0.9133739 -0.3158439
vn 0 1 0
vn -0.249881 0.8884658 0.3849518
vn -0.4517087 0.5018987 0.7376022
vn -0.5144946 0 0.8574936
vn 0.7628636 0 -0.6465595
vn 0.5639471 0.6867611 -0.4586095
vn 0.243523 0.9645179 -0.1019892
vn -0.01072459 0.963616 0.2670749
vn -0.2115038 0.7508047 0.6257463
vn -0.3327174 0.3751154 0.8652095
vn -0.3647268 0 0.9311146
vn 0.9633807 0 0.2681374
vn 0.5238205 0.7088299 0.472411
vn 0.1328626 0.6981968 0.703469
vn -0.04304636 0.5305204 0.8465785
vn -0.1306012 0.3450611 0.9294494
vn -0.1747601 0.1622232 0.9711553
vn -0.1876439 0 0.9822371
vn 0.09735274 0 0.99525
vn 0.03218665 0.09871994 0.9945946
vn -0.03529562 0.04527311 0.9983509
vn -0.04649132 -0.06220388 0.99698
vn -0.00524601 -0.1638695 0.9864681
vn 0.1086749 -0.1936817 0.9750268
vn 0.2223905 0 0.9749576
vn -0.2990098 0 0.95425
vn -0.2507872 -0.2585268 0.9328825
vn -0.1522816 -0.4616905 0.8738719
vn -0.02655258 -0.6480049 0.7611731
vn 0.2162648 -0.8766195 0.4298461
vn 0.5845062 -0.6737049 -0.4521883
vn 0.6131511 0 -0.7899656
vn -0.5552022 0 0.8317153
vn -0.4524518 -0.4809021 0.751013
vn -0.2408104 -0.8100358 0.5346518
vn -0.003460988 -0.9832959 0.1819816
vn 0.2607618 -0.8909926 -0.3716657
vn 0.411095 -0.4344602 -0.8014021
vn 0.4322838 0 -0.9017376
vn -0.7071068 0 0.7071068
vn -0.5633684 -0.5633684 0.6043444
vn -0.2796589 -0.8949084 0.3477499
vn 0 -1 0
vn 0.2684081 -0.8589055 -0.4361634
vn 0.4441551 -0.4441551 -0.7781084
vn 0.4856419 0 -0.8741579
vn 0.5437252 -0.6041392 -0.5825621
vn 0.2568863 -0.9133739 -0.3158439
vn 0 -1 0
vn -0.249881 -0.8884658 0.3849518
vn -0.4517087 -0.5018987 0.7376022
vn 0.5639471 -0.6867611 -0.4586095
vn 0.243523 -0.9645179 -0.1019892
vn -0.01072459 -0.963616 0.2670749
vn -0.2115038 -0.7508047 0.6257463
vn -0.3327174 -0.3751154 0.8652095
vn 0.5238205 -0.7088299 0.472411
vn 0.1328626 -0.6981968 0.703469
vn -0.04304636 -0.5305204 0.8465785
vn -0.1306012 -0.3450611 0.9294494
vn -0.1747601 -0.1622232 0.9711553
vn 0.03218665 -0.09871994 0.9945946
vn -0.03529562 -0.04527311 0.9983509
vn -0.04649132 0.06220388 0.99698
vn -0.00524601 0.1638695 0.9864681
vn 0.1086749 0.1936817 0.9750268
vn -0.2507872 0.2585268 0.9328825
vn -0.1522816 0.4616905 0.8738719
vn -0.02655258 0.6480049 0.7611731
vn 0.2162648 0.8766195 0.4298461
vn 0.5845062 0.6737049 -0.4521883
vn -0.4524518 0.4809021 0.751013
vn -0.2408104 0.8100358 0.5346518
vn -0.003460988 0.9832959 0.1819816
vn 0.2607618 0.8909926 -0.3716657
vn 0.411095 0.4344602 -0.8014021
vn -0.5633684 0.5633684 0.6043444
vn -0.2796589 0.8949084 0.3477499
vn 0 1 0
vn 0.2684081 0.8589055 -0.4361634
vn 0.4441551 0.4441551 -0.7781084
vn -0.9247511 0 0.3805726
vn -0.7649435 -0.5262961 0.3713137
vn -0.3804509 -0.8811738 0.2806954
vn 0.0227445 -0.9947906 0.0993692
vn 0.4157609 -0.8956019 -0.1582408
vn 0.7431923 -0.5198925 -0.4211614
vn 0.8522161 0 -0.52319
vn -0.9704286 0 0.2413885
vn -0.8669156 -0.4203265 0.2679234
vn -0.4672924 -0.8435072 0.264827
vn 0.1110953 -0.9837816 0.1408251
vn 0.6023738 -0.7968754 -0.04621039
vn 0.8911412 -0.4082583 -0.1979712
vn 0.968155 0 -0.2503514
vn -0.9524389 0 0.3047296
vn -0.8672103 -0.3788197 0.3231747
vn -0.4629379 -0.832109 0.3054228
vn 0.2229391 -0.96461 0.1408037
vn 0.7109067 -0.7011536 -0.0547299
vn 0.9269664 -0.3312533 -0.1760812
vn 0.9769802 0 -0.2133301
vn -0.8175167 0 0.5759048
vn -0.714167 -0.4340921 0.5491171
vn -0.321586 -0.8637872 0.3878839
vn 0.2296656 -0.9693705 0.08703117
vn 0.6479933 -0.7376323 -0.1897449
vn 0.861934 -0.3613188 -0.3556943
vn 0.9147211 0 -0.4040855
vn -0.4259479 0 0.9047477
vn -0.3520087 -0.5180075 0.7795885
vn -0.1404866 -0.8921547 0.4293292
vn 0.1161184 -0.9929665 0.02310698
vn 0.3729803 -0.8537269 -0.3633676
vn 0.5774065 -0.4749433 -0.6641014
vn 0.6445582 0 -0.7645553
vn -0.3430631 0 0.9393123
vn -0.2533806 -0.5406478 0.8021834
vn -0.1783377 -0.7677374 0.6154469
vn -0.1044446 -0.899811 0.4235936
vn -0.08760643 -0.9175929 0.3877477
vn 0.03650508 -0.9935891 0.1069953
vn 0.07365035 -0.9971764 0.01465605
vn 0.2079478 -0.9443207 -0.2549825
vn 0.2505401 -0.9027702 -0.3496222
vn 0.2629888 -0.8846769 -0.3849463
vn 0.4052103 -0.5267683 -0.747208
vn 0.4580708 -0.2943592 -0.8387632
vn 0.4762334 0 -0.879319
vn 0.4546795 3.355165e-8 0.8906552
vn 0.9676558 4.229828e-8 0.2522737
vn 0.5008619 -0.4803848 0.7199776
vn 0.9568796 -0.1575326 0.2440595
vn 0.5165274 -0.6476164 0.5601717
vn 0.9503537 -0.2098753 0.2297394
vn 0.5799955 -0.7129737 0.3940479
vn 0.9459069 -0.250984 0.2055901
vn 0.5812126 -0.7260229 0.3675358
vn 0.9465757 -0.2536345 0.1991579
vn 0.626668 -0.7626345 0.1602369
vn 0.9496849 -0.2730547 0.1534268
vn 0.6526667 -0.7528055 0.08549836
vn 0.9518761 -0.2808315 0.1227421
vn 0.6597734 -0.7383343 -0.1398622
vn 0.9653758 -0.2586722 0.03373861
vn 0.6719357 -0.707546 -0.2188172
vn 0.9680794 -0.2506437 4.025647e-7
vn 0.6748804 -0.6933168 -0.2526824
vn 0.9684267 -0.2482768 -0.02254656
vn 0.5853788 -0.4829523 -0.651221
vn 0.9657519 -0.1529618 -0.2095852
vn 0.4804979 -0.3108079 -0.8200732
vn 0.9679247 -0.0819358 -0.2375042
vn 0.4382236 0 -0.898866
vn 0.9598606 0 -0.2804776
vn -0.7649435 0.5262961 0.3713137
vn -0.3804509 0.8811738 0.2806954
vn 0.0227445 0.9947906 0.0993692
vn 0.4157609 0.8956019 -0.1582408
vn 0.7431923 0.5198925 -0.4211614
vn -0.8669156 0.4203265 0.2679234
vn -0.4672924 0.8435072 0.264827
vn 0.1110953 0.9837816 0.1408251
vn 0.6023738 0.7968754 -0.04621039
vn 0.8911412 0.4082583 -0.1979712
vn -0.8672103 0.3788197 0.3231747
vn -0.4629379 0.832109 0.3054228
vn 0.2229391 0.96461 0.1408037
vn 0.7109067 0.7011536 -0.0547299
vn 0.9269664 0.3312533 -0.1760812
vn -0.714167 0.4340921 0.5491171
vn -0.321586 0.8637872 0.3878839
vn 0.2296656 0.9693705 0.08703117
vn 0.6479933 0.7376323 -0.1897449
vn 0.861934 0.3613188 -0.3556943
vn -0.3520087 0.5180075 0.7795885
vn -0.1404866 0.8921547 0.4293292
vn 0.1161184 0.9929665 0.02310698
vn 0.3729803 0.8537269 -0.3633676
vn 0.5774065 0.4749433 -0.6641014
vn -0.2533806 0.5406478 0.8021834
vn -0.1783377 0.7677374 0.6154469
vn -0.1044446 0.899811 0.4235936
vn -0.08760643 0.9175929 0.3877477
vn 0.03650508 0.9935891 0.1069953
vn 0.07365035 0.9971764 0.01465605
vn 0.2079478 0.9443207 -0.2549825
vn 0.2505401 0.9027702 -0.3496222
vn 0.2629888 0.8846769 -0.3849463
vn 0.4052103 0.5267683 -0.747208
vn 0.4580708 0.2943592 -0.8387632
vn 0.5008619 0.4803848 0.7199776
vn 0.9568796 0.1575326 0.2440595
vn 0.5165274 0.6476164 0.5601717
vn 0.9503537 0.2098753 0.2297394
vn 0.5799955 0.7129737 0.3940479
vn 0.9459069 0.250984 0.2055901
vn 0.5812126 0.7260229 0.3675358
vn 0.9465757 0.2536345 0.1991579
vn 0.626668 0.7626345 0.1602369
vn 0.9496849 0.2730547 0.1534268
vn 0.6526667 0.7528055 0.08549836
vn 0.9518761 0.2808315 0.1227421
vn 0.6597734 0.7383343 -0.1398622
vn 0.9653758 0.2586722 0.03373861
vn 0.6719357 0.707546 -0.2188172
vn 0.9680794 0.2506437 4.025647e-7
vn 0.6748804 0.6933168 -0.2526824
vn 0.9684267 0.2482768 -0.02254656
vn 0.5853788 0.4829523 -0.651221
vn 0.9657519 0.1529618 -0.2095852
vn 0.4804979 0.3108079 -0.8200732
vn 0.9679247 0.0819358 -0.2375042
vn 0 0 1
vn -0.3381783 0 0.9410821
vn -0.3266552 -0.087527 0.9410821
vn -0.2928711 -0.1690892 0.9410821
vn -0.2391282 -0.2391282 0.941082
vn -0.1690892 -0.2928711 0.9410821
vn -0.08752701 -0.3266552 0.9410821
vn 1.478224e-8 -0.3381783 0.9410821
vn -0.9974588 0 0.07124683
vn -0.9634712 -0.2581613 0.07124661
vn -0.8638247 -0.4987293 0.07124677
vn -0.7053099 -0.7053099 0.07124683
vn -0.4987293 -0.8638247 0.07124676
vn -0.2581614 -0.9634712 0.07124656
vn 4.360031e-8 -0.9974588 0.07124683
vn -0.8547045 0 -0.519115
vn -0.825581 -0.2212138 -0.519115
vn -0.7401958 -0.4273523 -0.519115
vn -0.6043673 -0.6043673 -0.519115
vn -0.4273521 -0.7401958 -0.519115
vn -0.2212138 -0.825581 -0.519115
vn 3.736032e-8 -0.8547045 -0.519115
vn -0.8338528 0 -0.5519869
vn -0.8054399 -0.215817 -0.5519869
vn -0.7221377 -0.4169264 -0.551987
vn -0.5896229 -0.5896229 -0.5519869
vn -0.4169264 -0.7221377 -0.5519869
vn -0.215817 -0.8054399 -0.5519869
vn 3.644887e-8 -0.8338528 -0.5519869
vn -0.9781498 0 -0.2079011
vn -0.9448202 -0.2531638 -0.2079011
vn -0.8471026 -0.489075 -0.2079011
vn -0.6916564 -0.6916564 -0.2079011
vn -0.4890749 -0.8471027 -0.2079012
vn -0.2531638 -0.9448203 -0.207901
vn 4.275629e-8 -0.9781498 -0.2079011
vn -0.7071064 0 0.7071071
vn -0.6830124 -0.1830126 0.7071071
vn -0.6123722 -0.3535532 0.7071071
vn -0.4999998 -0.4999998 0.7071071
vn -0.3535532 -0.6123722 0.7071071
vn -0.1830126 -0.6830124 0.7071071
vn 3.090861e-8 -0.7071064 0.7071071
vn 0.087527 -0.3266552 0.9410821
vn 0.1690892 -0.2928711 0.9410821
vn 0.2391282 -0.2391282 0.941082
vn 0.2928711 -0.1690892 0.9410821
vn 0.3266552 -0.08752701 0.9410821
vn 0.3381783 1.478224e-8 0.9410821
vn 0.2581613 -0.9634712 0.07124661
vn 0.4987293 -0.8638247 0.07124677
vn 0.7053099 -0.7053099 0.07124683
vn 0.8638247 -0.4987293 0.07124676
vn 0.9634712 -0.2581614 0.07124656
vn 0.9974588 4.360031e-8 0.07124683
vn 0.2212138 -0.825581 -0.519115
vn 0.4273523 -0.7401958 -0.519115
vn 0.6043673 -0.6043673 -0.519115
vn 0.7401958 -0.4273521 -0.519115
vn 0.825581 -0.2212138 -0.519115
vn 0.8547045 3.736032e-8 -0.519115
vn 0.215817 -0.8054399 -0.5519869
vn 0.4169264 -0.7221377 -0.551987
vn 0.5896229 -0.5896229 -0.5519869
vn 0.7221377 -0.4169264 -0.5519869
vn 0.8054399 -0.215817 -0.5519869
vn 0.8338528 3.644887e-8 -0.5519869
vn 0.2531638 -0.9448202 -0.2079011
vn 0.489075 -0.8471026 -0.2079011
vn 0.6916564 -0.6916564 -0.2079011
vn 0.8471027 -0.4890749 -0.2079012
vn 0.9448203 -0.2531638 -0.207901
vn 0.9781498 4.275629e-8 -0.2079011
vn 0.1830126 -0.6830124 0.7071071
vn 0.3535532 -0.6123722 0.7071071
vn 0.4999998 -0.4999998 0.7071071
vn 0.6123722 -0.3535532 0.7071071
vn 0.6830124 -0.1830126 0.7071071
vn 0.7071064 3.090861e-8 0.7071071
vn 0 0.3381783 0.9410821
vn 0.087527 0.3266552 0.9410821
vn 0.1690892 0.2928711 0.9410821
vn 0.2391282 0.2391282 0.941082
vn 0.2928711 0.1690892 0.9410821
vn 0.3266552 0.08752701 0.9410821
vn 0 0.9974588 0.07124683
vn 0.2581613 0.9634712 0.07124661
vn 0.4987293 0.8638247 0.07124677
vn 0.7053099 0.7053099 0.07124683
vn 0.8638247 0.4987293 0.07124676
vn 0.9634712 0.2581614 0.07124656
vn 0 0.8547045 -0.519115
vn 0.2212138 0.825581 -0.519115
vn 0.4273523 0.7401958 -0.519115
vn 0.6043673 0.6043673 -0.519115
vn 0.7401958 0.4273521 -0.519115
vn 0.825581 0.2212138 -0.519115
vn 0 0.8338528 -0.5519869
vn 0.215817 0.8054399 -0.5519869
vn 0.4169264 0.7221377 -0.551987
vn 0.5896229 0.5896229 -0.5519869
vn 0.7221377 0.4169264 -0.5519869
vn 0.8054399 0.215817 -0.5519869
vn 0 0.9781498 -0.2079011
vn 0.2531638 0.9448202 -0.2079011
vn 0.489075 0.8471026 -0.2079011
vn 0.6916564 0.6916564 -0.2079011
vn 0.8471027 0.4890749 -0.2079012
vn 0.9448203 0.2531638 -0.207901
vn 0 0.7071064 0.7071071
vn 0.1830126 0.6830124 0.7071071
vn 0.3535532 0.6123722 0.7071071
vn 0.4999998 0.4999998 0.7071071
vn 0.6123722 0.3535532 0.7071071
vn 0.6830124 0.1830126 0.7071071
vn -0.3266552 0.087527 0.9410821
vn -0.2928711 0.1690892 0.9410821
vn -0.2391282 0.2391282 0.941082
vn -0.1690892 0.2928711 0.9410821
vn -0.08752701 0.3266552 0.9410821
vn -0.9634712 0.2581613 0.07124661
vn -0.8638247 0.4987293 0.07124677
vn -0.7053099 0.7053099 0.07124683
vn -0.4987293 0.8638247 0.07124676
vn -0.2581614 0.9634712 0.07124656
vn -0.825581 0.2212138 -0.519115
vn -0.7401958 0.4273523 -0.519115
vn -0.6043673 0.6043673 -0.519115
vn -0.4273521 0.7401958 -0.519115
vn -0.2212138 0.825581 -0.519115
vn -0.8054399 0.215817 -0.5519869
vn -0.7221377 0.4169264 -0.551987
vn -0.5896229 0.5896229 -0.5519869
vn -0.4169264 0.7221377 -0.5519869
vn -0.215817 0.8054399 -0.5519869
vn -0.9448202 0.2531638 -0.2079011
vn -0.8471026 0.489075 -0.2079011
vn -0.6916564 0.6916564 -0.2079011
vn -0.4890749 0.8471027 -0.2079012
vn -0.2531638 0.9448203 -0.207901
vn -0.6830124 0.1830126 0.7071071
vn -0.6123722 0.3535532 0.7071071
vn -0.4999998 0.4999998 0.7071071
vn -0.3535532 0.6123722 0.7071071
vn -0.1830126 0.6830124 0.7071071
vn -0.31903 0 0.9477446
vn -0.3081593 -0.08257104 0.9477446
vn -0.2762881 -0.159515 0.9477446
vn -0.2255882 -0.2255882 0.9477446
vn -0.1595149 -0.2762881 0.9477447
vn -0.08257105 -0.3081593 0.9477446
vn 1.394524e-8 -0.31903 0.9477446
vn -0.2130392 0 0.9770437
vn -0.2057801 -0.0551386 0.9770436
vn -0.1844974 -0.1065196 0.9770436
vn -0.1506415 -0.1506415 0.9770437
vn -0.1065196 -0.1844974 0.9770437
vn -0.0551386 -0.2057801 0.9770436
vn 9.312241e-9 -0.2130392 0.9770437
vn -0.206788 0 0.9783858
vn -0.1997418 -0.05352065 0.9783858
vn -0.1790836 -0.103394 0.9783858
vn -0.1462212 -0.1462212 0.9783858
vn -0.103394 -0.1790836 0.9783858
vn -0.05352065 -0.1997418 0.9783858
vn 9.038988e-9 -0.206788 0.9783858
vn -0.2747212 0 0.9615239
vn -0.2653603 -0.07110306 0.961524
vn -0.2379155 -0.1373606 0.9615239
vn -0.1942572 -0.1942572 0.9615239
vn -0.1373606 -0.2379156 0.9615239
vn -0.07110307 -0.2653603 0.961524
vn 1.200844e-8 -0.2747212 0.9615239
vn -0.5072542 0 0.8617964
vn -0.48997 -0.131287 0.8617964
vn -0.4392951 -0.2536272 0.8617964
vn -0.358683 -0.358683 0.8617964
vn -0.2536271 -0.4392951 0.8617964
vn -0.1312871 -0.48997 0.8617964
vn 2.217279e-8 -0.5072542 0.8617964
vn -1 0 0
vn -0.9659258 -0.258819 -0.000001023838
vn -0.8660254 -0.5000001 -8.60318e-7
vn -0.7071068 -0.7071068 -7.024468e-7
vn -0.4999999 -0.8660254 0
vn -0.258819 -0.9659258 -0.000001023838
vn 4.371139e-8 -1 0
vn 0.08257104 -0.3081593 0.9477446
vn 0.159515 -0.2762881 0.9477446
vn 0.2255882 -0.2255882 0.9477446
vn 0.2762881 -0.1595149 0.9477447
vn 0.3081593 -0.08257105 0.9477446
vn 0.31903 1.394524e-8 0.9477446
vn 0.0551386 -0.2057801 0.9770436
vn 0.1065196 -0.1844974 0.9770436
vn 0.1506415 -0.1506415 0.9770437
vn 0.1844974 -0.1065196 0.9770437
vn 0.2057801 -0.0551386 0.9770436
vn 0.2130392 9.312241e-9 0.9770437
vn 0.05352065 -0.1997418 0.9783858
vn 0.103394 -0.1790836 0.9783858
vn 0.1462212 -0.1462212 0.9783858
vn 0.1790836 -0.103394 0.9783858
vn 0.1997418 -0.05352065 0.9783858
vn 0.206788 9.038988e-9 0.9783858
vn 0.07110306 -0.2653603 0.961524
vn 0.1373606 -0.2379155 0.9615239
vn 0.1942572 -0.1942572 0.9615239
vn 0.2379156 -0.1373606 0.9615239
vn 0.2653603 -0.07110307 0.961524
vn 0.2747212 1.200844e-8 0.9615239
vn 0.131287 -0.48997 0.8617964
vn 0.2536272 -0.4392951 0.8617964
vn 0.358683 -0.358683 0.8617964
vn 0.4392951 -0.2536271 0.8617964
vn 0.48997 -0.1312871 0.8617964
vn 0.5072542 2.217279e-8 0.8617964
vn 0.258819 -0.9659258 -0.000001023838
vn 0.5000001 -0.8660254 -8.60318e-7
vn 0.7071068 -0.7071068 -7.024468e-7
vn 0.8660254 -0.4999999 0
vn 0.9659258 -0.258819 -0.000001023838
vn 1 4.371139e-8 0
vn 0 0.31903 0.9477446
vn 0.08257104 0.3081593 0.9477446
vn 0.159515 0.2762881 0.9477446
vn 0.2255882 0.2255882 0.9477446
vn 0.2762881 0.1595149 0.9477447
vn 0.3081593 0.08257105 0.9477446
vn 0 0.2130392 0.9770437
vn 0.0551386 0.2057801 0.9770436
vn 0.1065196 0.1844974 0.9770436
vn 0.1506415 0.1506415 0.9770437
vn 0.1844974 0.1065196 0.9770437
vn 0.2057801 0.0551386 0.9770436
vn 0 0.206788 0.9783858
vn 0.05352065 0.1997418 0.9783858
vn 0.103394 0.1790836 0.9783858
vn 0.1462212 0.1462212 0.9783858
vn 0.1790836 0.103394 0.9783858
vn 0.1997418 0.05352065 0.9783858
vn 0 0.2747212 0.9615239
vn 0.07110306 0.2653603 0.961524
vn 0.1373606 0.2379155 0.9615239
vn 0.1942572 0.1942572 0.9615239
vn 0.2379156 0.1373606 0.9615239
vn 0.2653603 0.07110307 0.961524
vn 0 0.5072542 0.8617964
vn 0.131287 0.48997 0.8617964
vn 0.2536272 0.4392951 0.8617964
vn 0.358683 0.358683 0.8617964
vn 0.4392951 0.2536271 0.8617964
vn 0.48997 0.1312871 0.8617964
vn 0 1 0
vn 0.258819 0.9659258 -0.000001023838
vn 0.5000001 0.8660254 -8.60318e-7
vn 0.7071068 0.7071068 -7.024468e-7
vn 0.8660254 0.4999999 0
vn 0.9659258 0.258819 -0.000001023838
vn -0.3081593 0.08257104 0.9477446
vn -0.2762881 0.159515 0.9477446
vn -0.2255882 0.2255882 0.9477446
vn -0.1595149 0.2762881 0.9477447
vn -0.08257105 0.3081593 0.9477446
vn -0.2057801 0.0551386 0.9770436
vn -0.1844974 0.1065196 0.9770436
vn -0.1506415 0.1506415 0.9770437
vn -0.1065196 0.1844974 0.9770437
vn -0.0551386 0.2057801 0.9770436
vn -0.1997418 0.05352065 0.9783858
vn -0.1790836 0.103394 0.9783858
vn -0.1462212 0.1462212 0.9783858
vn -0.103394 0.1790836 0.9783858
vn -0.05352065 0.1997418 0.9783858
vn -0.2653603 0.07110306 0.961524
vn -0.2379155 0.1373606 0.9615239
vn -0.1942572 0.1942572 0.9615239
vn -0.1373606 0.2379156 0.9615239
vn -0.07110307 0.2653603 0.961524
vn -0.48997 0.131287 0.8617964
vn -0.4392951 0.2536272 0.8617964
vn -0.358683 0.358683 0.8617964
vn -0.2536271 0.4392951 0.8617964
vn -0.1312871 0.48997 0.8617964
vn -0.9659258 0.258819 -0.000001023838
vn -0.8660254 0.5000001 -8.60318e-7
vn -0.7071068 0.7071068 -7.024468e-7
vn -0.4999999 0.8660254 0
vn -0.258819 0.9659258 -0.000001023838
vn 0.9417421 0 -0.3363358
vn 0.9096531 0.2437408 -0.3363357
vn 0.8155726 0.4708711 -0.3363357
vn 0.6659124 0.6659124 -0.3363349
vn 0.4708711 0.8155727 -0.3363355
vn 0.2437408 0.9096531 -0.3363356
vn -4.116485e-8 0.9417421 -0.3363358
vn 0.9966457 0 -0.08183593
vn 0.9626861 0.2579509 -0.08183564
vn 0.8631207 0.4983229 -0.08183564
vn 0.704735 0.704735 -0.08183562
vn 0.4983229 0.8631206 -0.08183613
vn 0.2579509 0.9626859 -0.08183562
vn -4.356477e-8 0.9966457 -0.08183593
vn 0.8872711 0 0.4612482
vn 0.8570376 0.2296425 0.4612492
vn 0.7683992 0.4436355 0.4612485
vn 0.6273957 0.6273957 0.4612475
vn 0.4436356 0.7683995 0.461248
vn 0.2296426 0.8570376 0.4612492
vn -3.878385e-8 0.8872711 0.4612482
vn 0.03372478 0 0.9994312
vn 0.03257392 0.008728154 0.9994313
vn 0.02920652 0.01686239 0.9994312
vn 0.02384706 0.02384706 0.9994311
vn 0.01686196 0.02920577 0.9994312
vn 0.008728156 0.03257392 0.9994313
vn -1.474157e-9 0.03372478 0.9994312
vn -0.6991698 0 0.7149556
vn -0.6753458 -0.1809584 0.7149559
vn -0.6054989 -0.3495849 0.7149557
vn -0.4943879 -0.4943879 0.7149553
vn -0.3495848 -0.6054987 0.7149559
vn -0.1809584 -0.6753459 0.7149559
vn 3.056168e-8 -0.6991698 0.7149556
vn -0.9008203 0 0.4341921
vn -0.8701252 -0.2331493 0.434193
vn -0.7801333 -0.4504102 0.4341921
vn -0.6369761 -0.6369761 0.4341922
vn -0.4504099 -0.7801329 0.4341928
vn -0.2331493 -0.8701251 0.434193
vn 3.93761e-8 -0.9008203 0.4341921
vn -0.9417424 0 0.3363349
vn -0.9096531 -0.2437408 0.3363356
vn -0.815573 -0.4708713 0.3363347
vn -0.6659124 -0.6659124 0.3363349
vn -0.470871 -0.8155726 0.3363357
vn -0.2437408 -0.9096531 0.3363356
vn 4.116486e-8 -0.9417424 0.3363349
vn -0.2437408 0.9096531 -0.3363357
vn -0.4708711 0.8155726 -0.3363357
vn -0.6659124 0.6659124 -0.3363349
vn -0.8155727 0.4708711 -0.3363355
vn -0.9096531 0.2437408 -0.3363356
vn -0.9417421 -4.116485e-8 -0.3363358
vn -0.2579509 0.9626861 -0.08183564
vn -0.4983229 0.8631207 -0.08183564
vn -0.704735 0.704735 -0.08183562
vn -0.8631206 0.4983229 -0.08183613
vn -0.9626859 0.2579509 -0.08183562
vn -0.9966457 -4.356477e-8 -0.08183593
vn -0.2296425 0.8570376 0.4612492
vn -0.4436355 0.7683992 0.4612485
vn -0.6273957 0.6273957 0.4612475
vn -0.7683995 0.4436356 0.461248
vn -0.8570376 0.2296426 0.4612492
vn -0.8872711 -3.878385e-8 0.4612482
vn -0.008728154 0.03257392 0.9994313
vn -0.01686239 0.02920652 0.9994312
vn -0.02384706 0.02384706 0.9994311
vn -0.02920577 0.01686196 0.9994312
vn -0.03257392 0.008728156 0.9994313
vn -0.03372478 -1.474157e-9 0.9994312
vn 0.1809584 -0.6753458 0.7149559
vn 0.3495849 -0.6054989 0.7149557
vn 0.4943879 -0.4943879 0.7149553
vn 0.6054987 -0.3495848 0.7149559
vn 0.6753459 -0.1809584 0.7149559
vn 0.6991698 3.056168e-8 0.7149556
vn 0.2331493 -0.8701252 0.434193
vn 0.4504102 -0.7801333 0.4341921
vn 0.6369761 -0.6369761 0.4341922
vn 0.7801329 -0.4504099 0.4341928
vn 0.8701251 -0.2331493 0.434193
vn 0.9008203 3.93761e-8 0.4341921
vn 0.2437408 -0.9096531 0.3363356
vn 0.4708713 -0.815573 0.3363347
vn 0.6659124 -0.6659124 0.3363349
vn 0.8155726 -0.470871 0.3363357
vn 0.9096531 -0.2437408 0.3363356
vn 0.9417424 4.116486e-8 0.3363349
vn 0 -0.9417421 -0.3363358
vn -0.2437408 -0.9096531 -0.3363357
vn -0.4708711 -0.8155726 -0.3363357
vn -0.6659124 -0.6659124 -0.3363349
vn -0.8155727 -0.4708711 -0.3363355
vn -0.9096531 -0.2437408 -0.3363356
vn 0 -0.9966457 -0.08183593
vn -0.2579509 -0.9626861 -0.08183564
vn -0.4983229 -0.8631207 -0.08183564
vn -0.704735 -0.704735 -0.08183562
vn -0.8631206 -0.4983229 -0.08183613
vn -0.9626859 -0.2579509 -0.08183562
vn 0 -0.8872711 0.4612482
vn -0.2296425 -0.8570376 0.4612492
vn -0.4436355 -0.7683992 0.4612485
vn -0.6273957 -0.6273957 0.4612475
vn -0.7683995 -0.4436356 0.461248
vn -0.8570376 -0.2296426 0.4612492
vn 0 -0.03372478 0.9994312
vn -0.008728154 -0.03257392 0.9994313
vn -0.01686239 -0.02920652 0.9994312
vn -0.02384706 -0.02384706 0.9994311
vn -0.02920577 -0.01686196 0.9994312
vn -0.03257392 -0.008728156 0.9994313
vn 0 0.6991698 0.7149556
vn 0.1809584 0.6753458 0.7149559
vn 0.3495849 0.6054989 0.7149557
vn 0.4943879 0.4943879 0.7149553
vn 0.6054987 0.3495848 0.7149559
vn 0.6753459 0.1809584 0.7149559
vn 0 0.9008203 0.4341921
vn 0.2331493 0.8701252 0.434193
vn 0.4504102 0.7801333 0.4341921
vn 0.6369761 0.6369761 0.4341922
vn 0.7801329 0.4504099 0.4341928
vn 0.8701251 0.2331493 0.434193
vn 0 0.9417424 0.3363349
vn 0.2437408 0.9096531 0.3363356
vn 0.4708713 0.815573 0.3363347
vn 0.6659124 0.6659124 0.3363349
vn 0.8155726 0.470871 0.3363357
vn 0.9096531 0.2437408 0.3363356
vn 0.9096531 -0.2437408 -0.3363357
vn 0.8155726 -0.4708711 -0.3363357
vn 0.6659124 -0.6659124 -0.3363349
vn 0.4708711 -0.8155727 -0.3363355
vn 0.2437408 -0.9096531 -0.3363356
vn 0.9626861 -0.2579509 -0.08183564
vn 0.8631207 -0.4983229 -0.08183564
vn 0.704735 -0.704735 -0.08183562
vn 0.4983229 -0.8631206 -0.08183613
vn 0.2579509 -0.9626859 -0.08183562
vn 0.8570376 -0.2296425 0.4612492
vn 0.7683992 -0.4436355 0.4612485
vn 0.6273957 -0.6273957 0.4612475
vn 0.4436356 -0.7683995 0.461248
vn 0.2296426 -0.8570376 0.4612492
vn 0.03257392 -0.008728154 0.9994313
vn 0.02920652 -0.01686239 0.9994312
vn 0.02384706 -0.02384706 0.9994311
vn 0.01686196 -0.02920577 0.9994312
vn 0.008728156 -0.03257392 0.9994313
vn -0.6753458 0.1809584 0.7149559
vn -0.6054989 0.3495849 0.7149557
vn -0.4943879 0.4943879 0.7149553
vn -0.3495848 0.6054987 0.7149559
vn -0.1809584 0.6753459 0.7149559
vn -0.8701252 0.2331493 0.434193
vn -0.7801333 0.4504102 0.4341921
vn -0.6369761 0.6369761 0.4341922
vn -0.4504099 0.7801329 0.4341928
vn -0.2331493 0.8701251 0.434193
vn -0.9096531 0.2437408 0.3363356
vn -0.815573 0.4708713 0.3363347
vn -0.6659124 0.6659124 0.3363349
vn -0.470871 0.8155726 0.3363357
vn -0.2437408 0.9096531 0.3363356
vn -0.9195454 -0.2463914 0.3061496
vn -0.8244419 -0.4759917 0.3061496
vn -0.6731539 -0.6731539 0.3061496
vn -0.4759917 -0.8244418 0.3061497
vn -0.2463915 -0.9195454 0.3061496
vn 4.161252e-8 -0.9519834 0.3061497
vn -0.958342 0 0.2856233
vn -0.9256873 -0.2480371 0.2856233
vn -0.8299485 -0.479171 0.2856233
vn -0.6776501 -0.6776501 0.2856231
vn -0.4791709 -0.8299485 0.2856233
vn -0.2480372 -0.9256873 0.2856233
vn 4.189045e-8 -0.958342 0.2856233
vn -0.9642816 0 0.2648792
vn -0.9314245 -0.2495744 0.2648792
vn -0.8350924 -0.4821408 0.2648792
vn -0.6818501 -0.6818501 0.2648792
vn -0.4821407 -0.8350924 0.2648792
vn -0.2495744 -0.9314245 0.2648792
vn 4.215009e-8 -0.9642816 0.2648792
vn -0.9735002 0 0.2286861
vn -0.940329 -0.2519604 0.2286862
vn -0.8430759 -0.4867501 0.2286862
vn -0.6883686 -0.6883686 0.2286864
vn -0.48675 -0.8430759 0.2286862
vn -0.2519604 -0.940329 0.2286862
vn 4.255304e-8 -0.9735002 0.2286861
vn -0.9882116 0 0.1530938
vn -0.9545392 -0.255768 0.1530939
vn -0.8558164 -0.4941058 0.153094
vn -0.6987712 -0.6987712 0.1530941
vn -0.4941058 -0.8558164 0.1530939
vn -0.255768 -0.9545392 0.1530939
vn 4.319611e-8 -0.9882116 0.1530938
vn -0.9659258 -0.258819 0
vn -0.8660254 -0.5 0
vn -0.7071068 -0.7071068 -4.682983e-7
vn -0.4999999 -0.8660254 0
vn -0.2588191 -0.9659258 0
vn 4.371139e-8 -1 0
vn 0.2463914 -0.9195454 0.3061496
vn 0.4759917 -0.8244419 0.3061496
vn 0.6731539 -0.6731539 0.3061496
vn 0.8244418 -0.4759917 0.3061497
vn 0.9195454 -0.2463915 0.3061496
vn 0.9519834 4.161252e-8 0.3061497
vn 0.2480371 -0.9256873 0.2856233
vn 0.479171 -0.8299485 0.2856233
vn 0.6776501 -0.6776501 0.2856231
vn 0.8299485 -0.4791709 0.2856233
vn 0.9256873 -0.2480372 0.2856233
vn 0.958342 4.189045e-8 0.2856233
vn 0.2495744 -0.9314245 0.2648792
vn 0.4821408 -0.8350924 0.2648792
vn 0.6818501 -0.6818501 0.2648792
vn 0.8350924 -0.4821407 0.2648792
vn 0.9314245 -0.2495744 0.2648792
vn 0.9642816 4.215009e-8 0.2648792
vn 0.2519604 -0.940329 0.2286862
vn 0.4867501 -0.8430759 0.2286862
vn 0.6883686 -0.6883686 0.2286864
vn 0.8430759 -0.48675 0.2286862
vn 0.940329 -0.2519604 0.2286862
vn 0.255768 -0.9545392 0.1530939
vn 0.4941058 -0.8558164 0.153094
vn 0.6987712 -0.6987712 0.1530941
vn 0.8558164 -0.4941058 0.1530939
vn 0.258819 -0.9659258 0
vn 0.5 -0.8660254 0
vn 0.7071068 -0.7071068 -4.682983e-7
vn 0.8660254 -0.4999999 0
vn 0.9659258 -0.2588191 0
vn 0 0.9519834 0.3061497
vn 0.2463914 0.9195454 0.3061496
vn 0.4759917 0.8244419 0.3061496
vn 0.6731539 0.6731539 0.3061496
vn 0.8244418 0.4759917 0.3061497
vn 0.9195454 0.2463915 0.3061496
vn 0 0.958342 0.2856233
vn 0.2480371 0.9256873 0.2856233
vn 0.479171 0.8299485 0.2856233
vn 0.6776501 0.6776501 0.2856231
vn 0.8299485 0.4791709 0.2856233
vn 0.9256873 0.2480372 0.2856233
vn 0 0.9642816 0.2648792
vn 0.2495744 0.9314245 0.2648792
vn 0.4821408 0.8350924 0.2648792
vn 0.6818501 0.6818501 0.2648792
vn 0.8350924 0.4821407 0.2648792
vn 0.9314245 0.2495744 0.2648792
vn 0 0.9735002 0.2286861
vn 0.2519604 0.940329 0.2286862
vn 0.4867501 0.8430759 0.2286862
vn 0.6883686 0.6883686 0.2286864
vn 0.8430759 0.48675 0.2286862
vn 0.940329 0.2519604 0.2286862
vn 0 0.9882116 0.1530938
vn 0.255768 0.9545392 0.1530939
vn 0.4941058 0.8558164 0.153094
vn 0.6987712 0.6987712 0.1530941
vn 0.8558164 0.4941058 0.1530939
vn 0 1 0
vn 0.258819 0.9659258 0
vn 0.5 0.8660254 0
vn 0.7071068 0.7071068 -4.682983e-7
vn 0.8660254 0.4999999 0
vn 0.9659258 0.2588191 0
vn -0.9195454 0.2463914 0.3061496
vn -0.8244419 0.4759917 0.3061496
vn -0.6731539 0.6731539 0.3061496
vn -0.4759917 0.8244418 0.3061497
vn -0.2463915 0.9195454 0.3061496
vn -0.9256873 0.2480371 0.2856233
vn -0.8299485 0.479171 0.2856233
vn -0.6776501 0.6776501 0.2856231
vn -0.4791709 0.8299485 0.2856233
vn -0.2480372 0.9256873 0.2856233
vn -0.9314245 0.2495744 0.2648792
vn -0.8350924 0.4821408 0.2648792
vn -0.6818501 0.6818501 0.2648792
vn -0.4821407 0.8350924 0.2648792
vn -0.2495744 0.9314245 0.2648792
vn -0.940329 0.2519604 0.2286862
vn -0.8430759 0.4867501 0.2286862
vn -0.6883686 0.6883686 0.2286864
vn -0.48675 0.8430759 0.2286862
vn -0.2519604 0.940329 0.2286862
vn -0.9545392 0.255768 0.1530939
vn -0.8558164 0.4941058 0.153094
vn -0.6987712 0.6987712 0.1530941
vn -0.4941058 0.8558164 0.1530939
vn -0.255768 0.9545392 0.1530939
vn -0.9659258 0.258819 0
vn -0.8660254 0.5 0
vn -0.7071068 0.7071068 -4.682983e-7
vn -0.4999999 0.8660254 0
vn -0.2588191 0.9659258 0
vn -0.9386819 -0.2515191 -0.2358272
vn -0.8415992 -0.4858975 -0.2358273
vn -0.6871629 -0.6871629 -0.2358272
vn -0.4858975 -0.8415992 -0.2358272
vn -0.2515191 -0.9386819 -0.2358272
vn 4.247851e-8 -0.971795 -0.2358272
vn -0.8852063 0 -0.4651985
vn -0.8550436 -0.2291083 -0.4651985
vn -0.7666112 -0.4426032 -0.4651985
vn -0.6259354 -0.6259354 -0.4651987
vn -0.4426031 -0.7666113 -0.4651985
vn -0.2291083 -0.8550436 -0.4651985
vn 3.869359e-8 -0.8852063 -0.4651985
vn -0.7834345 0 -0.6214745
vn -0.7567396 -0.2027677 -0.6214744
vn -0.6784742 -0.3917173 -0.6214744
vn -0.5539717 -0.5539717 -0.6214745
vn -0.3917172 -0.6784741 -0.6214744
vn -0.2027678 -0.7567396 -0.6214744
vn 3.424501e-8 -0.7834345 -0.6214745
vn -0.7215329 0 -0.6923802
vn -0.6969473 -0.1867464 -0.6923801
vn -0.6248659 -0.3607665 -0.6923801
vn -0.5102008 -0.5102008 -0.6923802
vn -0.3607664 -0.6248658 -0.6923802
vn -0.1867465 -0.6969473 -0.6923801
vn 3.15392e-8 -0.7215329 -0.6923802
vn -0.7594335 0 -0.6505848
vn -0.7335564 -0.1965559 -0.6505848
vn -0.6576887 -0.3797167 -0.650585
vn -0.5370006 -0.5370006 -0.6505848
vn -0.3797168 -0.6576887 -0.6505849
vn -0.1965559 -0.7335564 -0.6505848
vn 3.31959e-8 -0.7594335 -0.6505848
vn -1 0 0
vn -0.9659258 -0.258819 0
vn -0.8660254 -0.5 -0.000001720638
vn -0.7071068 -0.7071068 0
vn -0.4999999 -0.8660254 -4.967052e-7
vn -0.258819 -0.9659258 0
vn 4.371139e-8 -1 0
vn 0.2515191 -0.9386819 -0.2358272
vn 0.4858975 -0.8415992 -0.2358273
vn 0.6871629 -0.6871629 -0.2358272
vn 0.8415992 -0.4858975 -0.2358272
vn 0.9386819 -0.2515191 -0.2358272
vn 0.2291083 -0.8550436 -0.4651985
vn 0.4426032 -0.7666112 -0.4651985
vn 0.6259354 -0.6259354 -0.4651987
vn 0.7666113 -0.4426031 -0.4651985
vn 0.8550436 -0.2291083 -0.4651985
vn 0.8852063 3.869359e-8 -0.4651985
vn 0.2027677 -0.7567396 -0.6214744
vn 0.3917173 -0.6784742 -0.6214744
vn 0.5539717 -0.5539717 -0.6214745
vn 0.6784741 -0.3917172 -0.6214744
vn 0.7567396 -0.2027678 -0.6214744
vn 0.7834345 3.424501e-8 -0.6214745
vn 0.1867464 -0.6969473 -0.6923801
vn 0.3607665 -0.6248659 -0.6923801
vn 0.5102008 -0.5102008 -0.6923802
vn 0.6248658 -0.3607664 -0.6923802
vn 0.6969473 -0.1867465 -0.6923801
vn 0.7215329 3.15392e-8 -0.6923802
vn 0.1965559 -0.7335564 -0.6505848
vn 0.3797167 -0.6576887 -0.650585
vn 0.5370006 -0.5370006 -0.6505848
vn 0.6576887 -0.3797168 -0.6505849
vn 0.7335564 -0.1965559 -0.6505848
vn 0.7594335 3.31959e-8 -0.6505848
vn 0.258819 -0.9659258 0
vn 0.5 -0.8660254 -0.000001720638
vn 0.7071068 -0.7071068 0
vn 0.8660254 -0.4999999 -4.967052e-7
vn 0.9659258 -0.258819 0
vn 1 4.371139e-8 0
vn 0 0.971795 -0.2358272
vn 0.2515191 0.9386819 -0.2358272
vn 0.4858975 0.8415992 -0.2358273
vn 0.6871629 0.6871629 -0.2358272
vn 0.8415992 0.4858975 -0.2358272
vn 0.9386819 0.2515191 -0.2358272
vn 0 0.8852063 -0.4651985
vn 0.2291083 0.8550436 -0.4651985
vn 0.4426032 0.7666112 -0.4651985
vn 0.6259354 0.6259354 -0.4651987
vn 0.7666113 0.4426031 -0.4651985
vn 0.8550436 0.2291083 -0.4651985
vn 0 0.7834345 -0.6214745
vn 0.2027677 0.7567396 -0.6214744
vn 0.3917173 0.6784742 -0.6214744
vn 0.5539717 0.5539717 -0.6214745
vn 0.6784741 0.3917172 -0.6214744
vn 0.7567396 0.2027678 -0.6214744
vn 0 0.7215329 -0.6923802
vn 0.1867464 0.6969473 -0.6923801
vn 0.3607665 0.6248659 -0.6923801
vn 0.5102008 0.5102008 -0.6923802
vn 0.6248658 0.3607664 -0.6923802
vn 0.6969473 0.1867465 -0.6923801
vn 0 0.7594335 -0.6505848
vn 0.1965559 0.7335564 -0.6505848
vn 0.3797167 0.6576887 -0.650585
vn 0.5370006 0.5370006 -0.6505848
vn 0.6576887 0.3797168 -0.6505849
vn 0.7335564 0.1965559 -0.6505848
vn 0 1 0
vn 0.258819 0.9659258 0
vn 0.5 0.8660254 -0.000001720638
vn 0.7071068 0.7071068 0
vn 0.8660254 0.4999999 -4.967052e-7
vn 0.9659258 0.258819 0
vn -0.9386819 0.2515191 -0.2358272
vn -0.8415992 0.4858975 -0.2358273
vn -0.6871629 0.6871629 -0.2358272
vn -0.4858975 0.8415992 -0.2358272
vn -0.2515191 0.9386819 -0.2358272
vn -0.8550436 0.2291083 -0.4651985
vn -0.7666112 0.4426032 -0.4651985
vn -0.6259354 0.6259354 -0.4651987
vn -0.4426031 0.7666113 -0.4651985
vn -0.2291083 0.8550436 -0.4651985
vn -0.7567396 0.2027677 -0.6214744
vn -0.6784742 0.3917173 -0.6214744
vn -0.5539717 0.5539717 -0.6214745
vn -0.3917172 0.6784741 -0.6214744
vn -0.2027678 0.7567396 -0.6214744
vn -0.6969473 0.1867464 -0.6923801
vn -0.6248659 0.3607665 -0.6923801
vn -0.5102008 0.5102008 -0.6923802
vn -0.3607664 0.6248658 -0.6923802
vn -0.1867465 0.6969473 -0.6923801
vn -0.7335564 0.1965559 -0.6505848
vn -0.6576887 0.3797167 -0.650585
vn -0.5370006 0.5370006 -0.6505848
vn -0.3797168 0.6576887 -0.6505849
vn -0.1965559 0.7335564 -0.6505848
vn -0.9659258 0.258819 0
vn -0.8660254 0.5 -0.000001720638
vn -0.7071068 0.7071068 0
vn -0.4999999 0.8660254 -4.967052e-7
vn -0.258819 0.9659258 0
vn -0.8493589 0 -0.5278159
vn -0.8204175 -0.2198302 -0.5278161
vn -0.7355663 -0.4246794 -0.5278158
vn -0.6005874 -0.6005874 -0.5278158
vn -0.4246793 -0.7355664 -0.5278159
vn -0.2198302 -0.8204175 -0.5278161
vn 3.712665e-8 -0.8493589 -0.5278159
vn -0.4207249 0 -0.9071883
vn -0.406389 -0.1088916 -0.9071882
vn -0.3643585 -0.2103625 -0.9071883
vn -0.2974975 -0.2974975 -0.9071882
vn -0.2103625 -0.3643585 -0.9071883
vn -0.1088916 -0.406389 -0.9071882
vn 1.839047e-8 -0.4207249 -0.9071883
vn -0.1871121 0 -0.9823386
vn -0.1807364 -0.04842817 -0.9823386
vn -0.1620439 -0.09355606 -0.9823386
vn -0.1323082 -0.1323082 -0.9823386
vn -0.09355604 -0.1620438 -0.9823385
vn -0.04842817 -0.1807364 -0.9823386
vn 8.17893e-9 -0.1871121 -0.9823386
vn -0.08304548 0 -0.9965458
vn -0.08021577 -0.02149375 -0.9965458
vn -0.07191949 -0.04152274 -0.9965458
vn -0.05872202 -0.05872202 -0.9965458
vn -0.04152273 -0.07191949 -0.9965458
vn -0.02149375 -0.08021577 -0.9965458
vn 3.630033e-9 -0.08304548 -0.9965458
vn -0.03022674 0 -0.9995431
vn -0.02919679 -0.007823255 -0.9995431
vn -0.02617713 -0.01511337 -0.9995431
vn -0.02137353 -0.02137353 -0.9995431
vn -0.01511336 -0.02617712 -0.9995431
vn -0.007823255 -0.02919679 -0.9995431
vn 1.321253e-9 -0.03022674 -0.9995431
vn 0 0 -1
vn 0.2198302 -0.8204175 -0.5278161
vn 0.4246794 -0.7355663 -0.5278158
vn 0.6005874 -0.6005874 -0.5278158
vn 0.7355664 -0.4246793 -0.5278159
vn 0.8204175 -0.2198302 -0.5278161
vn 0.8493589 3.712665e-8 -0.5278159
vn 0.1088916 -0.406389 -0.9071882
vn 0.2103625 -0.3643585 -0.9071883
vn 0.2974975 -0.2974975 -0.9071882
vn 0.3643585 -0.2103625 -0.9071883
vn 0.406389 -0.1088916 -0.9071882
vn 0.4207249 1.839047e-8 -0.9071883
vn 0.04842817 -0.1807364 -0.9823386
vn 0.09355606 -0.1620439 -0.9823386
vn 0.1323082 -0.1323082 -0.9823386
vn 0.1620438 -0.09355604 -0.9823385
vn 0.1807364 -0.04842817 -0.9823386
vn 0.1871121 8.17893e-9 -0.9823386
vn 0.02149375 -0.08021577 -0.9965458
vn 0.04152274 -0.07191949 -0.9965458
vn 0.05872202 -0.05872202 -0.9965458
vn 0.07191949 -0.04152273 -0.9965458
vn 0.08021577 -0.02149375 -0.9965458
vn 0.08304548 3.630033e-9 -0.9965458
vn 0.007823255 -0.02919679 -0.9995431
vn 0.01511337 -0.02617713 -0.9995431
vn 0.02137353 -0.02137353 -0.9995431
vn 0.02617712 -0.01511336 -0.9995431
vn 0.02919679 -0.007823255 -0.9995431
vn 0.03022674 1.321253e-9 -0.9995431
vn 0 0.8493589 -0.5278159
vn 0.2198302 0.8204175 -0.5278161
vn 0.4246794 0.7355663 -0.5278158
vn 0.6005874 0.6005874 -0.5278158
vn 0.7355664 0.4246793 -0.5278159
vn 0.8204175 0.2198302 -0.5278161
vn 0 0.4207249 -0.9071883
vn 0.1088916 0.406389 -0.9071882
vn 0.2103625 0.3643585 -0.9071883
vn 0.2974975 0.2974975 -0.9071882
vn 0.3643585 0.2103625 -0.9071883
vn 0.406389 0.1088916 -0.9071882
vn 0 0.1871121 -0.9823386
vn 0.04842817 0.1807364 -0.9823386
vn 0.09355606 0.1620439 -0.9823386
vn 0.1323082 0.1323082 -0.9823386
vn 0.1620438 0.09355604 -0.9823385
vn 0.1807364 0.04842817 -0.9823386
vn 0 0.08304548 -0.9965458
vn 0.02149375 0.08021577 -0.9965458
vn 0.04152274 0.07191949 -0.9965458
vn 0.05872202 0.05872202 -0.9965458
vn 0.07191949 0.04152273 -0.9965458
vn 0.08021577 0.02149375 -0.9965458
vn 0 0.03022674 -0.9995431
vn 0.007823255 0.02919679 -0.9995431
vn 0.01511337 0.02617713 -0.9995431
vn 0.02137353 0.02137353 -0.9995431
vn 0.02617712 0.01511336 -0.9995431
vn 0.02919679 0.007823255 -0.9995431
vn -0.8204175 0.2198302 -0.5278161
vn -0.7355663 0.4246794 -0.5278158
vn -0.6005874 0.6005874 -0.5278158
vn -0.4246793 0.7355664 -0.5278159
vn -0.2198302 0.8204175 -0.5278161
vn -0.406389 0.1088916 -0.9071882
vn -0.3643585 0.2103625 -0.9071883
vn -0.2974975 0.2974975 -0.9071882
vn -0.2103625 0.3643585 -0.9071883
vn -0.1088916 0.406389 -0.9071882
vn -0.1807364 0.04842817 -0.9823386
vn -0.1620439 0.09355606 -0.9823386
vn -0.1323082 0.1323082 -0.9823386
vn -0.09355604 0.1620438 -0.9823385
vn -0.04842817 0.1807364 -0.9823386
vn -0.08021577 0.02149375 -0.9965458
vn -0.07191949 0.04152274 -0.9965458
vn -0.05872202 0.05872202 -0.9965458
vn -0.04152273 0.07191949 -0.9965458
vn -0.02149375 0.08021577 -0.9965458
vn -0.02919679 0.007823255 -0.9995431
vn -0.02617713 0.01511337 -0.9995431
vn -0.02137353 0.02137353 -0.9995431
vn -0.01511336 0.02617712 -0.9995431
vn -0.007823255 0.02919679 -0.9995431
vn 0.4714805 0 -0.8818764
vn 0.3884428 0.5499132 -0.7393968
vn 0.1754176 0.9058628 -0.3855403
vn -0.06288806 0.9979411 -0.01259804
vn -0.3099084 0.8845193 0.3486868
vn -0.5354983 0.5199906 0.6654707
vn -0.620729 0 0.7840252
vn 0.8446661 0 -0.5352936
vn 0.7446519 0.4485803 -0.4942361
vn 0.3863097 0.8644021 -0.3218287
vn -0.1227007 0.9912903 -0.04783267
vn -0.5690652 0.794406 0.2123296
vn -0.8339686 0.4020207 0.377989
vn -0.904726 0 0.4259941
vn 0.9600551 0 -0.2798111
vn 0.8757865 0.3930411 -0.2802083
vn 0.5082439 0.8294169 -0.2318531
vn -0.1217542 0.9891091 -0.08269853
vn -0.6478235 0.7568563 0.08656349
vn -0.9109059 0.3646351 0.193111
vn -0.9744188 0 0.2247399
vn 0.9682944 0 -0.249812
vn 0.8589366 0.4451638 -0.2530951
vn 0.4741146 0.8543113 -0.2129965
vn -0.06271044 0.9936315 -0.09361443
vn -0.5543366 0.8296212 0.06663045
vn -0.8764682 0.4375886 0.2007976
vn -0.9688007 0 0.2478411
vn 0.9087991 0 -0.417234
vn 0.7432201 0.5513369 -0.3790138
vn 0.3669277 0.8943666 -0.2558759
vn -0.01254076 0.9966114 -0.08129277
vn -0.3900812 0.9087722 0.1482216
vn -0.7361215 0.5483417 0.3967954
vn -0.8651896 0 0.5014449
vn 0.7071065 0 -0.7071071
vn -0.5144957 0 0.857493
vn 0.3000644 0 -0.9539189
vn 0.2337508 0.5869905 -0.7751148
vn 0.1963559 0.7298541 -0.6547956
vn 0.110573 0.9176763 -0.3816329
vn 0.0009338416 0.9948944 -0.1009177
vn -0.03420042 0.9993915 -0.006851191
vn -0.194973 0.9108617 0.3637535
vn -0.1993084 0.9061396 0.373078
vn -0.3382998 0.576887 0.7434747
vn -0.4144808 0 0.9100581
vn -0.4682148 -3.429873e-8 -0.8836147
vn -0.9671893 -4.227613e-8 -0.2540568
vn -0.4803477 0.4957962 -0.7235
vn -0.9616217 0.1119692 -0.2504927
vn -0.461872 0.6200451 -0.6342068
vn -0.9598018 0.1349516 -0.2461069
vn -0.5189012 0.755438 -0.4000686
vn -0.9612296 0.1747616 -0.2132977
vn -0.5689819 0.8052063 -0.16704
vn -0.9676133 0.1879618 -0.1685076
vn -0.605136 0.7916885 -0.08390286
vn -0.9717316 0.1931972 -0.1356925
vn -0.7239099 0.6549438 0.216802
vn -0.9848541 0.1733658 -0.002585653
vn -0.7261218 0.6502088 0.2235524
vn -0.9850956 0.1720079 1.26502e-7
vn -0.8213869 0.3410214 0.4571957
vn -0.9768912 0.1096135 0.1834895
vn -0.8490552 0 0.5283041
vn -0.9678257 0 0.2516216
vn 0.3884428 -0.5499132 -0.7393968
vn 0.1754176 -0.9058628 -0.3855403
vn -0.06288806 -0.9979411 -0.01259804
vn -0.3099084 -0.8845193 0.3486868
vn -0.5354983 -0.5199906 0.6654707
vn 0.7446519 -0.4485803 -0.4942361
vn 0.3863097 -0.8644021 -0.3218287
vn -0.1227007 -0.9912903 -0.04783267
vn -0.5690652 -0.794406 0.2123296
vn -0.8339686 -0.4020207 0.377989
vn 0.8757865 -0.3930411 -0.2802083
vn 0.5082439 -0.8294169 -0.2318531
vn -0.1217542 -0.9891091 -0.08269853
vn -0.6478235 -0.7568563 0.08656349
vn -0.9109059 -0.3646351 0.193111
vn 0.8589366 -0.4451638 -0.2530951
vn 0.4741146 -0.8543113 -0.2129965
vn -0.06271044 -0.9936315 -0.09361443
vn -0.5543366 -0.8296212 0.06663045
vn -0.8764682 -0.4375886 0.2007976
vn 0.7432201 -0.5513369 -0.3790138
vn 0.3669277 -0.8943666 -0.2558759
vn -0.01254076 -0.9966114 -0.08129277
vn -0.3900812 -0.9087722 0.1482216
vn -0.7361215 -0.5483417 0.3967954
vn 0.5474098 -0.6082332 -0.5747998
vn 0.2580114 -0.917374 -0.3030759
vn 0 -1 0
vn -0.2509515 -0.8922719 0.3753321
vn -0.4539709 -0.5044122 0.7344921
vn 0.2337508 -0.5869905 -0.7751148
vn 0.1963559 -0.7298541 -0.6547956
vn 0.110573 -0.9176763 -0.3816329
vn 0.0009338416 -0.9948944 -0.1009177
vn -0.03420042 -0.9993915 -0.006851191
vn -0.194973 -0.9108617 0.3637535
vn -0.1993084 -0.9061396 0.373078
vn -0.3382998 -0.576887 0.7434747
vn -0.4803477 -0.4957962 -0.7235
vn -0.9616217 -0.1119692 -0.2504927
vn -0.461872 -0.6200451 -0.6342068
vn -0.9598018 -0.1349516 -0.2461069
vn -0.5189012 -0.755438 -0.4000686
vn -0.9612296 -0.1747616 -0.2132977
vn -0.5689819 -0.8052063 -0.16704
vn -0.9676133 -0.1879618 -0.1685076
vn -0.605136 -0.7916885 -0.08390286
vn -0.9717316 -0.1931972 -0.1356925
vn -0.7239099 -0.6549438 0.216802
vn -0.9848541 -0.1733658 -0.002585653
vn -0.7261218 -0.6502088 0.2235524
vn -0.9850956 -0.1720079 1.26502e-7
vn -0.8213869 -0.3410214 0.4571957
vn -0.9768912 -0.1096135 0.1834895
vn 0 0 1
vn 0.006814811 0 0.9999768
vn 0.006582595 0.001763801 0.9999768
vn 0.0059018 0.003407406 0.9999768
vn 0.004818794 0.004818794 0.9999768
vn 0.003407405 0.005901801 0.9999768
vn 0.001763802 0.006582595 0.9999768
vn -2.978848e-10 0.006814811 0.9999768
vn 0.0250372 0 0.9996865
vn 0.02418406 0.006480099 0.9996865
vn 0.02168285 0.0125186 0.9996865
vn 0.01770396 0.01770396 0.9996865
vn 0.0125186 0.02168285 0.9996865
vn 0.006480099 0.02418406 0.9996865
vn -1.094411e-9 0.0250372 0.9996865
vn 0.05193802 0 0.9986504
vn 0.05016826 0.01344255 0.9986504
vn 0.04497965 0.02596901 0.9986504
vn 0.03672572 0.03672572 0.9986504
vn 0.025969 0.04497964 0.9986504
vn 0.01344255 0.05016826 0.9986504
vn -2.270283e-9 0.05193802 0.9986504
vn 0.0900352 0 0.9959385
vn 0.08696733 0.02330283 0.9959385
vn 0.07797277 0.04501761 0.9959386
vn 0.06366452 0.06366452 0.9959386
vn 0.04501759 0.07797277 0.9959385
vn 0.02330283 0.08696733 0.9959385
vn -3.935563e-9 0.0900352 0.9959385
vn 0.1573717 0 0.9875394
vn 0.1520095 0.04073082 0.9875394
vn 0.1362879 0.07868588 0.9875394
vn 0.1112787 0.1112787 0.9875394
vn 0.07868586 0.1362879 0.9875394
vn 0.04073082 0.1520095 0.9875394
vn -6.878937e-9 0.1573717 0.9875394
vn 0.287348 0 0.9578263
vn 0.2775568 0.07437113 0.9578263
vn 0.2488506 0.143674 0.9578263
vn 0.2031857 0.2031857 0.9578263
vn 0.1436739 0.2488506 0.9578263
vn 0.07437113 0.2775568 0.9578263
vn -1.256038e-8 0.287348 0.9578263
vn -0.001763801 0.006582595 0.9999768
vn -0.003407406 0.0059018 0.9999768
vn -0.004818794 0.004818794 0.9999768
vn -0.005901801 0.003407405 0.9999768
vn -0.006582595 0.001763802 0.9999768
vn -0.006814811 -2.978848e-10 0.9999768
vn -0.006480099 0.02418406 0.9996865
vn -0.0125186 0.02168285 0.9996865
vn -0.01770396 0.01770396 0.9996865
vn -0.02168285 0.0125186 0.9996865
vn -0.02418406 0.006480099 0.9996865
vn -0.0250372 -1.094411e-9 0.9996865
vn -0.01344255 0.05016826 0.9986504
vn -0.02596901 0.04497965 0.9986504
vn -0.03672572 0.03672572 0.9986504
vn -0.04497964 0.025969 0.9986504
vn -0.05016826 0.01344255 0.9986504
vn -0.05193802 -2.270283e-9 0.9986504
vn -0.02330283 0.08696733 0.9959385
vn -0.04501761 0.07797277 0.9959386
vn -0.06366452 0.06366452 0.9959386
vn -0.07797277 0.04501759 0.9959385
vn -0.08696733 0.02330283 0.9959385
vn -0.0900352 -3.935563e-9 0.9959385
vn -0.04073082 0.1520095 0.9875394
vn -0.07868588 0.1362879 0.9875394
vn -0.1112787 0.1112787 0.9875394
vn -0.1362879 0.07868586 0.9875394
vn -0.1520095 0.04073082 0.9875394
vn -0.1573717 -6.878937e-9 0.9875394
vn -0.07437113 0.2775568 0.9578263
vn -0.143674 0.2488506 0.9578263
vn -0.2031857 0.2031857 0.9578263
vn -0.2488506 0.1436739 0.9578263
vn -0.2775568 0.07437113 0.9578263
vn -0.287348 -1.256038e-8 0.9578263
vn 0 -0.006814811 0.9999768
vn -0.001763801 -0.006582595 0.9999768
vn -0.003407406 -0.0059018 0.9999768
vn -0.004818794 -0.004818794 0.9999768
vn -0.005901801 -0.003407405 0.9999768
vn -0.006582595 -0.001763802 0.9999768
vn 0 -0.0250372 0.9996865
vn -0.006480099 -0.02418406 0.9996865
vn -0.0125186 -0.02168285 0.9996865
vn -0.01770396 -0.01770396 0.9996865
vn -0.02168285 -0.0125186 0.9996865
vn -0.02418406 -0.006480099 0.9996865
vn 0 -0.05193802 0.9986504
vn -0.01344255 -0.05016826 0.9986504
vn -0.02596901 -0.04497965 0.9986504
vn -0.03672572 -0.03672572 0.9986504
vn -0.04497964 -0.025969 0.9986504
vn -0.05016826 -0.01344255 0.9986504
vn 0 -0.0900352 0.9959385
vn -0.02330283 -0.08696733 0.9959385
vn -0.04501761 -0.07797277 0.9959386
vn -0.06366452 -0.06366452 0.9959386
vn -0.07797277 -0.04501759 0.9959385
vn -0.08696733 -0.02330283 0.9959385
vn 0 -0.1573717 0.9875394
vn -0.04073082 -0.1520095 0.9875394
vn -0.07868588 -0.1362879 0.9875394
vn -0.1112787 -0.1112787 0.9875394
vn -0.1362879 -0.07868586 0.9875394
vn -0.1520095 -0.04073082 0.9875394
vn 0 -0.287348 0.9578263
vn -0.07437113 -0.2775568 0.9578263
vn -0.143674 -0.2488506 0.9578263
vn -0.2031857 -0.2031857 0.9578263
vn -0.2488506 -0.1436739 0.9578263
vn -0.2775568 -0.07437113 0.9578263
vn 0.006582595 -0.001763801 0.9999768
vn 0.0059018 -0.003407406 0.9999768
vn 0.004818794 -0.004818794 0.9999768
vn 0.003407405 -0.005901801 0.9999768
vn 0.001763802 -0.006582595 0.9999768
vn 0.02418406 -0.006480099 0.9996865
vn 0.02168285 -0.0125186 0.9996865
vn 0.01770396 -0.01770396 0.9996865
vn 0.0125186 -0.02168285 0.9996865
vn 0.006480099 -0.02418406 0.9996865
vn 0.05016826 -0.01344255 0.9986504
vn 0.04497965 -0.02596901 0.9986504
vn 0.03672572 -0.03672572 0.9986504
vn 0.025969 -0.04497964 0.9986504
vn 0.01344255 -0.05016826 0.9986504
vn 0.08696733 -0.02330283 0.9959385
vn 0.07797277 -0.04501761 0.9959386
vn 0.06366452 -0.06366452 0.9959386
vn 0.04501759 -0.07797277 0.9959385
vn 0.02330283 -0.08696733 0.9959385
vn 0.1520095 -0.04073082 0.9875394
vn 0.1362879 -0.07868588 0.9875394
vn 0.1112787 -0.1112787 0.9875394
vn 0.07868586 -0.1362879 0.9875394
vn 0.04073082 -0.1520095 0.9875394
vn 0.2775568 -0.07437113 0.9578263
vn 0.2488506 -0.143674 0.9578263
vn 0.2031857 -0.2031857 0.9578263
vn 0.1436739 -0.2488506 0.9578263
vn 0.07437113 -0.2775568 0.9578263
vn 0.4351197 0 0.9003726
vn 0.4202933 0.1126173 0.9003726
vn 0.3768246 0.2175598 0.9003726
vn 0.3076761 0.3076761 0.9003726
vn 0.2175599 0.3768247 0.9003726
vn 0.1126173 0.4202933 0.9003726
vn -1.901969e-8 0.4351197 0.9003726
vn 0.5690862 0 0.8222779
vn 0.549695 0.1472904 0.8222778
vn 0.492843 0.284543 0.822278
vn 0.4024046 0.4024046 0.822278
vn 0.284543 0.4928431 0.8222779
vn 0.1472904 0.549695 0.8222778
vn -2.487555e-8 0.5690862 0.8222779
vn 0.7087978 0 0.7054118
vn 0.684646 0.1834503 0.7054119
vn 0.6138368 0.3543989 0.7054118
vn 0.5011956 0.5011956 0.7054119
vn 0.3543988 0.6138368 0.7054119
vn 0.1834504 0.684646 0.7054119
vn -3.098253e-8 0.7087978 0.7054118
vn 0.8516489 0 0.5241127
vn 0.8226297 0.220423 0.5241126
vn 0.7375497 0.4258245 0.5241126
vn 0.6022068 0.6022068 0.5241126
vn 0.4258244 0.7375496 0.5241126
vn 0.220423 0.8226297 0.5241126
vn -3.722677e-8 0.8516489 0.5241127
vn 0.9629474 0 0.2696893
vn 0.9301358 0.2492291 0.2696892
vn 0.833937 0.4814737 0.2696891
vn 0.6809067 0.6809067 0.2696891
vn 0.4814737 0.8339369 0.2696891
vn 0.2492292 0.9301358 0.2696892
vn -4.209177e-8 0.9629474 0.2696893
vn 1 0 0
vn 0.9659259 0.2588191 -3.937844e-7
vn 0.8660253 0.5 0
vn 0.7071068 0.7071068 0
vn 0.4999999 0.8660254 -3.308919e-7
vn 0.2588191 0.9659259 -3.937844e-7
vn -4.371139e-8 1 0
vn -0.1126173 0.4202933 0.9003726
vn -0.2175598 0.3768246 0.9003726
vn -0.3076761 0.3076761 0.9003726
vn -0.3768247 0.2175599 0.9003726
vn -0.4202933 0.1126173 0.9003726
vn -0.4351197 -1.901969e-8 0.9003726
vn -0.1472904 0.549695 0.8222778
vn -0.284543 0.492843 0.822278
vn -0.4024046 0.4024046 0.822278
vn -0.4928431 0.284543 0.8222779
vn -0.549695 0.1472904 0.8222778
vn -0.5690862 -2.487555e-8 0.8222779
vn -0.1834503 0.684646 0.7054119
vn -0.3543989 0.6138368 0.7054118
vn -0.5011956 0.5011956 0.7054119
vn -0.6138368 0.3543988 0.7054119
vn -0.684646 0.1834504 0.7054119
vn -0.7087978 -3.098253e-8 0.7054118
vn -0.220423 0.8226297 0.5241126
vn -0.4258245 0.7375497 0.5241126
vn -0.6022068 0.6022068 0.5241126
vn -0.7375496 0.4258244 0.5241126
vn -0.8226297 0.220423 0.5241126
vn -0.8516489 -3.722677e-8 0.5241127
vn -0.2492291 0.9301358 0.2696892
vn -0.4814737 0.833937 0.2696891
vn -0.6809067 0.6809067 0.2696891
vn -0.8339369 0.4814737 0.2696891
vn -0.9301358 0.2492292 0.2696892
vn -0.9629474 -4.209177e-8 0.2696893
vn -0.2588191 0.9659259 -3.937844e-7
vn -0.5 0.8660253 0
vn -0.7071068 0.7071068 0
vn -0.8660254 0.4999999 -3.308919e-7
vn -0.9659259 0.2588191 -3.937844e-7
vn 0 -0.4351197 0.9003726
vn -0.1126173 -0.4202933 0.9003726
vn -0.2175598 -0.3768246 0.9003726
vn -0.3076761 -0.3076761 0.9003726
vn -0.3768247 -0.2175599 0.9003726
vn -0.4202933 -0.1126173 0.9003726
vn 0 -0.5690862 0.8222779
vn -0.1472904 -0.549695 0.8222778
vn -0.284543 -0.492843 0.822278
vn -0.4024046 -0.4024046 0.822278
vn -0.4928431 -0.284543 0.8222779
vn -0.549695 -0.1472904 0.8222778
vn 0 -0.7087978 0.7054118
vn -0.1834503 -0.684646 0.7054119
vn -0.3543989 -0.6138368 0.7054118
vn -0.5011956 -0.5011956 0.7054119
vn -0.6138368 -0.3543988 0.7054119
vn -0.684646 -0.1834504 0.7054119
vn 0 -0.8516489 0.5241127
vn -0.220423 -0.8226297 0.5241126
vn -0.4258245 -0.7375497 0.5241126
vn -0.6022068 -0.6022068 0.5241126
vn -0.7375496 -0.4258244 0.5241126
vn -0.8226297 -0.220423 0.5241126
vn 0 -0.9629474 0.2696893
vn -0.2492291 -0.9301358 0.2696892
vn -0.4814737 -0.833937 0.2696891
vn -0.6809067 -0.6809067 0.2696891
vn -0.8339369 -0.4814737 0.2696891
vn -0.9301358 -0.2492292 0.2696892
vn 0 -1 0
vn -0.2588191 -0.9659259 -3.937844e-7
vn -0.5 -0.8660253 0
vn -0.7071068 -0.7071068 0
vn -0.8660254 -0.4999999 -3.308919e-7
vn -0.9659259 -0.2588191 -3.937844e-7
vn 0.4202933 -0.1126173 0.9003726
vn 0.3768246 -0.2175598 0.9003726
vn 0.3076761 -0.3076761 0.9003726
vn 0.2175599 -0.3768247 0.9003726
vn 0.1126173 -0.4202933 0.9003726
vn 0.549695 -0.1472904 0.8222778
vn 0.492843 -0.284543 0.822278
vn 0.4024046 -0.4024046 0.822278
vn 0.284543 -0.4928431 0.8222779
vn 0.1472904 -0.549695 0.8222778
vn 0.684646 -0.1834503 0.7054119
vn 0.6138368 -0.3543989 0.7054118
vn 0.5011956 -0.5011956 0.7054119
vn 0.3543988 -0.6138368 0.7054119
vn 0.1834504 -0.684646 0.7054119
vn 0.8226297 -0.220423 0.5241126
vn 0.7375497 -0.4258245 0.5241126
vn 0.6022068 -0.6022068 0.5241126
vn 0.4258244 -0.7375496 0.5241126
vn 0.220423 -0.8226297 0.5241126
vn 0.9301358 -0.2492291 0.2696892
vn 0.833937 -0.4814737 0.2696891
vn 0.6809067 -0.6809067 0.2696891
vn 0.4814737 -0.8339369 0.2696891
vn 0.2492292 -0.9301358 0.2696892
vn 0.9659259 -0.2588191 -3.937844e-7
vn 0.8660253 -0.5 0
vn 0.7071068 -0.7071068 0
vn 0.4999999 -0.8660254 -3.308919e-7
vn 0.2588191 -0.9659259 -3.937844e-7
vn 0.9858876 0 -0.1674087
vn 0.9522943 0.2551665 -0.1674087
vn 0.8538037 0.4929438 -0.1674088
vn 0.6971278 0.6971278 -0.1674088
vn 0.4929438 0.8538037 -0.1674088
vn 0.2551665 0.9522943 -0.1674087
vn -4.309451e-8 0.9858876 -0.1674087
vn 0.9697409 0 -0.2441364
vn 0.9366977 0.2509874 -0.2441368
vn 0.8398201 0.4848705 -0.2441367
vn 0.6857103 0.6857103 -0.2441367
vn 0.4848702 0.8398201 -0.244137
vn 0.2509874 0.9366976 -0.2441368
vn -4.238872e-8 0.9697409 -0.2441364
vn 0.9647785 0 -0.2630636
vn 0.9319043 0.249703 -0.2630641
vn 0.8355227 0.4823893 -0.2630638
vn 0.6822014 0.6822014 -0.2630638
vn 0.4823891 0.8355225 -0.2630641
vn 0.249703 0.9319043 -0.2630641
vn -4.217181e-8 0.9647785 -0.2630636
vn 0.9666463 0 -0.2561148
vn 0.9337086 0.2501865 -0.256115
vn 0.8371403 0.4833232 -0.2561148
vn 0.6835222 0.6835222 -0.2561148
vn 0.4833231 0.8371404 -0.2561148
vn 0.2501865 0.9337086 -0.256115
vn -4.225345e-8 0.9666463 -0.2561148
vn 0.9658073 0 -0.2592612
vn 0.9328983 0.2499693 -0.2592608
vn 0.8364137 0.4829037 -0.2592609
vn 0.6829289 0.6829289 -0.259261
vn 0.4829036 0.8364137 -0.2592605
vn 0.2499694 0.9328983 -0.2592608
vn -4.221678e-8 0.9658073 -0.2592612
vn 0.9486832 0 -0.3162279
vn 0.9163578 0.2455373 -0.3162275
vn 0.8215837 0.4743417 -0.3162281
vn 0.6708204 0.6708204 -0.3162281
vn 0.4743416 0.8215839 -0.3162277
vn 0.2455374 0.9163578 -0.3162275
vn -4.146826e-8 0.9486832 -0.3162279
vn -0.2551665 0.9522943 -0.1674087
vn -0.4929438 0.8538037 -0.1674088
vn -0.6971278 0.6971278 -0.1674088
vn -0.8538037 0.4929438 -0.1674088
vn -0.9522943 0.2551665 -0.1674087
vn -0.2509874 0.9366977 -0.2441368
vn -0.4848705 0.8398201 -0.2441367
vn -0.6857103 0.6857103 -0.2441367
vn -0.8398201 0.4848702 -0.244137
vn -0.9366976 0.2509874 -0.2441368
vn -0.249703 0.9319043 -0.2630641
vn -0.4823893 0.8355227 -0.2630638
vn -0.6822014 0.6822014 -0.2630638
vn -0.8355225 0.4823891 -0.2630641
vn -0.9319043 0.249703 -0.2630641
vn -0.9647785 -4.217181e-8 -0.2630636
vn -0.2501865 0.9337086 -0.256115
vn -0.4833232 0.8371403 -0.2561148
vn -0.6835222 0.6835222 -0.2561148
vn -0.8371404 0.4833231 -0.2561148
vn -0.9337086 0.2501865 -0.256115
vn -0.9666463 -4.225345e-8 -0.2561148
vn -0.2499693 0.9328983 -0.2592608
vn -0.4829037 0.8364137 -0.2592609
vn -0.6829289 0.6829289 -0.259261
vn -0.8364137 0.4829036 -0.2592605
vn -0.9328983 0.2499694 -0.2592608
vn -0.9658073 -4.221678e-8 -0.2592612
vn -0.2455373 0.9163578 -0.3162275
vn -0.4743417 0.8215837 -0.3162281
vn -0.6708204 0.6708204 -0.3162281
vn -0.8215839 0.4743416 -0.3162277
vn -0.9163578 0.2455374 -0.3162275
vn -0.9486832 -4.146826e-8 -0.3162279
vn 0 -0.9858876 -0.1674087
vn -0.2551665 -0.9522943 -0.1674087
vn -0.4929438 -0.8538037 -0.1674088
vn -0.6971278 -0.6971278 -0.1674088
vn -0.8538037 -0.4929438 -0.1674088
vn -0.9522943 -0.2551665 -0.1674087
vn 0 -0.9697409 -0.2441364
vn -0.2509874 -0.9366977 -0.2441368
vn -0.4848705 -0.8398201 -0.2441367
vn -0.6857103 -0.6857103 -0.2441367
vn -0.8398201 -0.4848702 -0.244137
vn -0.9366976 -0.2509874 -0.2441368
vn 0 -0.9647785 -0.2630636
vn -0.249703 -0.9319043 -0.2630641
vn -0.4823893 -0.8355227 -0.2630638
vn -0.6822014 -0.6822014 -0.2630638
vn -0.8355225 -0.4823891 -0.2630641
vn -0.9319043 -0.249703 -0.2630641
vn 0 -0.9666463 -0.2561148
vn -0.2501865 -0.9337086 -0.256115
vn -0.4833232 -0.8371403 -0.2561148
vn -0.6835222 -0.6835222 -0.2561148
vn -0.8371404 -0.4833231 -0.2561148
vn -0.9337086 -0.2501865 -0.256115
vn 0 -0.9658073 -0.2592612
vn -0.2499693 -0.9328983 -0.2592608
vn -0.4829037 -0.8364137 -0.2592609
vn -0.6829289 -0.6829289 -0.259261
vn -0.8364137 -0.4829036 -0.2592605
vn -0.9328983 -0.2499694 -0.2592608
vn 0 -0.9486832 -0.3162279
vn -0.2455373 -0.9163578 -0.3162275
vn -0.4743417 -0.8215837 -0.3162281
vn -0.6708204 -0.6708204 -0.3162281
vn -0.8215839 -0.4743416 -0.3162277
vn -0.9163578 -0.2455374 -0.3162275
vn 0.9522943 -0.2551665 -0.1674087
vn 0.8538037 -0.4929438 -0.1674088
vn 0.6971278 -0.6971278 -0.1674088
vn 0.4929438 -0.8538037 -0.1674088
vn 0.2551665 -0.9522943 -0.1674087
vn 0.9366977 -0.2509874 -0.2441368
vn 0.8398201 -0.4848705 -0.2441367
vn 0.6857103 -0.6857103 -0.2441367
vn 0.4848702 -0.8398201 -0.244137
vn 0.2509874 -0.9366976 -0.2441368
vn 0.9319043 -0.249703 -0.2630641
vn 0.8355227 -0.4823893 -0.2630638
vn 0.6822014 -0.6822014 -0.2630638
vn 0.4823891 -0.8355225 -0.2630641
vn 0.249703 -0.9319043 -0.2630641
vn 0.9337086 -0.2501865 -0.256115
vn 0.8371403 -0.4833232 -0.2561148
vn 0.6835222 -0.6835222 -0.2561148
vn 0.4833231 -0.8371404 -0.2561148
vn 0.2501865 -0.9337086 -0.256115
vn 0.9328983 -0.2499693 -0.2592608
vn 0.8364137 -0.4829037 -0.2592609
vn 0.6829289 -0.6829289 -0.259261
vn 0.4829036 -0.8364137 -0.2592605
vn 0.2499694 -0.9328983 -0.2592608
vn 0.9163578 -0.2455373 -0.3162275
vn 0.8215837 -0.4743417 -0.3162281
vn 0.6708204 -0.6708204 -0.3162281
vn 0.4743416 -0.8215839 -0.3162277
vn 0.2455374 -0.9163578 -0.3162275
vn 0.8558708 0 -0.5171897
vn 0.8267074 0.2215156 -0.5171902
vn 0.741206 0.4279355 -0.5171894
vn 0.6051921 0.6051921 -0.5171894
vn 0.4279352 0.7412056 -0.5171902
vn 0.2215156 0.8267074 -0.5171902
vn -3.74113e-8 0.8558708 -0.5171897
vn 0.5393888 0 -0.8420568
vn 0.5210097 0.1396041 -0.8420568
vn 0.4671244 0.2696944 -0.8420568
vn 0.3814055 0.3814055 -0.8420568
vn 0.2696943 0.4671243 -0.842057
vn 0.1396041 0.5210097 -0.8420568
vn -2.357743e-8 0.5393888 -0.8420568
vn 0.2399332 0 -0.9707894
vn 0.2317575 0.06209924 -0.9707895
vn 0.2077882 0.1199666 -0.9707894
vn 0.1696583 0.1696583 -0.9707894
vn 0.1199668 0.2077886 -0.9707894
vn 0.06209924 0.2317575 -0.9707895
vn -1.048781e-8 0.2399332 -0.9707894
vn 0.163866 0 -0.9864826
vn 0.158282 0.04241154 -0.9864827
vn 0.1419121 0.08193298 -0.9864826
vn 0.1158707 0.1158707 -0.9864826
vn 0.08193336 0.1419128 -0.9864825
vn 0.04241154 0.158282 -0.9864827
vn -7.162812e-9 0.163866 -0.9864826
vn 0.4936579 0 -0.8696562
vn 0.4768369 0.127768 -0.8696563
vn 0.4275199 0.2468288 -0.8696563
vn 0.3490689 0.3490689 -0.8696562
vn 0.2468292 0.4275208 -0.8696559
vn 0.1277681 0.4768369 -0.8696563
vn -2.157847e-8 0.4936579 -0.8696562
vn 1 0 0
vn 0.9659258 0.258819 0
vn 0.8660254 0.5000001 0
vn 0.7071068 0.7071068 0
vn 0.4999999 0.8660254 0
vn 0.2588191 0.9659258 0
vn -4.371139e-8 1 0
vn -0.2215156 0.8267074 -0.5171902
vn -0.4279355 0.741206 -0.5171894
vn -0.6051921 0.6051921 -0.5171894
vn -0.7412056 0.4279352 -0.5171902
vn -0.8267074 0.2215156 -0.5171902
vn -0.8558708 -3.74113e-8 -0.5171897
vn -0.1396041 0.5210097 -0.8420568
vn -0.2696944 0.4671244 -0.8420568
vn -0.3814055 0.3814055 -0.8420568
vn -0.4671243 0.2696943 -0.842057
vn -0.5210097 0.1396041 -0.8420568
vn -0.5393888 -2.357743e-8 -0.8420568
vn -0.06209924 0.2317575 -0.9707895
vn -0.1199666 0.2077882 -0.9707894
vn -0.1696583 0.1696583 -0.9707894
vn -0.2077886 0.1199668 -0.9707894
vn -0.2317575 0.06209924 -0.9707895
vn -0.2399332 -1.048781e-8 -0.9707894
vn -0.04241154 0.158282 -0.9864827
vn -0.08193298 0.1419121 -0.9864826
vn -0.1158707 0.1158707 -0.9864826
vn -0.1419128 0.08193336 -0.9864825
vn -0.158282 0.04241154 -0.9864827
vn -0.163866 -7.162812e-9 -0.9864826
vn -0.127768 0.4768369 -0.8696563
vn -0.2468288 0.4275199 -0.8696563
vn -0.3490689 0.3490689 -0.8696562
vn -0.4275208 0.2468292 -0.8696559
vn -0.4768369 0.1277681 -0.8696563
vn -0.4936579 -2.157847e-8 -0.8696562
vn -0.258819 0.9659258 0
vn -0.5000001 0.8660254 0
vn -0.7071068 0.7071068 0
vn -0.8660254 0.4999999 0
vn -0.9659258 0.2588191 0
vn -1 -4.371139e-8 0
vn 0 -0.8558708 -0.5171897
vn -0.2215156 -0.8267074 -0.5171902
vn -0.4279355 -0.741206 -0.5171894
vn -0.6051921 -0.6051921 -0.5171894
vn -0.7412056 -0.4279352 -0.5171902
vn -0.8267074 -0.2215156 -0.5171902
vn 0 -0.5393888 -0.8420568
vn -0.1396041 -0.5210097 -0.8420568
vn -0.2696944 -0.4671244 -0.8420568
vn -0.3814055 -0.3814055 -0.8420568
vn -0.4671243 -0.2696943 -0.842057
vn -0.5210097 -0.1396041 -0.8420568
vn 0 -0.2399332 -0.9707894
vn -0.06209924 -0.2317575 -0.9707895
vn -0.1199666 -0.2077882 -0.9707894
vn -0.1696583 -0.1696583 -0.9707894
vn -0.2077886 -0.1199668 -0.9707894
vn -0.2317575 -0.06209924 -0.9707895
vn 0 -0.163866 -0.9864826
vn -0.04241154 -0.158282 -0.9864827
vn -0.08193298 -0.1419121 -0.9864826
vn -0.1158707 -0.1158707 -0.9864826
vn -0.1419128 -0.08193336 -0.9864825
vn -0.158282 -0.04241154 -0.9864827
vn 0 -0.4936579 -0.8696562
vn -0.127768 -0.4768369 -0.8696563
vn -0.2468288 -0.4275199 -0.8696563
vn -0.3490689 -0.3490689 -0.8696562
vn -0.4275208 -0.2468292 -0.8696559
vn -0.4768369 -0.1277681 -0.8696563
vn 0 -1 0
vn -0.258819 -0.9659258 0
vn -0.5000001 -0.8660254 0
vn -0.7071068 -0.7071068 0
vn -0.8660254 -0.4999999 0
vn -0.9659258 -0.2588191 0
vn 0.8267074 -0.2215156 -0.5171902
vn 0.741206 -0.4279355 -0.5171894
vn 0.6051921 -0.6051921 -0.5171894
vn 0.4279352 -0.7412056 -0.5171902
vn 0.2215156 -0.8267074 -0.5171902
vn 0.5210097 -0.1396041 -0.8420568
vn 0.4671244 -0.2696944 -0.8420568
vn 0.3814055 -0.3814055 -0.8420568
vn 0.2696943 -0.4671243 -0.842057
vn 0.1396041 -0.5210097 -0.8420568
vn 0.2317575 -0.06209924 -0.9707895
vn 0.2077882 -0.1199666 -0.9707894
vn 0.1696583 -0.1696583 -0.9707894
vn 0.1199668 -0.2077886 -0.9707894
vn 0.06209924 -0.2317575 -0.9707895
vn 0.158282 -0.04241154 -0.9864827
vn 0.1419121 -0.08193298 -0.9864826
vn 0.1158707 -0.1158707 -0.9864826
vn 0.08193336 -0.1419128 -0.9864825
vn 0.04241154 -0.158282 -0.9864827
vn 0.4768369 -0.127768 -0.8696563
vn 0.4275199 -0.2468288 -0.8696563
vn 0.3490689 -0.3490689 -0.8696562
vn 0.2468292 -0.4275208 -0.8696559
vn 0.1277681 -0.4768369 -0.8696563
vn 0.9659258 -0.258819 0
vn 0.8660254 -0.5000001 0
vn 0.7071068 -0.7071068 0
vn 0.4999999 -0.8660254 0
vn 0.2588191 -0.9659258 0
vn 0.8208343 0 0.5711664
vn 0.792865 0.2124476 0.5711665
vn 0.7108632 0.410417 0.5711666
vn 0.5804175 0.5804175 0.5711663
vn 0.4104171 0.7108633 0.5711666
vn 0.2124476 0.792865 0.5711665
vn -3.587981e-8 0.8208343 0.5711664
vn 0.5192593 0 0.8546168
vn 0.5015661 0.1343942 0.8546167
vn 0.4496917 0.2596296 0.8546168
vn 0.3671717 0.3671717 0.8546168
vn 0.2596296 0.4496918 0.8546167
vn 0.1343942 0.501566 0.8546168
vn -2.269755e-8 0.5192593 0.8546168
vn 0.2702571 0 0.9627882
vn 0.2610483 0.0699477 0.9627882
vn 0.2340495 0.1351285 0.9627882
vn 0.1911006 0.1911006 0.9627882
vn 0.1351286 0.2340496 0.9627881
vn 0.0699477 0.2610483 0.9627881
vn -1.181331e-8 0.2702571 0.9627882
vn 0.1065344 0 0.994309
vn 0.1029043 0.02757313 0.994309
vn 0.09226149 0.0532672 0.994309
vn 0.07533117 0.07533117 0.994309
vn 0.05326721 0.09226152 0.994309
vn 0.02757313 0.1029043 0.994309
vn -4.656767e-9 0.1065344 0.994309
vn 0.02358048 0 0.9997219
vn 0.022777 0.006103078 0.9997219
vn 0.0204213 0.01179024 0.9997219
vn 0.01667392 0.01667392 0.9997219
vn 0.01179024 0.02042129 0.9997219
vn 0.00610308 0.022777 0.9997219
vn -1.030736e-9 0.02358048 0.9997219
vn -0.000003973647 0 1
vn -0.000003838247 -0.000001028455 1
vn -0.000003441282 -0.000001986825 1
vn -0.000002809794 -0.000002809794 1
vn -0.000001986821 -0.000003441276 1
vn -0.000001028456 -0.000003838247 1
vn 1.736936e-13 -0.000003973647 1
vn -0.2124476 0.792865 0.5711665
vn -0.410417 0.7108632 0.5711666
vn -0.5804175 0.5804175 0.5711663
vn -0.7108633 0.4104171 0.5711666
vn -0.792865 0.2124476 0.5711665
vn -0.8208343 -3.587981e-8 0.5711664
vn -0.1343942 0.5015661 0.8546167
vn -0.2596296 0.4496917 0.8546168
vn -0.3671717 0.3671717 0.8546168
vn -0.4496918 0.2596296 0.8546167
vn -0.501566 0.1343942 0.8546168
vn -0.5192593 -2.269755e-8 0.8546168
vn -0.0699477 0.2610483 0.9627882
vn -0.1351285 0.2340495 0.9627882
vn -0.1911006 0.1911006 0.9627882
vn -0.2340496 0.1351286 0.9627881
vn -0.2610483 0.0699477 0.9627881
vn -0.2702571 -1.181331e-8 0.9627882
vn -0.02757313 0.1029043 0.994309
vn -0.0532672 0.09226149 0.994309
vn -0.07533117 0.07533117 0.994309
vn -0.09226152 0.05326721 0.994309
vn -0.1029043 0.02757313 0.994309
vn -0.1065344 -4.656767e-9 0.994309
vn -0.006103078 0.022777 0.9997219
vn -0.01179024 0.0204213 0.9997219
vn -0.01667392 0.01667392 0.9997219
vn -0.02042129 0.01179024 0.9997219
vn -0.022777 0.00610308 0.9997219
vn -0.02358048 -1.030736e-9 0.9997219
vn 0.000001028455 -0.000003838247 1
vn 0.000001986825 -0.000003441282 1
vn 0.000002809794 -0.000002809794 1
vn 0.000003441276 -0.000001986821 1
vn 0.000003838247 -0.000001028456 1
vn 0.000003973647 1.736936e-13 1
vn 0 -0.8208343 0.5711664
vn -0.2124476 -0.792865 0.5711665
vn -0.410417 -0.7108632 0.5711666
vn -0.5804175 -0.5804175 0.5711663
vn -0.7108633 -0.4104171 0.5711666
vn -0.792865 -0.2124476 0.5711665
vn 0 -0.5192593 0.8546168
vn -0.1343942 -0.5015661 0.8546167
vn -0.2596296 -0.4496917 0.8546168
vn -0.3671717 -0.3671717 0.8546168
vn -0.4496918 -0.2596296 0.8546167
vn -0.501566 -0.1343942 0.8546168
vn 0 -0.2702571 0.9627882
vn -0.0699477 -0.2610483 0.9627882
vn -0.1351285 -0.2340495 0.9627882
vn -0.1911006 -0.1911006 0.9627882
vn -0.2340496 -0.1351286 0.9627881
vn -0.2610483 -0.0699477 0.9627881
vn 0 -0.1065344 0.994309
vn -0.02757313 -0.1029043 0.994309
vn -0.0532672 -0.09226149 0.994309
vn -0.07533117 -0.07533117 0.994309
vn -0.09226152 -0.05326721 0.994309
vn -0.1029043 -0.02757313 0.994309
vn 0 -0.02358048 0.9997219
vn -0.006103078 -0.022777 0.9997219
vn -0.01179024 -0.0204213 0.9997219
vn -0.01667392 -0.01667392 0.9997219
vn -0.02042129 -0.01179024 0.9997219
vn -0.022777 -0.00610308 0.9997219
vn 0 0.000003973647 1
vn 0.000001028455 0.000003838247 1
vn 0.000001986825 0.000003441282 1
vn 0.000002809794 0.000002809794 1
vn 0.000003441276 0.000001986821 1
vn 0.000003838247 0.000001028456 1
vn 0.792865 -0.2124476 0.5711665
vn 0.7108632 -0.410417 0.5711666
vn 0.5804175 -0.5804175 0.5711663
vn 0.4104171 -0.7108633 0.5711666
vn 0.2124476 -0.792865 0.5711665
vn 0.5015661 -0.1343942 0.8546167
vn 0.4496917 -0.2596296 0.8546168
vn 0.3671717 -0.3671717 0.8546168
vn 0.2596296 -0.4496918 0.8546167
vn 0.1343942 -0.501566 0.8546168
vn 0.2610483 -0.0699477 0.9627882
vn 0.2340495 -0.1351285 0.9627882
vn 0.1911006 -0.1911006 0.9627882
vn 0.1351286 -0.2340496 0.9627881
vn 0.0699477 -0.2610483 0.9627881
vn 0.1029043 -0.02757313 0.994309
vn 0.09226149 -0.0532672 0.994309
vn 0.07533117 -0.07533117 0.994309
vn 0.05326721 -0.09226152 0.994309
vn 0.02757313 -0.1029043 0.994309
vn 0.022777 -0.006103078 0.9997219
vn 0.0204213 -0.01179024 0.9997219
vn 0.01667392 -0.01667392 0.9997219
vn 0.01179024 -0.02042129 0.9997219
vn 0.00610308 -0.022777 0.9997219
vn -0.000003838247 0.000001028455 1
vn -0.000003441282 0.000001986825 1
vn -0.000002809794 0.000002809794 1
vn -0.000001986821 0.000003441276 1
vn -0.000001028456 0.000003838247 1
vn 0.000002649098 0 -1
vn 0.000002558832 6.856368e-7 -1
vn 0.000002294185 0.000001324548 -1
vn 0.000001873194 0.000001873194 -1
vn 0.000001324548 0.000002294184 -1
vn 6.85637e-7 0.000002558832 -1
vn -1.157957e-13 0.000002649098 -1
vn -0.2900067 0 -0.9570246
vn -0.2801248 -0.07505923 -0.9570246
vn -0.2511535 -0.1450036 -0.9570245
vn -0.2050657 -0.2050657 -0.9570246
vn -0.1450033 -0.2511531 -0.9570246
vn -0.07505924 -0.2801248 -0.9570246
vn 1.267659e-8 -0.2900067 -0.9570246
vn -0.6643642 0 -0.747409
vn -0.6417264 -0.17195 -0.7474091
vn -0.5753571 -0.3321825 -0.7474082
vn -0.4697764 -0.4697764 -0.747409
vn -0.332182 -0.5753562 -0.7474091
vn -0.1719501 -0.6417264 -0.7474092
vn 2.904028e-8 -0.6643642 -0.747409
vn -0.8944275 0 -0.4472128
vn -0.8639509 -0.2314949 -0.4472125
vn -0.7745973 -0.447214 -0.447212
vn -0.6324558 -0.6324558 -0.4472128
vn -0.4472139 -0.7745972 -0.4472123
vn -0.2314949 -0.8639508 -0.4472126
vn 3.909667e-8 -0.8944275 -0.4472128
vn -0.9363295 0 -0.3511226
vn -0.9044251 -0.24234 -0.3511219
vn -0.8108851 -0.4681647 -0.3511227
vn -0.6620851 -0.6620851 -0.3511223
vn -0.4681649 -0.8108854 -0.3511218
vn -0.24234 -0.9044251 -0.3511219
vn 4.092826e-8 -0.9363295 -0.3511226
vn -0.7432961 0 -0.6689625
vn -0.7179691 -0.1923792 -0.6689624
vn -0.6437122 -0.3716474 -0.668964
vn -0.5255901 -0.5255901 -0.668962
vn -0.3716482 -0.6437137 -0.6689622
vn -0.1923792 -0.7179691 -0.6689623
vn 3.24905e-8 -0.7432961 -0.6689625
vn 0 0 -1
vn 0 0 -1
vn 0 0 -1
vn 0 0 -1
vn 0 0 -1
vn 0 0 -1
vn 0 0 -1
vn -6.856368e-7 0.000002558832 -1
vn -0.000001324548 0.000002294185 -1
vn -0.000001873194 0.000001873194 -1
vn -0.000002294184 0.000001324548 -1
vn -0.000002558832 6.85637e-7 -1
vn -0.000002649098 -1.157957e-13 -1
vn 0.07505923 -0.2801248 -0.9570246
vn 0.1450036 -0.2511535 -0.9570245
vn 0.2050657 -0.2050657 -0.9570246
vn 0.2511531 -0.1450033 -0.9570246
vn 0.2801248 -0.07505924 -0.9570246
vn 0.2900067 1.267659e-8 -0.9570246
vn 0.17195 -0.6417264 -0.7474091
vn 0.3321825 -0.5753571 -0.7474082
vn 0.4697764 -0.4697764 -0.747409
vn 0.5753562 -0.332182 -0.7474091
vn 0.6417264 -0.1719501 -0.7474092
vn 0.6643642 2.904028e-8 -0.747409
vn 0.2314949 -0.8639509 -0.4472125
vn 0.447214 -0.7745973 -0.447212
vn 0.6324558 -0.6324558 -0.4472128
vn 0.7745972 -0.4472139 -0.4472123
vn 0.8639508 -0.2314949 -0.4472126
vn 0.8944275 3.909667e-8 -0.4472128
vn 0.24234 -0.9044251 -0.3511219
vn 0.4681647 -0.8108851 -0.3511227
vn 0.6620851 -0.6620851 -0.3511223
vn 0.8108854 -0.4681649 -0.3511218
vn 0.9044251 -0.24234 -0.3511219
vn 0.9363295 4.092826e-8 -0.3511226
vn 0.1923792 -0.7179691 -0.6689624
vn 0.3716474 -0.6437122 -0.668964
vn 0.5255901 -0.5255901 -0.668962
vn 0.6437137 -0.3716482 -0.6689622
vn 0.7179691 -0.1923792 -0.6689623
vn 0.7432961 3.24905e-8 -0.6689625
vn 0 0 -1
vn 0 0 -1
vn 0 0 -1
vn 0 0 -1
vn 0 0 -1
vn 0 0 -1
vn 0 -0.000002649098 -1
vn -6.856368e-7 -0.000002558832 -1
vn -0.000001324548 -0.000002294185 -1
vn -0.000001873194 -0.000001873194 -1
vn -0.000002294184 -0.000001324548 -1
vn -0.000002558832 -6.85637e-7 -1
vn 0 0.2900067 -0.9570246
vn 0.07505923 0.2801248 -0.9570246
vn 0.1450036 0.2511535 -0.9570245
vn 0.2050657 0.2050657 -0.9570246
vn 0.2511531 0.1450033 -0.9570246
vn 0.2801248 0.07505924 -0.9570246
vn 0 0.6643642 -0.747409
vn 0.17195 0.6417264 -0.7474091
vn 0.3321825 0.5753571 -0.7474082
vn 0.4697764 0.4697764 -0.747409
vn 0.5753562 0.332182 -0.7474091
vn 0.6417264 0.1719501 -0.7474092
vn 0 0.8944275 -0.4472128
vn 0.2314949 0.8639509 -0.4472125
vn 0.447214 0.7745973 -0.447212
vn 0.6324558 0.6324558 -0.4472128
vn 0.7745972 0.4472139 -0.4472123
vn 0.8639508 0.2314949 -0.4472126
vn 0 0.9363295 -0.3511226
vn 0.24234 0.9044251 -0.3511219
vn 0.4681647 0.8108851 -0.3511227
vn 0.6620851 0.6620851 -0.3511223
vn 0.8108854 0.4681649 -0.3511218
vn 0.9044251 0.24234 -0.3511219
vn 0 0.7432961 -0.6689625
vn 0.1923792 0.7179691 -0.6689624
vn 0.3716474 0.6437122 -0.668964
vn 0.5255901 0.5255901 -0.668962
vn 0.6437137 0.3716482 -0.6689622
vn 0.7179691 0.1923792 -0.6689623
vn 0 0 -1
vn 0 0 -1
vn 0 0 -1
vn 0 0 -1
vn 0 0 -1
vn 0 0 -1
vn 0.000002558832 -6.856368e-7 -1
vn 0.000002294185 -0.000001324548 -1
vn 0.000001873194 -0.000001873194 -1
vn 0.000001324548 -0.000002294184 -1
vn 6.85637e-7 -0.000002558832 -1
vn -0.2801248 0.07505923 -0.9570246
vn -0.2511535 0.1450036 -0.9570245
vn -0.2050657 0.2050657 -0.9570246
vn -0.1450033 0.2511531 -0.9570246
vn -0.07505924 0.2801248 -0.9570246
vn -0.6417264 0.17195 -0.7474091
vn -0.5753571 0.3321825 -0.7474082
vn -0.4697764 0.4697764 -0.747409
vn -0.332182 0.5753562 -0.7474091
vn -0.1719501 0.6417264 -0.7474092
vn -0.8639509 0.2314949 -0.4472125
vn -0.7745973 0.447214 -0.447212
vn -0.6324558 0.6324558 -0.4472128
vn -0.4472139 0.7745972 -0.4472123
vn -0.2314949 0.8639508 -0.4472126
vn -0.9044251 0.24234 -0.3511219
vn -0.8108851 0.4681647 -0.3511227
vn -0.6620851 0.6620851 -0.3511223
vn -0.4681649 0.8108854 -0.3511218
vn -0.24234 0.9044251 -0.3511219
vn -0.7179691 0.1923792 -0.6689624
vn -0.6437122 0.3716474 -0.668964
vn -0.5255901 0.5255901 -0.668962
vn -0.3716482 0.6437137 -0.6689622
vn -0.1923792 0.7179691 -0.6689623
vn 0 0 -1
vn 0 0 -1
vn 0 0 -1
vn 0 0 -1
vn 0 0 -1
vn 0.7791687 0 -0.6268142
vn 0.7526194 0.2016638 -0.6268141
vn 0.6747802 0.3895845 -0.6268139
vn 0.5509561 0.5509561 -0.6268132
vn 0.3895845 0.6747801 -0.6268139
vn 0.2016638 0.7526193 -0.6268141
vn -3.405855e-8 0.7791687 -0.6268142
vn 0.9344217 0 -0.3561688
vn 0.9025821 0.2418461 -0.3561684
vn 0.8092331 0.4672109 -0.356168
vn 0.6607359 0.6607359 -0.3561686
vn 0.4672108 0.809233 -0.3561687
vn 0.2418462 0.9025821 -0.3561684
vn -4.084487e-8 0.9344217 -0.3561688
vn 0.8670667 0 -0.498192
vn 0.8375223 0.2244134 -0.4981918
vn 0.750902 0.4335335 -0.4981917
vn 0.6131088 0.6131088 -0.4981921
vn 0.4335334 0.7509019 -0.498192
vn 0.2244134 0.8375223 -0.4981917
vn -3.790069e-8 0.8670667 -0.498192
vn 0.630295 0 -0.7763557
vn 0.6088182 0.1631323 -0.7763559
vn 0.5458515 0.3151475 -0.7763557
vn 0.4456858 0.4456858 -0.7763558
vn 0.3151475 0.5458515 -0.7763557
vn 0.1631323 0.6088182 -0.7763558
vn -2.755107e-8 0.630295 -0.7763557
vn 0.3452526 0 -0.9385098
vn 0.3334883 0.08935792 -0.9385098
vn 0.2989974 0.1726262 -0.9385098
vn 0.2441304 0.2441304 -0.9385098
vn 0.1726263 0.2989975 -0.9385098
vn 0.08935793 0.3334883 -0.9385098
vn -1.509147e-8 0.3452526 -0.9385098
vn 0.1961157 0 -0.9805808
vn 0.1894331 0.05075845 -0.9805808
vn 0.1698411 0.09805778 -0.9805808
vn 0.1386747 0.1386747 -0.9805808
vn 0.09805781 0.1698411 -0.9805808
vn 0.05075846 0.1894331 -0.9805808
vn -8.572488e-9 0.1961157 -0.9805808
vn -0.2016638 0.7526194 -0.6268141
vn -0.3895845 0.6747802 -0.6268139
vn -0.5509561 0.5509561 -0.6268132
vn -0.6747801 0.3895845 -0.6268139
vn -0.7526193 0.2016638 -0.6268141
vn -0.7791687 -3.405855e-8 -0.6268142
vn -0.2418461 0.9025821 -0.3561684
vn -0.4672109 0.8092331 -0.356168
vn -0.6607359 0.6607359 -0.3561686
vn -0.809233 0.4672108 -0.3561687
vn -0.9025821 0.2418462 -0.3561684
vn -0.9344217 -4.084487e-8 -0.3561688
vn -0.2244134 0.8375223 -0.4981918
vn -0.4335335 0.750902 -0.4981917
vn -0.6131088 0.6131088 -0.4981921
vn -0.7509019 0.4335334 -0.498192
vn -0.8375223 0.2244134 -0.4981917
vn -0.8670667 -3.790069e-8 -0.498192
vn -0.1631323 0.6088182 -0.7763559
vn -0.3151475 0.5458515 -0.7763557
vn -0.4456858 0.4456858 -0.7763558
vn -0.5458515 0.3151475 -0.7763557
vn -0.6088182 0.1631323 -0.7763558
vn -0.630295 -2.755107e-8 -0.7763557
vn -0.08935792 0.3334883 -0.9385098
vn -0.1726262 0.2989974 -0.9385098
vn -0.2441304 0.2441304 -0.9385098
vn -0.2989975 0.1726263 -0.9385098
vn -0.3334883 0.08935793 -0.9385098
vn -0.3452526 -1.509147e-8 -0.9385098
vn -0.05075845 0.1894331 -0.9805808
vn -0.09805778 0.1698411 -0.9805808
vn -0.1386747 0.1386747 -0.9805808
vn -0.1698411 0.09805781 -0.9805808
vn -0.1894331 0.05075846 -0.9805808
vn -0.1961157 -8.572488e-9 -0.9805808
vn 0 -0.7791687 -0.6268142
vn -0.2016638 -0.7526194 -0.6268141
vn -0.3895845 -0.6747802 -0.6268139
vn -0.5509561 -0.5509561 -0.6268132
vn -0.6747801 -0.3895845 -0.6268139
vn -0.7526193 -0.2016638 -0.6268141
vn 0 -0.9344217 -0.3561688
vn -0.2418461 -0.9025821 -0.3561684
vn -0.4672109 -0.8092331 -0.356168
vn -0.6607359 -0.6607359 -0.3561686
vn -0.809233 -0.4672108 -0.3561687
vn -0.9025821 -0.2418462 -0.3561684
vn 0 -0.8670667 -0.498192
vn -0.2244134 -0.8375223 -0.4981918
vn -0.4335335 -0.750902 -0.4981917
vn -0.6131088 -0.6131088 -0.4981921
vn -0.7509019 -0.4335334 -0.498192
vn -0.8375223 -0.2244134 -0.4981917
vn 0 -0.630295 -0.7763557
vn -0.1631323 -0.6088182 -0.7763559
vn -0.3151475 -0.5458515 -0.7763557
vn -0.4456858 -0.4456858 -0.7763558
vn -0.5458515 -0.3151475 -0.7763557
vn -0.6088182 -0.1631323 -0.7763558
vn 0 -0.3452526 -0.9385098
vn -0.08935792 -0.3334883 -0.9385098
vn -0.1726262 -0.2989974 -0.9385098
vn -0.2441304 -0.2441304 -0.9385098
vn -0.2989975 -0.1726263 -0.9385098
vn -0.3334883 -0.08935793 -0.9385098
vn 0 -0.1961157 -0.9805808
vn -0.05075845 -0.1894331 -0.9805808
vn -0.09805778 -0.1698411 -0.9805808
vn -0.1386747 -0.1386747 -0.9805808
vn -0.1698411 -0.09805781 -0.9805808
vn -0.1894331 -0.05075846 -0.9805808
vn 0.7526194 -0.2016638 -0.6268141
vn 0.6747802 -0.3895845 -0.6268139
vn 0.5509561 -0.5509561 -0.6268132
vn 0.3895845 -0.6747801 -0.6268139
vn 0.2016638 -0.7526193 -0.6268141
vn 0.9025821 -0.2418461 -0.3561684
vn 0.8092331 -0.4672109 -0.356168
vn 0.6607359 -0.6607359 -0.3561686
vn 0.4672108 -0.809233 -0.3561687
vn 0.2418462 -0.9025821 -0.3561684
vn 0.8375223 -0.2244134 -0.4981918
vn 0.750902 -0.4335335 -0.4981917
vn 0.6131088 -0.6131088 -0.4981921
vn 0.4335334 -0.7509019 -0.498192
vn 0.2244134 -0.8375223 -0.4981917
vn 0.6088182 -0.1631323 -0.7763559
vn 0.5458515 -0.3151475 -0.7763557
vn 0.4456858 -0.4456858 -0.7763558
vn 0.3151475 -0.5458515 -0.7763557
vn 0.1631323 -0.6088182 -0.7763558
vn 0.3334883 -0.08935792 -0.9385098
vn 0.2989974 -0.1726262 -0.9385098
vn 0.2441304 -0.2441304 -0.9385098
vn 0.1726263 -0.2989975 -0.9385098
vn 0.08935793 -0.3334883 -0.9385098
vn 0.1894331 -0.05075845 -0.9805808
vn 0.1698411 -0.09805778 -0.9805808
vn 0.1386747 -0.1386747 -0.9805808
vn 0.09805781 -0.1698411 -0.9805808
vn 0.05075846 -0.1894331 -0.9805808
vn 0.1731434 0 -0.9848967
vn 0.1672437 0.04481281 -0.9848967
vn 0.1499466 0.0865717 -0.9848967
vn 0.1224308 0.1224308 -0.9848967
vn 0.08657169 0.1499466 -0.9848967
vn 0.04481282 0.1672437 -0.9848967
vn -7.568339e-9 0.1731434 -0.9848967
vn 0.1811172 0 -0.9834615
vn 0.1749458 0.04687658 -0.9834615
vn 0.1568521 0.09055861 -0.9834615
vn 0.1280692 0.1280692 -0.9834615
vn 0.09055861 0.1568521 -0.9834615
vn 0.04687658 0.1749458 -0.9834615
vn -7.916885e-9 0.1811172 -0.9834615
vn 0.1704032 0 -0.9853744
vn 0.1645969 0.0441036 -0.9853744
vn 0.1475735 0.08520161 -0.9853744
vn 0.1204933 0.1204933 -0.9853744
vn 0.0852016 0.1475735 -0.9853744
vn 0.04410361 0.1645969 -0.9853744
vn -7.448562e-9 0.1704032 -0.9853744
vn 0.1292211 0 -0.9916159
vn 0.124818 0.03344488 -0.9916159
vn 0.1119087 0.06461054 -0.9916159
vn 0.09137312 0.09137312 -0.9916159
vn 0.06461054 0.1119087 -0.9916159
vn 0.03344488 0.124818 -0.9916159
vn -5.648434e-9 0.1292211 -0.9916159
vn 0.06590036 0 -0.9978262
vn 0.06365485 0.01705627 -0.9978262
vn 0.05707139 0.03295018 -0.9978262
vn 0.04659859 0.04659859 -0.9978262
vn 0.03295018 0.05707139 -0.9978262
vn 0.01705627 0.06365485 -0.9978262
vn -2.880596e-9 0.06590036 -0.9978262
vn -8.830318e-7 0 -1
vn -0.04481281 0.1672437 -0.9848967
vn -0.0865717 0.1499466 -0.9848967
vn -0.1224308 0.1224308 -0.9848967
vn -0.1499466 0.08657169 -0.9848967
vn -0.1672437 0.04481282 -0.9848967
vn -0.1731434 -7.568339e-9 -0.9848967
vn -0.04687658 0.1749458 -0.9834615
vn -0.09055861 0.1568521 -0.9834615
vn -0.1280692 0.1280692 -0.9834615
vn -0.1568521 0.09055861 -0.9834615
vn -0.1749458 0.04687658 -0.9834615
vn -0.1811172 -7.916885e-9 -0.9834615
vn -0.0441036 0.1645969 -0.9853744
vn -0.08520161 0.1475735 -0.9853744
vn -0.1204933 0.1204933 -0.9853744
vn -0.1475735 0.0852016 -0.9853744
vn -0.1645969 0.04410361 -0.9853744
vn -0.1704032 -7.448562e-9 -0.9853744
vn -0.03344488 0.124818 -0.9916159
vn -0.06461054 0.1119087 -0.9916159
vn -0.09137312 0.09137312 -0.9916159
vn -0.1119087 0.06461054 -0.9916159
vn -0.124818 0.03344488 -0.9916159
vn -0.1292211 -5.648434e-9 -0.9916159
vn -0.01705627 0.06365485 -0.9978262
vn -0.03295018 0.05707139 -0.9978262
vn -0.04659859 0.04659859 -0.9978262
vn -0.05707139 0.03295018 -0.9978262
vn -0.06365485 0.01705627 -0.9978262
vn -0.06590036 -2.880596e-9 -0.9978262
vn 0 -0.1731434 -0.9848967
vn -0.04481281 -0.1672437 -0.9848967
vn -0.0865717 -0.1499466 -0.9848967
vn -0.1224308 -0.1224308 -0.9848967
vn -0.1499466 -0.08657169 -0.9848967
vn -0.1672437 -0.04481282 -0.9848967
vn 0 -0.1811172 -0.9834615
vn -0.04687658 -0.1749458 -0.9834615
vn -0.09055861 -0.1568521 -0.9834615
vn -0.1280692 -0.1280692 -0.9834615
vn -0.1568521 -0.09055861 -0.9834615
vn -0.1749458 -0.04687658 -0.9834615
vn 0 -0.1704032 -0.9853744
vn -0.0441036 -0.1645969 -0.9853744
vn -0.08520161 -0.1475735 -0.9853744
vn -0.1204933 -0.1204933 -0.9853744
vn -0.1475735 -0.0852016 -0.9853744
vn -0.1645969 -0.04410361 -0.9853744
vn 0 -0.1292211 -0.9916159
vn -0.03344488 -0.124818 -0.9916159
vn -0.06461054 -0.1119087 -0.9916159
vn -0.09137312 -0.09137312 -0.9916159
vn -0.1119087 -0.06461054 -0.9916159
vn -0.124818 -0.03344488 -0.9916159
vn 0 -0.06590036 -0.9978262
vn -0.01705627 -0.06365485 -0.9978262
vn -0.03295018 -0.05707139 -0.9978262
vn -0.04659859 -0.04659859 -0.9978262
vn -0.05707139 -0.03295018 -0.9978262
vn -0.06365485 -0.01705627 -0.9978262
vn 0.1672437 -0.04481281 -0.9848967
vn 0.1499466 -0.0865717 -0.9848967
vn 0.1224308 -0.1224308 -0.9848967
vn 0.08657169 -0.1499466 -0.9848967
vn 0.04481282 -0.1672437 -0.9848967
vn 0.1749458 -0.04687658 -0.9834615
vn 0.1568521 -0.09055861 -0.9834615
vn 0.1280692 -0.1280692 -0.9834615
vn 0.09055861 -0.1568521 -0.9834615
vn 0.04687658 -0.1749458 -0.9834615
vn 0.1645969 -0.0441036 -0.9853744
vn 0.1475735 -0.08520161 -0.9853744
vn 0.1204933 -0.1204933 -0.9853744
vn 0.0852016 -0.1475735 -0.9853744
vn 0.04410361 -0.1645969 -0.9853744
vn 0.124818 -0.03344488 -0.9916159
vn 0.1119087 -0.06461054 -0.9916159
vn 0.09137312 -0.09137312 -0.9916159
vn 0.06461054 -0.1119087 -0.9916159
vn 0.03344488 -0.124818 -0.9916159
vn 0.06365485 -0.01705627 -0.9978262
vn 0.05707139 -0.03295018 -0.9978262
vn 0.04659859 -0.04659859 -0.9978262
vn 0.03295018 -0.05707139 -0.9978262
vn 0.01705627 -0.06365485 -0.9978262

vt 0.125 0.7225529
vt 0.1445313 0.7224692
vt 0.1640625 0.7222401
vt 0.1835938 0.7218915
vt 0.203125 0.7214687
vt 0.2226563 0.7210766
vt 0.2421875 0.7208995
vt 0.125 0.6990741
vt 0.1445313 0.6989067
vt 0.1640625 0.6984484
vt 0.1835938 0.6977513
vt 0.203125 0.6969056
vt 0.2226563 0.6961215
vt 0.2421875 0.6957672
vt 0.125 0.6785715
vt 0.1445313 0.6783454
vt 0.1640625 0.6777268
vt 0.1835938 0.6767857
vt 0.203125 0.675644
vt 0.2226563 0.6745855
vt 0.2421875 0.6741071
vt 0.125 0.6600529
vt 0.1445313 0.6598185
vt 0.1640625 0.659177
vt 0.1835938 0.6582011
vt 0.203125 0.6570171
vt 0.2226563 0.6559193
vt 0.2421875 0.6554233
vt 0.125 0.6425264
vt 0.1445313 0.642359
vt 0.1640625 0.6419008
vt 0.1835938 0.6412037
vt 0.203125 0.640358
vt 0.2226563 0.6395739
vt 0.2421875 0.6392196
vt 0.125 0.625
vt 0.1445313 0.625
vt 0.1640625 0.625
vt 0.1835938 0.625
vt 0.203125 0.625
vt 0.2226563 0.625
vt 0.2421875 0.625
vt 0.125 0.7421403
vt 0.1445313 0.7430404
vt 0.1640625 0.7426051
vt 0.1783986 0.7409487
vt 0.1835938 0.7403738
vt 0.203125 0.7370337
vt 0.2226563 0.7335056
vt 0.2421875 0.730728
vt 0.125 0.7451298
vt 0.125 0.7481192
vt 0.1445313 0.7460299
vt 0.1445313 0.7490194
vt 0.1640625 0.7455946
vt 0.1640625 0.748584
vt 0.1783986 0.7439381
vt 0.1783986 0.7469276
vt 0.1835938 0.7433633
vt 0.1835938 0.7463528
vt 0.203125 0.7400231
vt 0.203125 0.7430126
vt 0.2226563 0.7364951
vt 0.2226563 0.7394845
vt 0.2421875 0.7337175
vt 0.2421875 0.736707
vt 0.1054688 0.7224692
vt 0.0859375 0.7222401
vt 0.06640625 0.7218915
vt 0.046875 0.7214687
vt 0.02734375 0.7210766
vt 0.0078125 0.7208995
vt 0.1054688 0.6989067
vt 0.0859375 0.6984484
vt 0.06640625 0.6977513
vt 0.046875 0.6969056
vt 0.02734375 0.6961215
vt 0.0078125 0.6957672
vt 0.1054688 0.6783454
vt 0.0859375 0.6777268
vt 0.06640625 0.6767857
vt 0.046875 0.675644
vt 0.02734375 0.6745855
vt 0.0078125 0.6741071
vt 0.1054688 0.6598185
vt 0.0859375 0.659177
vt 0.06640625 0.6582011
vt 0.046875 0.6570171
vt 0.02734375 0.6559193
vt 0.0078125 0.6554233
vt 0.1054688 0.642359
vt 0.0859375 0.6419008
vt 0.06640625 0.6412037
vt 0.046875 0.640358
vt 0.02734375 0.6395739
vt 0.0078125 0.6392196
vt 0.1054688 0.625
vt 0.0859375 0.625
vt 0.06640625 0.625
vt 0.046875 0.625
vt 0.02734375 0.625
vt 0.0078125 0.625
vt 0.1054688 0.7430404
vt 0.0859375 0.7426051
vt 0.07160138 0.7409487
vt 0.06640625 0.7403738
vt 0.046875 0.7370337
vt 0.02734375 0.7335056
vt 0.0078125 0.730728
vt 0.1054688 0.7460299
vt 0.1054688 0.7490194
vt 0.0859375 0.7455946
vt 0.0859375 0.748584
vt 0.07160138 0.7439381
vt 0.07160138 0.7469276
vt 0.06640625 0.7433633
vt 0.06640625 0.7463528
vt 0.046875 0.7400231
vt 0.046875 0.7430126
vt 0.02734375 0.7364951
vt 0.02734375 0.7394845
vt 0.0078125 0.7337175
vt 0.0078125 0.736707
vt 0.125 0.6083205
vt 0.1445313 0.6084874
vt 0.1640625 0.6089424
vt 0.1835938 0.6096277
vt 0.203125 0.6104428
vt 0.2226563 0.611179
vt 0.2421875 0.6115048
vt 0.125 0.5909087
vt 0.1445313 0.591104
vt 0.1640625 0.5916342
vt 0.1835938 0.592427
vt 0.203125 0.5933627
vt 0.2226563 0.5942026
vt 0.2421875 0.594573
vt 0.125 0.5725051
vt 0.1445313 0.5726442
vt 0.1640625 0.5730182
vt 0.1835938 0.5735685
vt 0.203125 0.5742067
vt 0.2226563 0.5747712
vt 0.2421875 0.575018
vt 0.125 0.5528503
vt 0.1445313 0.5529024
vt 0.1640625 0.553037
vt 0.1835938 0.5532224
vt 0.203125 0.5534213
vt 0.2226563 0.5535851
vt 0.2421875 0.5536535
vt 0.125 0.5316851
vt 0.1445313 0.5316728
vt 0.1640625 0.5316334
vt 0.1835938 0.5315595
vt 0.203125 0.5314535
vt 0.2226563 0.5313445
vt 0.2421875 0.531293
vt 0.2421875 0.5233098
vt 0.2226563 0.5231518
vt 0.203125 0.5214559
vt 0.1969562 0.5209389
vt 0.1835938 0.5180016
vt 0.1652953 0.5155616
vt 0.1640625 0.5152183
vt 0.1445313 0.5124884
vt 0.125 0.5127332
vt 0.2421875 0.5201129
vt 0.2421875 0.516916
vt 0.2226563 0.5199549
vt 0.2226563 0.516758
vt 0.203125 0.518259
vt 0.203125 0.5150622
vt 0.1969562 0.517742
vt 0.1969562 0.5145452
vt 0.1835938 0.5148047
vt 0.1835938 0.5116079
vt 0.1652953 0.5123647
vt 0.1652953 0.5091679
vt 0.1640625 0.5120214
vt 0.1640625 0.5088245
vt 0.1445313 0.5092915
vt 0.1445313 0.5060947
vt 0.125 0.5095363
vt 0.125 0.5063394
vt 0.1054688 0.6084874
vt 0.0859375 0.6089424
vt 0.06640625 0.6096277
vt 0.046875 0.6104428
vt 0.02734375 0.611179
vt 0.0078125 0.6115048
vt 0.1054688 0.591104
vt 0.0859375 0.5916342
vt 0.06640625 0.592427
vt 0.046875 0.5933627
vt 0.02734375 0.5942026
vt 0.0078125 0.594573
vt 0.1054688 0.5726442
vt 0.0859375 0.5730182
vt 0.06640625 0.5735685
vt 0.046875 0.5742067
vt 0.02734375 0.5747712
vt 0.0078125 0.575018
vt 0.1054688 0.5529024
vt 0.0859375 0.553037
vt 0.06640625 0.5532224
vt 0.046875 0.5534213
vt 0.02734375 0.5535851
vt 0.0078125 0.5536535
vt 0.1054688 0.5316728
vt 0.0859375 0.5316334
vt 0.06640625 0.5315595
vt 0.046875 0.5314535
vt 0.02734375 0.5313445
vt 0.0078125 0.531293
vt 0.0078125 0.5233098
vt 0.02734375 0.5231518
vt 0.046875 0.5214559
vt 0.05304378 0.5209389
vt 0.06640625 0.5180016
vt 0.08470465 0.5155616
vt 0.0859375 0.5152183
vt 0.1054688 0.5124884
vt 0.0078125 0.5201129
vt 0.0078125 0.516916
vt 0.02734375 0.5199549
vt 0.02734375 0.516758
vt 0.046875 0.518259
vt 0.046875 0.5150622
vt 0.05304378 0.517742
vt 0.05304378 0.5145452
vt 0.06640625 0.5148047
vt 0.06640625 0.5116079
vt 0.08470465 0.5123647
vt 0.08470465 0.5091679
vt 0.0859375 0.5120214
vt 0.0859375 0.5088245
vt 0.1054688 0.5092915
vt 0.1054688 0.5060947
vt 0.75 0.75
vt 0.7708333 0.75
vt 0.7916667 0.75
vt 0.8125 0.75
vt 0.8333333 0.75
vt 0.8541667 0.75
vt 0.875 0.75
vt 0.75 0.7433743
vt 0.7708333 0.7432259
vt 0.7916667 0.7428843
vt 0.8125 0.7425555
vt 0.8333333 0.7423618
vt 0.8541667 0.7422771
vt 0.875 0.7422446
vt 0.75 0.7371994
vt 0.7708333 0.7370396
vt 0.7916667 0.7366766
vt 0.8125 0.7363222
vt 0.8333333 0.7361007
vt 0.8541667 0.7359951
vt 0.875 0.7359558
vt 0.75 0.73125
vt 0.7708333 0.7311575
vt 0.7916667 0.7309556
vt 0.8125 0.73075
vt 0.8333333 0.7306004
vt 0.8541667 0.7305151
vt 0.875 0.7304851
vt 0.75 0.7253006
vt 0.7708333 0.7252959
vt 0.7916667 0.7253
vt 0.8125 0.7252889
vt 0.8333333 0.7252444
vt 0.8541667 0.7251984
vt 0.875 0.7251845
vt 0.75 0.7191257
vt 0.7708333 0.7191713
vt 0.7916667 0.7192885
vt 0.8125 0.7193888
vt 0.8333333 0.7194164
vt 0.8541667 0.7194062
vt 0.875 0.7194055
vt 0.75 0.7125
vt 0.7708333 0.7125
vt 0.7916667 0.7125
vt 0.8125 0.7125
vt 0.8333333 0.7125
vt 0.8541667 0.7125
vt 0.875 0.7125
vt 1 0.75
vt 0.9791667 0.75
vt 0.9583333 0.75
vt 0.9375 0.75
vt 0.9166667 0.75
vt 0.8958333 0.75
vt 1 0.7433743
vt 0.9791667 0.7432259
vt 0.9583333 0.7428843
vt 0.9375 0.7425555
vt 0.9166667 0.7423618
vt 0.8958333 0.7422771
vt 1 0.7371994
vt 0.9791667 0.7370396
vt 0.9583333 0.7366766
vt 0.9375 0.7363222
vt 0.9166667 0.7361007
vt 0.8958333 0.7359951
vt 1 0.73125
vt 0.9791667 0.7311575
vt 0.9583333 0.7309556
vt 0.9375 0.73075
vt 0.9166667 0.7306004
vt 0.8958333 0.7305151
vt 1 0.7253006
vt 0.9791667 0.7252959
vt 0.9583333 0.7253
vt 0.9375 0.7252889
vt 0.9166667 0.7252444
vt 0.8958333 0.7251984
vt 1 0.7191257
vt 0.9791667 0.7191713
vt 0.9583333 0.7192885
vt 0.9375 0.7193888
vt 0.9166667 0.7194164
vt 0.8958333 0.7194062
vt 1 0.7125
vt 0.9791667 0.7125
vt 0.9583333 0.7125
vt 0.9375 0.7125
vt 0.9166667 0.7125
vt 0.8958333 0.7125
vt 0.75 0.6858327
vt 0.7708333 0.685787
vt 0.7916667 0.6855834
vt 0.8125 0.6852648
vt 0.8333333 0.684949
vt 0.8541667 0.6847178
vt 0.875 0.684626
vt 0.75 0.6547451
vt 0.7708333 0.6545184
vt 0.7916667 0.6539723
vt 0.8125 0.6533422
vt 0.8333333 0.6528042
vt 0.8541667 0.6524433
vt 0.875 0.6523086
vt 0.75 0.6202597
vt 0.7708333 0.6198318
vt 0.7916667 0.6189697
vt 0.8125 0.6181253
vt 0.8333333 0.6174833
vt 0.8541667 0.6170875
vt 0.875 0.6169496
vt 0.75 0.5833989
vt 0.7708333 0.5828649
vt 0.7916667 0.5818783
vt 0.8125 0.5810073
vt 0.8333333 0.5804038
vt 0.8541667 0.5800611
vt 0.875 0.5799507
vt 0.75 0.5451851
vt 0.7708333 0.5447552
vt 0.7916667 0.544001
vt 0.8125 0.5433813
vt 0.8333333 0.5429838
vt 0.8541667 0.5427753
vt 0.875 0.5427138
vt 0.75 0.537195
vt 0.7708333 0.5330936
vt 0.7823688 0.5325801
vt 0.7916667 0.5316539
vt 0.7936785 0.5316254
vt 0.807941 0.5307448
vt 0.8125 0.529906
vt 0.826278 0.5300437
vt 0.8313902 0.5298041
vt 0.8333333 0.529361
vt 0.8541667 0.5268015
vt 0.8638008 0.5273908
vt 0.875 0.5276115
vt 0.75 0.5295836
vt 0.75 0.5219723
vt 0.7708333 0.5254823
vt 0.7708333 0.517871
vt 0.7823688 0.5249688
vt 0.7823688 0.5173575
vt 0.7916667 0.5240425
vt 0.7916667 0.5164312
vt 0.7936785 0.5240141
vt 0.7936785 0.5164027
vt 0.807941 0.5231335
vt 0.807941 0.5155221
vt 0.8125 0.5222947
vt 0.8125 0.5146834
vt 0.826278 0.5224324
vt 0.826278 0.5148211
vt 0.8313902 0.5221928
vt 0.8313902 0.5145814
vt 0.8333333 0.5217497
vt 0.8333333 0.5141383
vt 0.8541667 0.5191901
vt 0.8541667 0.5115788
vt 0.8638008 0.5197794
vt 0.8638008 0.5121682
vt 0.875 0.5200002
vt 0.875 0.5123888
vt 1 0.6858327
vt 0.9791667 0.685787
vt 0.9583333 0.6855834
vt 0.9375 0.6852648
vt 0.9166667 0.684949
vt 0.8958333 0.6847178
vt 1 0.6547451
vt 0.9791667 0.6545184
vt 0.9583333 0.6539723
vt 0.9375 0.6533422
vt 0.9166667 0.6528042
vt 0.8958333 0.6524433
vt 1 0.6202597
vt 0.9791667 0.6198318
vt 0.9583333 0.6189697
vt 0.9375 0.6181253
vt 0.9166667 0.6174833
vt 0.8958333 0.6170875
vt 1 0.5833989
vt 0.9791667 0.5828649
vt 0.9583333 0.5818783
vt 0.9375 0.5810073
vt 0.9166667 0.5804038
vt 0.8958333 0.5800611
vt 1 0.5451851
vt 0.9791667 0.5447552
vt 0.9583333 0.544001
vt 0.9375 0.5433813
vt 0.9166667 0.5429838
vt 0.8958333 0.5427753
vt 1 0.537195
vt 0.9791667 0.5330936
vt 0.9676312 0.5325801
vt 0.9583333 0.5316539
vt 0.9563215 0.5316254
vt 0.942059 0.5307448
vt 0.9375 0.529906
vt 0.923722 0.5300437
vt 0.9186098 0.5298041
vt 0.9166667 0.529361
vt 0.8958333 0.5268015
vt 0.8861992 0.5273908
vt 1 0.5295836
vt 1 0.5219723
vt 0.9791667 0.5254823
vt 0.9791667 0.517871
vt 0.9676312 0.5249688
vt 0.9676312 0.5173575
vt 0.9583333 0.5240425
vt 0.9583333 0.5164312
vt 0.9563215 0.5240141
vt 0.9563215 0.5164027
vt 0.942059 0.5231335
vt 0.942059 0.5155221
vt 0.9375 0.5222947
vt 0.9375 0.5146834
vt 0.923722 0.5224324
vt 0.923722 0.5148211
vt 0.9186098 0.5221928
vt 0.9186098 0.5145814
vt 0.9166667 0.5217497
vt 0.9166667 0.5141383
vt 0.8958333 0.5191901
vt 0.8958333 0.5115788
vt 0.8861992 0.5197794
vt 0.8861992 0.5121682
vt 0.375 0.625
vt 0.375 0.6010205
vt 0.3812064 0.6018375
vt 0.3869898 0.6042331
vt 0.3919561 0.6080439
vt 0.3957669 0.6130102
vt 0.3981625 0.6187936
vt 0.3989796 0.625
vt 0.375 0.5772704
vt 0.3873533 0.5788968
vt 0.3988648 0.583665
vt 0.4087499 0.5912501
vt 0.416335 0.6011353
vt 0.4211032 0.6126467
vt 0.4227296 0.625
vt 0.375 0.5549123
vt 0.39314 0.5573004
vt 0.4100439 0.5643023
vt 0.4245595 0.5754405
vt 0.4356977 0.5899562
vt 0.4426995 0.6068599
vt 0.4450877 0.625
vt 0.375 0.5351084
vt 0.3982657 0.5381714
vt 0.4199458 0.5471516
vt 0.438563 0.561437
vt 0.4528484 0.5800542
vt 0.4618286 0.6017343
vt 0.4648916 0.625
vt 0.375 0.519021
vt 0.4024294 0.5226322
vt 0.4279895 0.5332195
vt 0.4499384 0.5500616
vt 0.4667805 0.5720105
vt 0.4773678 0.5975707
vt 0.480979 0.625
vt 0.375 0.5078125
vt 0.4053304 0.5118055
vt 0.4335938 0.5235127
vt 0.4578641 0.542136
vt 0.4764874 0.5664063
vt 0.4881944 0.5946696
vt 0.4921875 0.625
vt 0.3981625 0.6312064
vt 0.3957669 0.6369898
vt 0.3919561 0.6419561
vt 0.3869898 0.6457669
vt 0.3812064 0.6481625
vt 0.375 0.6489795
vt 0.4211032 0.6373533
vt 0.416335 0.6488648
vt 0.4087499 0.6587499
vt 0.3988648 0.666335
vt 0.3873533 0.6711032
vt 0.375 0.6727296
vt 0.4426995 0.6431401
vt 0.4356977 0.6600438
vt 0.4245595 0.6745595
vt 0.4100438 0.6856977
vt 0.39314 0.6926996
vt 0.375 0.6950877
vt 0.4618286 0.6482657
vt 0.4528484 0.6699458
vt 0.438563 0.688563
vt 0.4199458 0.7028484
vt 0.3982657 0.7118286
vt 0.375 0.7148916
vt 0.4773678 0.6524294
vt 0.4667805 0.6779895
vt 0.4499384 0.6999385
vt 0.4279895 0.7167805
vt 0.4024294 0.7273678
vt 0.375 0.730979
vt 0.4881944 0.6553304
vt 0.4764873 0.6835938
vt 0.457864 0.7078641
vt 0.4335938 0.7264873
vt 0.4053304 0.7381945
vt 0.375 0.7421875
vt 0.3510204 0.625
vt 0.3518375 0.6312064
vt 0.3542331 0.6369898
vt 0.3580439 0.6419561
vt 0.3630102 0.6457669
vt 0.3687936 0.6481625
vt 0.3272704 0.625
vt 0.3288968 0.6373533
vt 0.333665 0.6488648
vt 0.3412501 0.6587499
vt 0.3511352 0.666335
vt 0.3626467 0.6711032
vt 0.3049123 0.625
vt 0.3073005 0.6431401
vt 0.3143023 0.6600438
vt 0.3254405 0.6745595
vt 0.3399562 0.6856977
vt 0.35686 0.6926996
vt 0.2851084 0.625
vt 0.2881714 0.6482657
vt 0.2971516 0.6699458
vt 0.311437 0.688563
vt 0.3300542 0.7028484
vt 0.3517343 0.7118286
vt 0.269021 0.625
vt 0.2726322 0.6524294
vt 0.2832195 0.6779895
vt 0.3000616 0.6999385
vt 0.3220105 0.7167805
vt 0.3475706 0.7273678
vt 0.2578125 0.625
vt 0.2618056 0.6553304
vt 0.2735127 0.6835938
vt 0.292136 0.7078641
vt 0.3164063 0.7264873
vt 0.3446696 0.7381945
vt 0.3687936 0.6018375
vt 0.3630102 0.6042331
vt 0.3580439 0.6080439
vt 0.3542331 0.6130102
vt 0.3518375 0.6187936
vt 0.3626467 0.5788968
vt 0.3511352 0.583665
vt 0.3412501 0.5912501
vt 0.333665 0.6011353
vt 0.3288968 0.6126467
vt 0.35686 0.5573004
vt 0.3399561 0.5643023
vt 0.3254405 0.5754405
vt 0.3143023 0.5899562
vt 0.3073005 0.6068599
vt 0.3517343 0.5381714
vt 0.3300542 0.5471516
vt 0.311437 0.561437
vt 0.2971516 0.5800542
vt 0.2881714 0.6017343
vt 0.3475706 0.5226322
vt 0.3220105 0.5332195
vt 0.3000616 0.5500616
vt 0.2832195 0.5720105
vt 0.2726322 0.5975707
vt 0.3446696 0.5118055
vt 0.3164063 0.5235127
vt 0.2921359 0.542136
vt 0.2735126 0.5664063
vt 0.2618056 0.5946696
vt 0.625 0.6069711
vt 0.6296662 0.6075854
vt 0.6340144 0.6093866
vt 0.6377483 0.6122516
vt 0.6406134 0.6159856
vt 0.6424145 0.6203338
vt 0.6430289 0.625
vt 0.625 0.5935798
vt 0.6331322 0.5946504
vt 0.6407101 0.5977893
vt 0.6472175 0.6027825
vt 0.6522107 0.6092899
vt 0.6553496 0.6168678
vt 0.6564202 0.625
vt 0.625 0.5754362
vt 0.6378281 0.5771251
vt 0.6497819 0.5820765
vt 0.6600469 0.5899531
vt 0.6679235 0.6002182
vt 0.6728749 0.6121719
vt 0.6745638 0.625
vt 0.625 0.5551642
vt 0.6430748 0.5575438
vt 0.6599179 0.5645204
vt 0.6743814 0.5756186
vt 0.6854796 0.5900821
vt 0.6924562 0.6069251
vt 0.6948358 0.625
vt 0.625 0.5353872
vt 0.6481935 0.5384406
vt 0.6698064 0.547393
vt 0.6883658 0.5616342
vt 0.702607 0.5801936
vt 0.7115594 0.6018065
vt 0.7146128 0.625
vt 0.625 0.5187287
vt 0.652505 0.5223498
vt 0.6781356 0.5329664
vt 0.7001451 0.5498549
vt 0.7170336 0.5718644
vt 0.7276501 0.597495
vt 0.7312713 0.625
vt 0.625 0.5078125
vt 0.6553304 0.5118055
vt 0.6835938 0.5235127
vt 0.707864 0.542136
vt 0.7264873 0.5664063
vt 0.7381944 0.5946696
vt 0.7421875 0.625
vt 0.6424145 0.6296662
vt 0.6406134 0.6340144
vt 0.6377483 0.6377484
vt 0.6340144 0.6406134
vt 0.6296662 0.6424146
vt 0.625 0.6430289
vt 0.6553496 0.6331322
vt 0.6522107 0.6407101
vt 0.6472175 0.6472175
vt 0.6407101 0.6522107
vt 0.6331322 0.6553496
vt 0.625 0.6564202
vt 0.6728749 0.6378281
vt 0.6679235 0.6497819
vt 0.6600469 0.6600469
vt 0.6497819 0.6679235
vt 0.6378281 0.6728749
vt 0.625 0.6745638
vt 0.6924562 0.6430749
vt 0.6854796 0.6599179
vt 0.6743814 0.6743814
vt 0.6599179 0.6854796
vt 0.6430748 0.6924562
vt 0.625 0.6948358
vt 0.7115594 0.6481935
vt 0.702607 0.6698064
vt 0.6883658 0.6883658
vt 0.6698064 0.702607
vt 0.6481935 0.7115594
vt 0.625 0.7146128
vt 0.7276501 0.652505
vt 0.7170336 0.6781356
vt 0.7001451 0.7001451
vt 0.6781356 0.7170336
vt 0.652505 0.7276502
vt 0.625 0.7312713
vt 0.7381944 0.6553304
vt 0.7264873 0.6835938
vt 0.707864 0.7078641
vt 0.6835938 0.7264873
vt 0.6553304 0.7381945
vt 0.625 0.7421875
vt 0.6069711 0.625
vt 0.6075855 0.6296662
vt 0.6093866 0.6340144
vt 0.6122517 0.6377484
vt 0.6159856 0.6406134
vt 0.6203338 0.6424146
vt 0.5935798 0.625
vt 0.5946504 0.6331322
vt 0.5977893 0.6407101
vt 0.6027825 0.6472175
vt 0.6092899 0.6522107
vt 0.6168678 0.6553496
vt 0.5754362 0.625
vt 0.5771251 0.6378281
vt 0.5820765 0.6497819
vt 0.5899531 0.6600469
vt 0.6002181 0.6679235
vt 0.6121719 0.6728749
vt 0.5551642 0.625
vt 0.5575438 0.6430749
vt 0.5645204 0.6599179
vt 0.5756186 0.6743814
vt 0.5900821 0.6854796
vt 0.6069252 0.6924562
vt 0.5353872 0.625
vt 0.5384406 0.6481935
vt 0.547393 0.6698064
vt 0.5616342 0.6883658
vt 0.5801936 0.702607
vt 0.6018065 0.7115594
vt 0.5187287 0.625
vt 0.5223499 0.652505
vt 0.5329664 0.6781356
vt 0.5498549 0.7001451
vt 0.5718644 0.7170336
vt 0.597495 0.7276502
vt 0.5078125 0.625
vt 0.5118056 0.6553304
vt 0.5235127 0.6835938
vt 0.542136 0.7078641
vt 0.5664063 0.7264873
vt 0.5946696 0.7381945
vt 0.6203338 0.6075854
vt 0.6159856 0.6093866
vt 0.6122517 0.6122516
vt 0.6093866 0.6159856
vt 0.6075855 0.6203338
vt 0.6168678 0.5946504
vt 0.6092899 0.5977893
vt 0.6027825 0.6027825
vt 0.5977893 0.6092899
vt 0.5946504 0.6168678
vt 0.6121719 0.5771251
vt 0.6002181 0.5820765
vt 0.5899531 0.5899531
vt 0.5820765 0.6002182
vt 0.5771251 0.6121719
vt 0.6069252 0.5575438
vt 0.5900821 0.5645204
vt 0.5756186 0.5756186
vt 0.5645204 0.5900821
vt 0.5575438 0.6069251
vt 0.6018065 0.5384406
vt 0.5801936 0.547393
vt 0.5616342 0.5616342
vt 0.547393 0.5801936
vt 0.5384406 0.6018065
vt 0.597495 0.5223498
vt 0.5718644 0.5329664
vt 0.5498549 0.5498549
vt 0.5329664 0.5718644
vt 0.5223499 0.597495
vt 0.5946696 0.5118055
vt 0.5664063 0.5235127
vt 0.542136 0.542136
vt 0.5235127 0.5664063
vt 0.5118056 0.5946696
vt 0 0.25
vt 0.04166667 0.25
vt 0.08333334 0.25
vt 0.125 0.25
vt 0.1666667 0.25
vt 0.2083333 0.25
vt 0.25 0.25
vt 0 0.2444946
vt 0.04166667 0.2444946
vt 0.08333334 0.2444946
vt 0.125 0.2444946
vt 0.1666667 0.2444946
vt 0.2083333 0.2444946
vt 0.25 0.2444946
vt 0 0.2395957
vt 0.04166667 0.2395957
vt 0.08333334 0.2395957
vt 0.125 0.2395957
vt 0.1666667 0.2395957
vt 0.2083333 0.2395957
vt 0.25 0.2395957
vt 0 0.235
vt 0.04166667 0.235
vt 0.08333334 0.235
vt 0.125 0.235
vt 0.1666667 0.235
vt 0.2083333 0.235
vt 0.25 0.235
vt 0 0.2304044
vt 0.04166667 0.2304044
vt 0.08333334 0.2304044
vt 0.125 0.2304044
vt 0.1666667 0.2304044
vt 0.2083333 0.2304044
vt 0.25 0.2304044
vt 0 0.2255055
vt 0.04166667 0.2255055
vt 0.08333334 0.2255055
vt 0.125 0.2255055
vt 0.1666667 0.2255055
vt 0.2083333 0.2255055
vt 0.25 0.2255055
vt 0 0.22
vt 0.04166667 0.22
vt 0.08333334 0.22
vt 0.125 0.22
vt 0.1666667 0.22
vt 0.2083333 0.22
vt 0.25 0.22
vt 0.2916667 0.25
vt 0.3333333 0.25
vt 0.375 0.25
vt 0.4166667 0.25
vt 0.4583333 0.25
vt 0.5 0.25
vt 0.2916667 0.2444946
vt 0.3333333 0.2444946
vt 0.375 0.2444946
vt 0.4166667 0.2444946
vt 0.4583333 0.2444946
vt 0.5 0.2444946
vt 0.2916667 0.2395957
vt 0.3333333 0.2395957
vt 0.375 0.2395957
vt 0.4166667 0.2395957
vt 0.4583333 0.2395957
vt 0.5 0.2395957
vt 0.2916667 0.235
vt 0.3333333 0.235
vt 0.375 0.235
vt 0.4166667 0.235
vt 0.4583333 0.235
vt 0.5 0.235
vt 0.2916667 0.2304044
vt 0.3333333 0.2304044
vt 0.375 0.2304044
vt 0.4166667 0.2304044
vt 0.4583333 0.2304044
vt 0.5 0.2304044
vt 0.2916667 0.2255055
vt 0.3333333 0.2255055
vt 0.375 0.2255055
vt 0.4166667 0.2255055
vt 0.4583333 0.2255055
vt 0.5 0.2255055
vt 0.2916667 0.22
vt 0.3333333 0.22
vt 0.375 0.22
vt 0.4166667 0.22
vt 0.4583333 0.22
vt 0.5 0.22
vt 0.75 0.25
vt 0.7083334 0.25
vt 0.6666666 0.25
vt 0.625 0.25
vt 0.5833333 0.25
vt 0.5416667 0.25
vt 0.75 0.2444946
vt 0.7083334 0.2444946
vt 0.6666666 0.2444946
vt 0.625 0.2444946
vt 0.5833333 0.2444946
vt 0.5416667 0.2444946
vt 0.75 0.2395957
vt 0.7083334 0.2395957
vt 0.6666666 0.2395957
vt 0.625 0.2395957
vt 0.5833333 0.2395957
vt 0.5416667 0.2395957
vt 0.75 0.235
vt 0.7083334 0.235
vt 0.6666666 0.235
vt 0.625 0.235
vt 0.5833333 0.235
vt 0.5416667 0.235
vt 0.75 0.2304044
vt 0.7083334 0.2304044
vt 0.6666666 0.2304044
vt 0.625 0.2304044
vt 0.5833333 0.2304044
vt 0.5416667 0.2304044
vt 0.75 0.2255055
vt 0.7083334 0.2255055
vt 0.6666666 0.2255055
vt 0.625 0.2255055
vt 0.5833333 0.2255055
vt 0.5416667 0.2255055
vt 0.75 0.22
vt 0.7083334 0.22
vt 0.6666666 0.22
vt 0.625 0.22
vt 0.5833333 0.22
vt 0.5416667 0.22
vt 1 0.25
vt 0.9583333 0.25
vt 0.9166667 0.25
vt 0.875 0.25
vt 0.8333333 0.25
vt 0.7916667 0.25
vt 1 0.2444946
vt 0.9583333 0.2444946
vt 0.9166667 0.2444946
vt 0.875 0.2444946
vt 0.8333333 0.2444946
vt 0.7916667 0.2444946
vt 1 0.2395957
vt 0.9583333 0.2395957
vt 0.9166667 0.2395957
vt 0.875 0.2395957
vt 0.8333333 0.2395957
vt 0.7916667 0.2395957
vt 1 0.235
vt 0.9583333 0.235
vt 0.9166667 0.235
vt 0.875 0.235
vt 0.8333333 0.235
vt 0.7916667 0.235
vt 1 0.2304044
vt 0.9583333 0.2304044
vt 0.9166667 0.2304044
vt 0.875 0.2304044
vt 0.8333333 0.2304044
vt 0.7916667 0.2304044
vt 1 0.2255055
vt 0.9583333 0.2255055
vt 0.9166667 0.2255055
vt 0.875 0.2255055
vt 0.8333333 0.2255055
vt 0.7916667 0.2255055
vt 1 0.22
vt 0.9583333 0.22
vt 0.9166667 0.22
vt 0.875 0.22
vt 0.8333333 0.22
vt 0.7916667 0.22
vt 0.04166667 0.1959977
vt 0.08333334 0.1959977
vt 0.125 0.1959977
vt 0.1666667 0.1959977
vt 0.2083333 0.1959977
vt 0.25 0.1959977
vt 0 0.1722529
vt 0.04166667 0.1722529
vt 0.08333334 0.1722529
vt 0.125 0.1722529
vt 0.1666667 0.1722529
vt 0.2083333 0.1722529
vt 0.25 0.1722529
vt 0 0.1490232
vt 0.04166667 0.1490232
vt 0.08333334 0.1490232
vt 0.125 0.1490232
vt 0.1666667 0.1490232
vt 0.2083333 0.1490232
vt 0.25 0.1490232
vt 0 0.1265661
vt 0.04166667 0.1265661
vt 0.08333334 0.1265661
vt 0.125 0.1265661
vt 0.1666667 0.1265661
vt 0.2083333 0.1265661
vt 0.25 0.1265661
vt 0 0.1051392
vt 0.04166667 0.1051392
vt 0.08333334 0.1051392
vt 0.125 0.1051392
vt 0.1666667 0.1051392
vt 0.2083333 0.1051392
vt 0.25 0.1051392
vt 0.04166667 0.08499998
vt 0.08333334 0.08499998
vt 0.125 0.08499998
vt 0.1666667 0.08499998
vt 0.2083333 0.08499998
vt 0.25 0.08499998
vt 0 0.2124062
vt 0.0158436 0.2102181
vt 0.02656591 0.2035585
vt 0.02942536 0.1959977
vt 0.03026967 0.193299
vt 0.02553474 0.1829886
vt 0.01474452 0.1763141
vt 0 0.1741277
vt 0 0.09812313
vt 0.01231021 0.09520686
vt 0.02128559 0.08830483
vt 0.0224341 0.08499998
vt 0.2916667 0.1959977
vt 0.3333333 0.1959977
vt 0.375 0.1959977
vt 0.4166667 0.1959977
vt 0.4583333 0.1959977
vt 0.5 0.1959977
vt 0.2916667 0.1722529
vt 0.3333333 0.1722529
vt 0.375 0.1722529
vt 0.4166667 0.1722529
vt 0.4583333 0.1722529
vt 0.5 0.1722529
vt 0.2916667 0.1490232
vt 0.3333333 0.1490232
vt 0.375 0.1490232
vt 0.4166667 0.1490232
vt 0.4583333 0.1490232
vt 0.5 0.1490232
vt 0.2916667 0.1265661
vt 0.3333333 0.1265661
vt 0.375 0.1265661
vt 0.4166667 0.1265661
vt 0.4583333 0.1265661
vt 0.2916667 0.1051392
vt 0.3333333 0.1051392
vt 0.375 0.1051392
vt 0.4166667 0.1051392
vt 0.2916667 0.08499998
vt 0.3333333 0.08499998
vt 0.375 0.08499998
vt 0.4166667 0.08499998
vt 0.4583333 0.08499998
vt 0.5 0.1411765
vt 0.4740998 0.1349346
vt 0.465452 0.1265661
vt 0.4587262 0.1199634
vt 0.4583333 0.1181563
vt 0.4554147 0.1051392
vt 0.4543197 0.1010792
vt 0.4583333 0.08942926
vt 0.4596927 0.08499998
vt 0.75 0.1959977
vt 0.7083334 0.1959977
vt 0.6666666 0.1959977
vt 0.625 0.1959977
vt 0.5833333 0.1959977
vt 0.5416667 0.1959977
vt 0.75 0.1722529
vt 0.7083334 0.1722529
vt 0.6666666 0.1722529
vt 0.625 0.1722529
vt 0.5833333 0.1722529
vt 0.5416667 0.1722529
vt 0.75 0.1490232
vt 0.7083334 0.1490232
vt 0.6666666 0.1490232
vt 0.625 0.1490232
vt 0.5833333 0.1490232
vt 0.5416667 0.1490232
vt 0.75 0.1265661
vt 0.7083334 0.1265661
vt 0.6666666 0.1265661
vt 0.625 0.1265661
vt 0.5833333 0.1265661
vt 0.5416667 0.1265661
vt 0.75 0.1051392
vt 0.7083334 0.1051392
vt 0.6666666 0.1051392
vt 0.625 0.1051392
vt 0.5833333 0.1051392
vt 0.75 0.08499998
vt 0.7083334 0.08499998
vt 0.6666666 0.08499998
vt 0.625 0.08499998
vt 0.5833333 0.08499998
vt 0.5416667 0.08499998
vt 0.5259002 0.1349346
vt 0.5345479 0.1265661
vt 0.5412738 0.1199634
vt 0.5416667 0.1181563
vt 0.5445852 0.1051392
vt 0.5456803 0.1010792
vt 0.5416667 0.08942926
vt 0.5403073 0.08499998
vt 0.9583333 0.1959977
vt 0.9166667 0.1959977
vt 0.875 0.1959977
vt 0.8333333 0.1959977
vt 0.7916667 0.1959977
vt 1 0.1722529
vt 0.9583333 0.1722529
vt 0.9166667 0.1722529
vt 0.875 0.1722529
vt 0.8333333 0.1722529
vt 0.7916667 0.1722529
vt 1 0.1490232
vt 0.9583333 0.1490232
vt 0.9166667 0.1490232
vt 0.875 0.1490232
vt 0.8333333 0.1490232
vt 0.7916667 0.1490232
vt 1 0.1265661
vt 0.9583333 0.1265661
vt 0.9166667 0.1265661
vt 0.875 0.1265661
vt 0.8333333 0.1265661
vt 0.7916667 0.1265661
vt 1 0.1051392
vt 0.9583333 0.1051392
vt 0.9166667 0.1051392
vt 0.875 0.1051392
vt 0.8333333 0.1051392
vt 0.7916667 0.1051392
vt 0.9583333 0.08499998
vt 0.9166667 0.08499998
vt 0.875 0.08499998
vt 0.8333333 0.08499998
vt 0.7916667 0.08499998
vt 1 0.2124062
vt 0.9841564 0.2102181
vt 0.9734341 0.2035585
vt 0.9705746 0.1959977
vt 0.9697303 0.193299
vt 0.9744653 0.1829886
vt 0.9852555 0.1763141
vt 1 0.1741277
vt 1 0.09812313
vt 0.9876898 0.09520686
vt 0.9787144 0.08830483
vt 0.9775659 0.08499998
vt 0.04166667 0.06536245
vt 0.08333334 0.06536245
vt 0.125 0.06536245
vt 0.1666667 0.06536245
vt 0.2083333 0.06536245
vt 0.25 0.06536245
vt 0 0.0467695
vt 0.04166667 0.0467695
vt 0.08333334 0.0467695
vt 0.125 0.0467695
vt 0.1666667 0.0467695
vt 0.2083333 0.0467695
vt 0.25 0.0467695
vt 0 0.03007883
vt 0.04166667 0.03007883
vt 0.08333334 0.03007883
vt 0.125 0.03007883
vt 0.1666667 0.03007883
vt 0.2083333 0.03007883
vt 0.25 0.03007883
vt 0 0.01614851
vt 0.04166667 0.01614851
vt 0.08333334 0.01614851
vt 0.125 0.01614851
vt 0.1666667 0.01614851
vt 0.2083333 0.01614851
vt 0.25 0.01614851
vt 0 0.005836248
vt 0.04166667 0.005836248
vt 0.08333334 0.005836248
vt 0.125 0.005836248
vt 0.1666667 0.005836248
vt 0.2083333 0.005836248
vt 0.25 0.005836248
vt 0 0
vt 0.04166667 0
vt 0.08333334 0
vt 0.125 0
vt 0.1666667 0
vt 0.2083333 0
vt 0.25 0
vt 0.02516489 0.07636204
vt 0.0220321 0.06536245
vt 0.02187299 0.06443492
vt 0.01297917 0.05494713
vt 0 0.05273724
vt 0.2916667 0.06536245
vt 0.3333333 0.06536245
vt 0.375 0.06536245
vt 0.4166667 0.06536245
vt 0.4583333 0.06536245
vt 0.2916667 0.0467695
vt 0.3333333 0.0467695
vt 0.375 0.0467695
vt 0.4166667 0.0467695
vt 0.4583333 0.0467695
vt 0.5 0.0467695
vt 0.2916667 0.03007883
vt 0.3333333 0.03007883
vt 0.375 0.03007883
vt 0.4166667 0.03007883
vt 0.4583333 0.03007883
vt 0.5 0.03007883
vt 0.2916667 0.01614851
vt 0.3333333 0.01614851
vt 0.375 0.01614851
vt 0.4166667 0.01614851
vt 0.4583333 0.01614851
vt 0.5 0.01614851
vt 0.2916667 0.005836248
vt 0.3333333 0.005836248
vt 0.375 0.005836248
vt 0.4166667 0.005836248
vt 0.4583333 0.005836248
vt 0.5 0.005836248
vt 0.2916667 0
vt 0.3333333 0
vt 0.375 0
vt 0.4166667 0
vt 0.4583333 0
vt 0.5 0
vt 0.4600841 0.08313406
vt 0.4750678 0.06774618
vt 0.4865223 0.06536245
vt 0.5 0.06184928
vt 0.75 0.06536245
vt 0.7083334 0.06536245
vt 0.6666666 0.06536245
vt 0.625 0.06536245
vt 0.5833333 0.06536245
vt 0.5416667 0.06536245
vt 0.75 0.0467695
vt 0.7083334 0.0467695
vt 0.6666666 0.0467695
vt 0.625 0.0467695
vt 0.5833333 0.0467695
vt 0.5416667 0.0467695
vt 0.75 0.03007883
vt 0.7083334 0.03007883
vt 0.6666666 0.03007883
vt 0.625 0.03007883
vt 0.5833333 0.03007883
vt 0.5416667 0.03007883
vt 0.75 0.01614851
vt 0.7083334 0.01614851
vt 0.6666666 0.01614851
vt 0.625 0.01614851
vt 0.5833333 0.01614851
vt 0.5416667 0.01614851
vt 0.75 0.005836248
vt 0.7083334 0.005836248
vt 0.6666666 0.005836248
vt 0.625 0.005836248
vt 0.5833333 0.005836248
vt 0.5416667 0.005836248
vt 0.75 0
vt 0.7083334 0
vt 0.6666666 0
vt 0.625 0
vt 0.5833333 0
vt 0.5416667 0
vt 0.5399159 0.08313406
vt 0.5249321 0.06774618
vt 0.5134777 0.06536245
vt 0.9583333 0.06536245
vt 0.9166667 0.06536245
vt 0.875 0.06536245
vt 0.8333333 0.06536245
vt 0.7916667 0.06536245
vt 1 0.0467695
vt 0.9583333 0.0467695
vt 0.9166667 0.0467695
vt 0.875 0.0467695
vt 0.8333333 0.0467695
vt 0.7916667 0.0467695
vt 1 0.03007883
vt 0.9583333 0.03007883
vt 0.9166667 0.03007883
vt 0.875 0.03007883
vt 0.8333333 0.03007883
vt 0.7916667 0.03007883
vt 1 0.01614851
vt 0.9583333 0.01614851
vt 0.9166667 0.01614851
vt 0.875 0.01614851
vt 0.8333333 0.01614851
vt 0.7916667 0.01614851
vt 1 0.005836248
vt 0.9583333 0.005836248
vt 0.9166667 0.005836248
vt 0.875 0.005836248
vt 0.8333333 0.005836248
vt 0.7916667 0.005836248
vt 1 0
vt 0.9583333 0
vt 0.9166667 0
vt 0.875 0
vt 0.8333333 0
vt 0.7916667 0
vt 0.9748351 0.07636204
vt 0.9779679 0.06536245
vt 0.978127 0.06443492
vt 0.9870209 0.05494713
vt 1 0.05273724
vt 0.125 0.9921875
vt 0.1553304 0.9881944
vt 0.1835938 0.9764873
vt 0.2078641 0.957864
vt 0.2264874 0.9335938
vt 0.2381944 0.9053304
vt 0.2421875 0.875
vt 0.125 0.9880692
vt 0.1542645 0.9842165
vt 0.1815346 0.9729208
vt 0.204952 0.954952
vt 0.2229208 0.9315345
vt 0.2342164 0.9042645
vt 0.2380692 0.875
vt 0.125 0.9811395
vt 0.1524709 0.9775229
vt 0.1780698 0.9669195
vt 0.200052 0.950052
vt 0.2169195 0.9280697
vt 0.2275229 0.9024709
vt 0.2311395 0.875
vt 0.125 0.9688832
vt 0.1492988 0.9656842
vt 0.1719416 0.9563052
vt 0.1913854 0.9413854
vt 0.2063052 0.9219416
vt 0.2156842 0.8992988
vt 0.2188832 0.875
vt 0.125 0.9487847
vt 0.1440969 0.9462706
vt 0.1618924 0.9388995
vt 0.1771737 0.9271737
vt 0.1888995 0.9118924
vt 0.1962706 0.8940969
vt 0.1987847 0.875
vt 0.125 0.9183288
vt 0.1362143 0.9168524
vt 0.1466644 0.9125239
vt 0.1556381 0.9056381
vt 0.1625239 0.8966644
vt 0.1668524 0.8862143
vt 0.1683288 0.875
vt 0.125 0.875
vt 0.2381944 0.8446696
vt 0.2264874 0.8164063
vt 0.2078641 0.7921359
vt 0.1835937 0.7735127
vt 0.1553303 0.7618055
vt 0.125 0.7578125
vt 0.2342164 0.8457355
vt 0.2229208 0.8184654
vt 0.204952 0.795048
vt 0.1815346 0.7770792
vt 0.1542645 0.7657835
vt 0.125 0.7619308
vt 0.2275229 0.8475291
vt 0.2169195 0.8219302
vt 0.200052 0.799948
vt 0.1780698 0.7830805
vt 0.1524709 0.7724771
vt 0.125 0.7688605
vt 0.2156842 0.8507012
vt 0.2063052 0.8280584
vt 0.1913854 0.8086146
vt 0.1719416 0.7936948
vt 0.1492987 0.7843158
vt 0.125 0.7811168
vt 0.1962706 0.8559031
vt 0.1888994 0.8381076
vt 0.1771737 0.8228263
vt 0.1618924 0.8111005
vt 0.1440969 0.8037294
vt 0.125 0.8012153
vt 0.1668524 0.8637857
vt 0.1625238 0.8533356
vt 0.1556381 0.8443619
vt 0.1466644 0.8374761
vt 0.1362143 0.8331476
vt 0.125 0.8316712
vt 0.0078125 0.875
vt 0.01180558 0.8446696
vt 0.02351265 0.8164063
vt 0.04213594 0.7921359
vt 0.06640626 0.7735127
vt 0.09466965 0.7618055
vt 0.01193082 0.875
vt 0.01578358 0.8457355
vt 0.02707922 0.8184654
vt 0.04504803 0.795048
vt 0.06846543 0.7770792
vt 0.09573555 0.7657835
vt 0.01886047 0.875
vt 0.02247711 0.8475291
vt 0.03308047 0.8219302
vt 0.04994804 0.799948
vt 0.07193024 0.7830805
vt 0.09752908 0.7724771
vt 0.03111683 0.875
vt 0.03431582 0.8507012
vt 0.04369479 0.8280584
vt 0.05861458 0.8086146
vt 0.07805842 0.7936948
vt 0.1007013 0.7843158
vt 0.05121528 0.875
vt 0.05372944 0.8559031
vt 0.06110056 0.8381076
vt 0.07282633 0.8228263
vt 0.08810765 0.8111005
vt 0.1059031 0.8037294
vt 0.08167119 0.875
vt 0.0831476 0.8637857
vt 0.08747616 0.8533356
vt 0.09436192 0.8443619
vt 0.1033356 0.8374761
vt 0.1137857 0.8331476
vt 0.09466964 0.9881944
vt 0.06640625 0.9764873
vt 0.04213592 0.957864
vt 0.02351263 0.9335938
vt 0.01180556 0.9053304
vt 0.09573555 0.9842165
vt 0.06846541 0.9729208
vt 0.04504803 0.954952
vt 0.02707922 0.9315345
vt 0.01578358 0.9042645
vt 0.09752907 0.9775229
vt 0.07193023 0.9669195
vt 0.04994802 0.950052
vt 0.03308046 0.9280697
vt 0.02247709 0.9024709
vt 0.1007012 0.9656842
vt 0.07805841 0.9563052
vt 0.05861458 0.9413854
vt 0.04369479 0.9219416
vt 0.03431582 0.8992988
vt 0.1059031 0.9462706
vt 0.08810763 0.9388995
vt 0.07282633 0.9271737
vt 0.06110054 0.9118924
vt 0.05372944 0.8940969
vt 0.1137857 0.9168524
vt 0.1033356 0.9125239
vt 0.09436192 0.9056381
vt 0.08747615 0.8966644
vt 0.08314759 0.8862143
vt 0.75 0.9540836
vt 0.7708333 0.9543068
vt 0.7916667 0.9547636
vt 0.8125 0.9552246
vt 0.8333333 0.9555863
vt 0.8541667 0.9558128
vt 0.875 0.9558907
vt 0.75 0.9085969
vt 0.7708333 0.9088182
vt 0.7916667 0.9092873
vt 0.8125 0.9097874
vt 0.8333333 0.9102026
vt 0.8541667 0.9104756
vt 0.875 0.9105729
vt 0.75 0.8644927
vt 0.7708333 0.8645889
vt 0.7916667 0.8648219
vt 0.8125 0.8651172
vt 0.8333333 0.8654007
vt 0.8541667 0.8656071
vt 0.875 0.8656858
vt 0.75 0.8227233
vt 0.7708333 0.8226732
vt 0.7916667 0.8226182
vt 0.8125 0.8226432
vt 0.8333333 0.8227319
vt 0.8541667 0.822826
vt 0.875 0.8228685
vt 0.75 0.7842416
vt 0.7708333 0.7841254
vt 0.7916667 0.7839273
vt 0.8125 0.7837945
vt 0.8333333 0.7837478
vt 0.8541667 0.7837508
vt 0.875 0.7837602
vt 0.875 0.75
vt 0.75 0.9735642
vt 0.7708333 0.9757209
vt 0.7783379 0.9755849
vt 0.7916667 0.9758501
vt 0.8073656 0.9753099
vt 0.8125 0.9756622
vt 0.8333333 0.976321
vt 0.8337922 0.9763134
vt 0.8541667 0.9788352
vt 0.875 0.978062
vt 0.75 0.9788319
vt 0.75 0.9840995
vt 0.7708333 0.9809886
vt 0.7708333 0.9862562
vt 0.7783379 0.9808525
vt 0.7783379 0.9861202
vt 0.7916667 0.9811177
vt 0.7916667 0.9863854
vt 0.8073656 0.9805776
vt 0.8073656 0.9858452
vt 0.8125 0.9809299
vt 0.8125 0.9861975
vt 0.8333333 0.9815886
vt 0.8333333 0.9868563
vt 0.8337922 0.981581
vt 0.8337922 0.9868487
vt 0.8541667 0.9841028
vt 0.8541667 0.9893705
vt 0.875 0.9833297
vt 0.875 0.9885973
vt 1 0.9540836
vt 0.9791667 0.9543068
vt 0.9583333 0.9547636
vt 0.9375 0.9552246
vt 0.9166667 0.9555863
vt 0.8958333 0.9558128
vt 1 0.9085969
vt 0.9791667 0.9088182
vt 0.9583333 0.9092873
vt 0.9375 0.9097874
vt 0.9166667 0.9102026
vt 0.8958333 0.9104756
vt 1 0.8644927
vt 0.9791667 0.8645889
vt 0.9583333 0.8648219
vt 0.9375 0.8651172
vt 0.9166667 0.8654007
vt 0.8958333 0.8656071
vt 1 0.8227233
vt 0.9791667 0.8226732
vt 0.9583333 0.8226182
vt 0.9375 0.8226432
vt 0.9166667 0.8227319
vt 0.8958333 0.822826
vt 1 0.7842416
vt 0.9791667 0.7841254
vt 0.9583333 0.7839273
vt 0.9375 0.7837945
vt 0.9166667 0.7837478
vt 0.8958333 0.7837508
vt 1 0.75
vt 0.9791667 0.75
vt 0.9583333 0.75
vt 0.9375 0.75
vt 0.9166667 0.75
vt 0.8958333 0.75
vt 1 0.9735642
vt 0.9791667 0.9757209
vt 0.9716621 0.9755849
vt 0.9583333 0.9758501
vt 0.9426344 0.9753099
vt 0.9375 0.9756622
vt 0.9166667 0.976321
vt 0.9162078 0.9763134
vt 0.8958333 0.9788352
vt 1 0.9788319
vt 1 0.9840995
vt 0.9791667 0.9809886
vt 0.9791667 0.9862562
vt 0.9716621 0.9808525
vt 0.9716621 0.9861202
vt 0.9583333 0.9811177
vt 0.9583333 0.9863854
vt 0.9426344 0.9805776
vt 0.9426344 0.9858452
vt 0.9375 0.9809299
vt 0.9375 0.9861975
vt 0.9166667 0.9815886
vt 0.9166667 0.9868563
vt 0.9162078 0.981581
vt 0.9162078 0.9868487
vt 0.8958333 0.9841028
vt 0.8958333 0.9893705
vt 0.375 0.875
vt 0.375 0.8407961
vt 0.3838526 0.8419615
vt 0.392102 0.8453785
vt 0.3991858 0.8508142
vt 0.4046215 0.8578981
vt 0.4080385 0.8661474
vt 0.4092039 0.875
vt 0.375 0.8146472
vt 0.3906205 0.8167036
vt 0.4051764 0.8227329
vt 0.4176759 0.8323241
vt 0.4272671 0.8448236
vt 0.4332964 0.8593795
vt 0.4353528 0.875
vt 0.375 0.7949138
vt 0.3957278 0.7976427
vt 0.4150431 0.8056433
vt 0.4316295 0.8183705
vt 0.4443567 0.8349569
vt 0.4523573 0.8542721
vt 0.4550862 0.875
vt 0.375 0.7799566
vt 0.399599 0.7831951
vt 0.4225217 0.7926899
vt 0.4422059 0.8077941
vt 0.4573101 0.8274783
vt 0.4668049 0.8504009
vt 0.4700435 0.875
vt 0.375 0.7681359
vt 0.4026585 0.7717773
vt 0.428432 0.782453
vt 0.4505643 0.7994357
vt 0.467547 0.821568
vt 0.4782227 0.8473415
vt 0.4818641 0.875
vt 0.375 0.7578125
vt 0.4053304 0.7618055
vt 0.4335938 0.7735127
vt 0.4578641 0.792136
vt 0.4764874 0.8164063
vt 0.4881944 0.8446696
vt 0.4921875 0.875
vt 0.4080385 0.8838527
vt 0.4046215 0.8921019
vt 0.3991858 0.8991858
vt 0.392102 0.9046215
vt 0.3838526 0.9080384
vt 0.375 0.9092039
vt 0.4332964 0.8906205
vt 0.4272671 0.9051764
vt 0.4176759 0.9176759
vt 0.4051764 0.9272671
vt 0.3906205 0.9332964
vt 0.375 0.9353529
vt 0.4523573 0.8957279
vt 0.4443567 0.9150431
vt 0.4316295 0.9316295
vt 0.4150431 0.9443567
vt 0.3957278 0.9523573
vt 0.375 0.9550862
vt 0.4668049 0.8995991
vt 0.4573101 0.9225217
vt 0.4422058 0.9422059
vt 0.4225217 0.95731
vt 0.399599 0.9668049
vt 0.375 0.9700434
vt 0.4782227 0.9026585
vt 0.467547 0.928432
vt 0.4505643 0.9505643
vt 0.428432 0.967547
vt 0.4026584 0.9782227
vt 0.375 0.981864
vt 0.4881944 0.9053304
vt 0.4764873 0.9335938
vt 0.457864 0.9578641
vt 0.4335938 0.9764873
vt 0.4053304 0.9881945
vt 0.375 0.9921875
vt 0.3407961 0.875
vt 0.3419615 0.8838527
vt 0.3453785 0.8921019
vt 0.3508142 0.8991858
vt 0.357898 0.9046215
vt 0.3661474 0.9080384
vt 0.3146472 0.875
vt 0.3167036 0.8906205
vt 0.3227329 0.9051764
vt 0.3323241 0.9176759
vt 0.3448236 0.9272671
vt 0.3593795 0.9332964
vt 0.2949138 0.875
vt 0.2976427 0.8957279
vt 0.3056433 0.9150431
vt 0.3183705 0.9316295
vt 0.3349569 0.9443567
vt 0.3542722 0.9523573
vt 0.2799565 0.875
vt 0.2831951 0.8995991
vt 0.2926899 0.9225217
vt 0.3077942 0.9422059
vt 0.3274783 0.95731
vt 0.350401 0.9668049
vt 0.2681359 0.875
vt 0.2717773 0.9026585
vt 0.282453 0.928432
vt 0.2994357 0.9505643
vt 0.321568 0.967547
vt 0.3473416 0.9782227
vt 0.2578125 0.875
vt 0.2618056 0.9053304
vt 0.2735127 0.9335938
vt 0.292136 0.9578641
vt 0.3164063 0.9764873
vt 0.3446696 0.9881945
vt 0.3661474 0.8419615
vt 0.357898 0.8453785
vt 0.3508142 0.8508142
vt 0.3453785 0.8578981
vt 0.3419615 0.8661474
vt 0.3593795 0.8167036
vt 0.3448236 0.8227329
vt 0.3323241 0.8323241
vt 0.3227329 0.8448236
vt 0.3167036 0.8593795
vt 0.3542722 0.7976427
vt 0.3349569 0.8056433
vt 0.3183705 0.8183705
vt 0.3056433 0.8349569
vt 0.2976427 0.8542721
vt 0.350401 0.7831951
vt 0.3274783 0.7926899
vt 0.3077941 0.8077941
vt 0.2926899 0.8274783
vt 0.2831951 0.8504009
vt 0.3473415 0.7717773
vt 0.321568 0.782453
vt 0.2994357 0.7994357
vt 0.282453 0.821568
vt 0.2717773 0.8473415
vt 0.3446696 0.7618055
vt 0.3164063 0.7735127
vt 0.2921359 0.792136
vt 0.2735126 0.8164063
vt 0.2618056 0.8446696
vt 0 0.5
vt 0.04166667 0.5
vt 0.08333334 0.5
vt 0.125 0.5
vt 0.1666667 0.5
vt 0.2083333 0.5
vt 0.25 0.5
vt 0 0.4909862
vt 0.04166667 0.4909862
vt 0.08333334 0.4909862
vt 0.125 0.4909862
vt 0.1666667 0.4909862
vt 0.2083333 0.4909862
vt 0.25 0.4909862
vt 0 0.4785237
vt 0.04166667 0.4785237
vt 0.08333334 0.4785237
vt 0.125 0.4785237
vt 0.1666667 0.4785237
vt 0.2083333 0.4785237
vt 0.25 0.4785237
vt 0 0.463467
vt 0.04166667 0.463467
vt 0.08333334 0.463467
vt 0.125 0.463467
vt 0.1666667 0.463467
vt 0.2083333 0.463467
vt 0.25 0.463467
vt 0 0.4466703
vt 0.04166667 0.4466703
vt 0.08333334 0.4466703
vt 0.125 0.4466703
vt 0.1666667 0.4466703
vt 0.2083333 0.4466703
vt 0.25 0.4466703
vt 0 0.4289882
vt 0.04166667 0.4289882
vt 0.08333334 0.4289882
vt 0.125 0.4289882
vt 0.1666667 0.4289882
vt 0.2083333 0.4289882
vt 0.25 0.4289882
vt 0 0.411275
vt 0.04166667 0.411275
vt 0.08333334 0.411275
vt 0.125 0.411275
vt 0.1666667 0.411275
vt 0.2083333 0.411275
vt 0.25 0.411275
vt 0.2916667 0.5
vt 0.3333333 0.5
vt 0.375 0.5
vt 0.4166667 0.5
vt 0.4583333 0.5
vt 0.5 0.5
vt 0.2916667 0.4909862
vt 0.3333333 0.4909862
vt 0.375 0.4909862
vt 0.4166667 0.4909862
vt 0.4583333 0.4909862
vt 0.5 0.4909862
vt 0.2916667 0.4785237
vt 0.3333333 0.4785237
vt 0.375 0.4785237
vt 0.4166667 0.4785237
vt 0.4583333 0.4785237
vt 0.5 0.4785237
vt 0.2916667 0.463467
vt 0.3333333 0.463467
vt 0.375 0.463467
vt 0.4166667 0.463467
vt 0.4583333 0.463467
vt 0.5 0.463467
vt 0.2916667 0.4466703
vt 0.3333333 0.4466703
vt 0.375 0.4466703
vt 0.4166667 0.4466703
vt 0.4583333 0.4466703
vt 0.5 0.4466703
vt 0.2916667 0.4289882
vt 0.3333333 0.4289882
vt 0.375 0.4289882
vt 0.4166667 0.4289882
vt 0.4583333 0.4289882
vt 0.5 0.4289882
vt 0.2916667 0.411275
vt 0.3333333 0.411275
vt 0.375 0.411275
vt 0.4166667 0.411275
vt 0.4583333 0.411275
vt 0.4725217 0.411275
vt 0.4823253 0.4231343
vt 0.5 0.4277621
vt 0.75 0.5
vt 0.7083334 0.5
vt 0.6666666 0.5
vt 0.625 0.5
vt 0.5833333 0.5
vt 0.5416667 0.5
vt 0.75 0.4909862
vt 0.7083334 0.4909862
vt 0.6666666 0.4909862
vt 0.625 0.4909862
vt 0.5833333 0.4909862
vt 0.5416667 0.4909862
vt 0.75 0.4785237
vt 0.7083334 0.4785237
vt 0.6666666 0.4785237
vt 0.625 0.4785237
vt 0.5833333 0.4785237
vt 0.5416667 0.4785237
vt 0.75 0.463467
vt 0.7083334 0.463467
vt 0.6666666 0.463467
vt 0.625 0.463467
vt 0.5833333 0.463467
vt 0.5416667 0.463467
vt 0.75 0.4466703
vt 0.7083334 0.4466703
vt 0.6666666 0.4466703
vt 0.625 0.4466703
vt 0.5833333 0.4466703
vt 0.5416667 0.4466703
vt 0.75 0.4289882
vt 0.7083334 0.4289882
vt 0.6666666 0.4289882
vt 0.625 0.4289882
vt 0.5833333 0.4289882
vt 0.5416667 0.4289882
vt 0.75 0.411275
vt 0.7083334 0.411275
vt 0.6666666 0.411275
vt 0.625 0.411275
vt 0.5833333 0.411275
vt 0.5416667 0.411275
vt 0.5274783 0.411275
vt 0.5176747 0.4231343
vt 1 0.5
vt 0.9583333 0.5
vt 0.9166667 0.5
vt 0.875 0.5
vt 0.8333333 0.5
vt 0.7916667 0.5
vt 1 0.4909862
vt 0.9583333 0.4909862
vt 0.9166667 0.4909862
vt 0.875 0.4909862
vt 0.8333333 0.4909862
vt 0.7916667 0.4909862
vt 1 0.4785237
vt 0.9583333 0.4785237
vt 0.9166667 0.4785237
vt 0.875 0.4785237
vt 0.8333333 0.4785237
vt 0.7916667 0.4785237
vt 1 0.463467
vt 0.9583333 0.463467
vt 0.9166667 0.463467
vt 0.875 0.463467
vt 0.8333333 0.463467
vt 0.7916667 0.463467
vt 1 0.4466703
vt 0.9583333 0.4466703
vt 0.9166667 0.4466703
vt 0.875 0.4466703
vt 0.8333333 0.4466703
vt 0.7916667 0.4466703
vt 1 0.4289882
vt 0.9583333 0.4289882
vt 0.9166667 0.4289882
vt 0.875 0.4289882
vt 0.8333333 0.4289882
vt 0.7916667 0.4289882
vt 1 0.411275
vt 0.9583333 0.411275
vt 0.9166667 0.411275
vt 0.875 0.411275
vt 0.8333333 0.411275
vt 0.7916667 0.411275
vt 0 0.3962879
vt 0.04166667 0.3962879
vt 0.08333334 0.3962879
vt 0.125 0.3962879
vt 0.1666667 0.3962879
vt 0.2083333 0.3962879
vt 0.25 0.3962879
vt 0 0.3800415
vt 0.04166667 0.3800415
vt 0.08333334 0.3800415
vt 0.125 0.3800415
vt 0.1666667 0.3800415
vt 0.2083333 0.3800415
vt 0.25 0.3800415
vt 0 0.3627877
vt 0.04166667 0.3627877
vt 0.08333334 0.3627877
vt 0.125 0.3627877
vt 0.1666667 0.3627877
vt 0.2083333 0.3627877
vt 0.25 0.3627877
vt 0 0.3447782
vt 0.04166667 0.3447782
vt 0.08333334 0.3447782
vt 0.125 0.3447782
vt 0.1666667 0.3447782
vt 0.2083333 0.3447782
vt 0.25 0.3447782
vt 0 0.326265
vt 0.04166667 0.326265
vt 0.08333334 0.326265
vt 0.125 0.326265
vt 0.1666667 0.326265
vt 0.2083333 0.326265
vt 0.25 0.326265
vt 0 0.3075
vt 0.04166667 0.3075
vt 0.08333334 0.3075
vt 0.125 0.3075
vt 0.1666667 0.3075
vt 0.2083333 0.3075
vt 0.25 0.3075
vt 0.2916667 0.3962879
vt 0.3333333 0.3962879
vt 0.375 0.3962879
vt 0.4166667 0.3962879
vt 0.4583333 0.3962879
vt 0.2916667 0.3800415
vt 0.3333333 0.3800415
vt 0.375 0.3800415
vt 0.4166667 0.3800415
vt 0.4583333 0.3800415
vt 0.2916667 0.3627877
vt 0.3333333 0.3627877
vt 0.375 0.3627877
vt 0.4166667 0.3627877
vt 0.4583333 0.3627877
vt 0.5 0.3627877
vt 0.2916667 0.3447782
vt 0.3333333 0.3447782
vt 0.375 0.3447782
vt 0.4166667 0.3447782
vt 0.4583333 0.3447782
vt 0.5 0.3447782
vt 0.2916667 0.326265
vt 0.3333333 0.326265
vt 0.375 0.326265
vt 0.4166667 0.326265
vt 0.4583333 0.326265
vt 0.5 0.326265
vt 0.2916667 0.3075
vt 0.3333333 0.3075
vt 0.375 0.3075
vt 0.4166667 0.3075
vt 0.4583333 0.3075
vt 0.5 0.3075
vt 0.5 0.3710081
vt 0.4816025 0.3760513
vt 0.4777759 0.3800415
vt 0.4714577 0.3869418
vt 0.4695075 0.3962879
vt 0.4688165 0.3992342
vt 0.4723024 0.4110456
vt 0.75 0.3962879
vt 0.7083334 0.3962879
vt 0.6666666 0.3962879
vt 0.625 0.3962879
vt 0.5833333 0.3962879
vt 0.5416667 0.3962879
vt 0.75 0.3800415
vt 0.7083334 0.3800415
vt 0.6666666 0.3800415
vt 0.625 0.3800415
vt 0.5833333 0.3800415
vt 0.5416667 0.3800415
vt 0.75 0.3627877
vt 0.7083334 0.3627877
vt 0.6666666 0.3627877
vt 0.625 0.3627877
vt 0.5833333 0.3627877
vt 0.5416667 0.3627877
vt 0.75 0.3447782
vt 0.7083334 0.3447782
vt 0.6666666 0.3447782
vt 0.625 0.3447782
vt 0.5833333 0.3447782
vt 0.5416667 0.3447782
vt 0.75 0.326265
vt 0.7083334 0.326265
vt 0.6666666 0.326265
vt 0.625 0.326265
vt 0.5833333 0.326265
vt 0.5416667 0.326265
vt 0.75 0.3075
vt 0.7083334 0.3075
vt 0.6666666 0.3075
vt 0.625 0.3075
vt 0.5833333 0.3075
vt 0.5416667 0.3075
vt 0.5183975 0.3760513
vt 0.5222241 0.3800415
vt 0.5285423 0.3869418
vt 0.5304925 0.3962879
vt 0.5311835 0.3992342
vt 0.5276976 0.4110456
vt 1 0.3962879
vt 0.9583333 0.3962879
vt 0.9166667 0.3962879
vt 0.875 0.3962879
vt 0.8333333 0.3962879
vt 0.7916667 0.3962879
vt 1 0.3800415
vt 0.9583333 0.3800415
vt 0.9166667 0.3800415
vt 0.875 0.3800415
vt 0.8333333 0.3800415
vt 0.7916667 0.3800415
vt 1 0.3627877
vt 0.9583333 0.3627877
vt 0.9166667 0.3627877
vt 0.875 0.3627877
vt 0.8333333 0.3627877
vt 0.7916667 0.3627877
vt 1 0.3447782
vt 0.9583333 0.3447782
vt 0.9166667 0.3447782
vt 0.875 0.3447782
vt 0.8333333 0.3447782
vt 0.7916667 0.3447782
vt 1 0.326265
vt 0.9583333 0.326265
vt 0.9166667 0.326265
vt 0.875 0.326265
vt 0.8333333 0.326265
vt 0.7916667 0.326265
vt 1 0.3075
vt 0.9583333 0.3075
vt 0.9166667 0.3075
vt 0.875 0.3075
vt 0.8333333 0.3075
vt 0.7916667 0.3075
vt 0 0.2992972
vt 0.04166667 0.2992972
vt 0.08333334 0.2992972
vt 0.125 0.2992972
vt 0.1666667 0.2992972
vt 0.2083333 0.2992972
vt 0.25 0.2992972
vt 0 0.2915501
vt 0.04166667 0.2915501
vt 0.08333334 0.2915501
vt 0.125 0.2915501
vt 0.1666667 0.2915501
vt 0.2083333 0.2915501
vt 0.25 0.2915501
vt 0 0.2845064
vt 0.04166667 0.2845064
vt 0.08333334 0.2845064
vt 0.125 0.2845064
vt 0.1666667 0.2845064
vt 0.2083333 0.2845064
vt 0.25 0.2845064
vt 0 0.2784141
vt 0.04166667 0.2784141
vt 0.08333334 0.2784141
vt 0.125 0.2784141
vt 0.1666667 0.2784141
vt 0.2083333 0.2784141
vt 0.25 0.2784141
vt 0 0.273521
vt 0.04166667 0.273521
vt 0.08333334 0.273521
vt 0.125 0.273521
vt 0.1666667 0.273521
vt 0.2083333 0.273521
vt 0.25 0.273521
vt 0 0.270075
vt 0.04166667 0.270075
vt 0.08333334 0.270075
vt 0.125 0.270075
vt 0.1666667 0.270075
vt 0.2083333 0.270075
vt 0.25 0.270075
vt 0.2916667 0.2992972
vt 0.3333333 0.2992972
vt 0.375 0.2992972
vt 0.4166667 0.2992972
vt 0.4583333 0.2992972
vt 0.5 0.2992972
vt 0.2916667 0.2915501
vt 0.3333333 0.2915501
vt 0.375 0.2915501
vt 0.4166667 0.2915501
vt 0.4583333 0.2915501
vt 0.5 0.2915501
vt 0.2916667 0.2845064
vt 0.3333333 0.2845064
vt 0.375 0.2845064
vt 0.4166667 0.2845064
vt 0.4583333 0.2845064
vt 0.5 0.2845064
vt 0.2916667 0.2784141
vt 0.3333333 0.2784141
vt 0.375 0.2784141
vt 0.4166667 0.2784141
vt 0.4583333 0.2784141
vt 0.5 0.2784141
vt 0.2916667 0.273521
vt 0.3333333 0.273521
vt 0.375 0.273521
vt 0.4166667 0.273521
vt 0.4583333 0.273521
vt 0.5 0.273521
vt 0.2916667 0.270075
vt 0.3333333 0.270075
vt 0.375 0.270075
vt 0.4166667 0.270075
vt 0.4583333 0.270075
vt 0.5 0.270075
vt 0.75 0.2992972
vt 0.7083334 0.2992972
vt 0.6666666 0.2992972
vt 0.625 0.2992972
vt 0.5833333 0.2992972
vt 0.5416667 0.2992972
vt 0.75 0.2915501
vt 0.7083334 0.2915501
vt 0.6666666 0.2915501
vt 0.625 0.2915501
vt 0.5833333 0.2915501
vt 0.5416667 0.2915501
vt 0.75 0.2845064
vt 0.7083334 0.2845064
vt 0.6666666 0.2845064
vt 0.625 0.2845064
vt 0.5833333 0.2845064
vt 0.5416667 0.2845064
vt 0.75 0.2784141
vt 0.7083334 0.2784141
vt 0.6666666 0.2784141
vt 0.625 0.2784141
vt 0.5833333 0.2784141
vt 0.5416667 0.2784141
vt 0.75 0.273521
vt 0.7083334 0.273521
vt 0.6666666 0.273521
vt 0.625 0.273521
vt 0.5833333 0.273521
vt 0.5416667 0.273521
vt 0.75 0.270075
vt 0.7083334 0.270075
vt 0.6666666 0.270075
vt 0.625 0.270075
vt 0.5833333 0.270075
vt 0.5416667 0.270075
vt 1 0.2992972
vt 0.9583333 0.2992972
vt 0.9166667 0.2992972
vt 0.875 0.2992972
vt 0.8333333 0.2992972
vt 0.7916667 0.2992972
vt 1 0.2915501
vt 0.9583333 0.2915501
vt 0.9166667 0.2915501
vt 0.875 0.2915501
vt 0.8333333 0.2915501
vt 0.7916667 0.2915501
vt 1 0.2845064
vt 0.9583333 0.2845064
vt 0.9166667 0.2845064
vt 0.875 0.2845064
vt 0.8333333 0.2845064
vt 0.7916667 0.2845064
vt 1 0.2784141
vt 0.9583333 0.2784141
vt 0.9166667 0.2784141
vt 0.875 0.2784141
vt 0.8333333 0.2784141
vt 0.7916667 0.2784141
vt 1 0.273521
vt 0.9583333 0.273521
vt 0.9166667 0.273521
vt 0.875 0.273521
vt 0.8333333 0.273521
vt 0.7916667 0.273521
vt 1 0.270075
vt 0.9583333 0.270075
vt 0.9166667 0.270075
vt 0.875 0.270075
vt 0.8333333 0.270075
vt 0.7916667 0.270075
vt 0 0.2670943
vt 0.04166667 0.2670943
vt 0.08333334 0.2670943
vt 0.125 0.2670943
vt 0.1666667 0.2670943
vt 0.2083333 0.2670943
vt 0.25 0.2670943
vt 0 0.2639144
vt 0.04166667 0.2639144
vt 0.08333334 0.2639144
vt 0.125 0.2639144
vt 0.1666667 0.2639144
vt 0.2083333 0.2639144
vt 0.25 0.2639144
vt 0 0.2605752
vt 0.04166667 0.2605752
vt 0.08333334 0.2605752
vt 0.125 0.2605752
vt 0.1666667 0.2605752
vt 0.2083333 0.2605752
vt 0.25 0.2605752
vt 0 0.2571165
vt 0.04166667 0.2571165
vt 0.08333334 0.2571165
vt 0.125 0.2571165
vt 0.1666667 0.2571165
vt 0.2083333 0.2571165
vt 0.25 0.2571165
vt 0 0.2535781
vt 0.04166667 0.2535781
vt 0.08333334 0.2535781
vt 0.125 0.2535781
vt 0.1666667 0.2535781
vt 0.2083333 0.2535781
vt 0.25 0.2535781
vt 0.2916667 0.2670943
vt 0.3333333 0.2670943
vt 0.375 0.2670943
vt 0.4166667 0.2670943
vt 0.4583333 0.2670943
vt 0.5 0.2670943
vt 0.2916667 0.2639144
vt 0.3333333 0.2639144
vt 0.375 0.2639144
vt 0.4166667 0.2639144
vt 0.4583333 0.2639144
vt 0.5 0.2639144
vt 0.2916667 0.2605752
vt 0.3333333 0.2605752
vt 0.375 0.2605752
vt 0.4166667 0.2605752
vt 0.4583333 0.2605752
vt 0.5 0.2605752
vt 0.2916667 0.2571165
vt 0.3333333 0.2571165
vt 0.375 0.2571165
vt 0.4166667 0.2571165
vt 0.4583333 0.2571165
vt 0.5 0.2571165
vt 0.2916667 0.2535781
vt 0.3333333 0.2535781
vt 0.375 0.2535781
vt 0.4166667 0.2535781
vt 0.4583333 0.2535781
vt 0.5 0.2535781
vt 0.75 0.2670943
vt 0.7083334 0.2670943
vt 0.6666666 0.2670943
vt 0.625 0.2670943
vt 0.5833333 0.2670943
vt 0.5416667 0.2670943
vt 0.75 0.2639144
vt 0.7083334 0.2639144
vt 0.6666666 0.2639144
vt 0.625 0.2639144
vt 0.5833333 0.2639144
vt 0.5416667 0.2639144
vt 0.75 0.2605752
vt 0.7083334 0.2605752
vt 0.6666666 0.2605752
vt 0.625 0.2605752
vt 0.5833333 0.2605752
vt 0.5416667 0.2605752
vt 0.75 0.2571165
vt 0.7083334 0.2571165
vt 0.6666666 0.2571165
vt 0.625 0.2571165
vt 0.5833333 0.2571165
vt 0.5416667 0.2571165
vt 0.75 0.2535781
vt 0.7083334 0.2535781
vt 0.6666666 0.2535781
vt 0.625 0.2535781
vt 0.5833333 0.2535781
vt 0.5416667 0.2535781
vt 1 0.2670943
vt 0.9583333 0.2670943
vt 0.9166667 0.2670943
vt 0.875 0.2670943
vt 0.8333333 0.2670943
vt 0.7916667 0.2670943
vt 1 0.2639144
vt 0.9583333 0.2639144
vt 0.9166667 0.2639144
vt 0.875 0.2639144
vt 0.8333333 0.2639144
vt 0.7916667 0.2639144
vt 1 0.2605752
vt 0.9583333 0.2605752
vt 0.9166667 0.2605752
vt 0.875 0.2605752
vt 0.8333333 0.2605752
vt 0.7916667 0.2605752
vt 1 0.2571165
vt 0.9583333 0.2571165
vt 0.9166667 0.2571165
vt 0.875 0.2571165
vt 0.8333333 0.2571165
vt 0.7916667 0.2571165
vt 1 0.2535781
vt 0.9583333 0.2535781
vt 0.9166667 0.2535781
vt 0.875 0.2535781
vt 0.8333333 0.2535781
vt 0.7916667 0.2535781
vt 0.625 0.9921875
vt 0.6553304 0.9881944
vt 0.6835938 0.9764873
vt 0.707864 0.957864
vt 0.7264873 0.9335938
vt 0.7381944 0.9053304
vt 0.7421875 0.875
vt 0.625 0.9872717
vt 0.654058 0.9834462
vt 0.6811359 0.9722302
vt 0.7043881 0.9543881
vt 0.7222302 0.9311358
vt 0.7334462 0.9040581
vt 0.7372717 0.875
vt 0.625 0.9828373
vt 0.6529104 0.9791629
vt 0.6789187 0.9683899
vt 0.7012525 0.9512525
vt 0.7183899 0.9289187
vt 0.7291629 0.9029104
vt 0.7328373 0.875
vt 0.625 0.9789293
vt 0.6518989 0.9753879
vt 0.6769646 0.9650054
vt 0.6984891 0.9484891
vt 0.7150054 0.9269646
vt 0.7253879 0.9018989
vt 0.7289293 0.875
vt 0.625 0.9755925
vt 0.6510352 0.9721649
vt 0.6752962 0.9621156
vt 0.6961296 0.9461296
vt 0.7121156 0.9252962
vt 0.7221649 0.9010352
vt 0.7255925 0.875
vt 0.625 0.9728719
vt 0.6503311 0.969537
vt 0.6739359 0.9597595
vt 0.6942059 0.9442059
vt 0.7097595 0.9239359
vt 0.719537 0.9003311
vt 0.7228719 0.875
vt 0.625 0.9708125
vt 0.6497981 0.9675478
vt 0.6729063 0.957976
vt 0.6927497 0.9427497
vt 0.707976 0.9229062
vt 0.7175478 0.8997981
vt 0.7208125 0.875
vt 0.7381944 0.8446696
vt 0.7264873 0.8164063
vt 0.707864 0.7921359
vt 0.6835938 0.7735127
vt 0.6553304 0.7618055
vt 0.625 0.7578125
vt 0.7334462 0.8459419
vt 0.7222302 0.8188641
vt 0.7043881 0.7956119
vt 0.6811359 0.7777698
vt 0.654058 0.7665538
vt 0.625 0.7627283
vt 0.7291629 0.8470896
vt 0.7183899 0.8210813
vt 0.7012525 0.7987475
vt 0.6789187 0.7816101
vt 0.6529104 0.7708371
vt 0.625 0.7671627
vt 0.7253879 0.8481011
vt 0.7150054 0.8230354
vt 0.6984891 0.8015109
vt 0.6769646 0.7849946
vt 0.6518989 0.7746121
vt 0.625 0.7710707
vt 0.7221649 0.8489647
vt 0.7121156 0.8247038
vt 0.6961296 0.8038704
vt 0.6752962 0.7878844
vt 0.6510352 0.7778351
vt 0.625 0.7744075
vt 0.719537 0.8496689
vt 0.7097595 0.8260641
vt 0.6942059 0.8057941
vt 0.6739359 0.7902404
vt 0.6503311 0.780463
vt 0.625 0.7771281
vt 0.7175478 0.8502018
vt 0.707976 0.8270937
vt 0.6927497 0.8072503
vt 0.6729062 0.792024
vt 0.6497981 0.7824522
vt 0.625 0.7791875
vt 0.5078125 0.875
vt 0.5118056 0.8446696
vt 0.5235127 0.8164063
vt 0.542136 0.7921359
vt 0.5664063 0.7735127
vt 0.5946696 0.7618055
vt 0.5127283 0.875
vt 0.5165538 0.8459419
vt 0.5277698 0.8188641
vt 0.5456119 0.7956119
vt 0.5688641 0.7777698
vt 0.595942 0.7665538
vt 0.5171627 0.875
vt 0.5208371 0.8470896
vt 0.5316101 0.8210813
vt 0.5487475 0.7987475
vt 0.5710813 0.7816101
vt 0.5970896 0.7708371
vt 0.5210707 0.875
vt 0.5246121 0.8481011
vt 0.5349946 0.8230354
vt 0.5515109 0.8015109
vt 0.5730354 0.7849946
vt 0.5981011 0.7746121
vt 0.5244075 0.875
vt 0.5278351 0.8489647
vt 0.5378844 0.8247038
vt 0.5538704 0.8038704
vt 0.5747038 0.7878844
vt 0.5989648 0.7778351
vt 0.5271281 0.875
vt 0.530463 0.8496689
vt 0.5402405 0.8260641
vt 0.5557941 0.8057941
vt 0.5760641 0.7902404
vt 0.5996689 0.780463
vt 0.5291875 0.875
vt 0.5324522 0.8502018
vt 0.542024 0.8270937
vt 0.5572503 0.8072503
vt 0.5770938 0.792024
vt 0.6002019 0.7824522
vt 0.5946696 0.9881944
vt 0.5664063 0.9764873
vt 0.542136 0.957864
vt 0.5235127 0.9335938
vt 0.5118056 0.9053304
vt 0.595942 0.9834462
vt 0.5688641 0.9722302
vt 0.5456119 0.9543881
vt 0.5277698 0.9311358
vt 0.5165538 0.9040581
vt 0.5970896 0.9791629
vt 0.5710813 0.9683899
vt 0.5487475 0.9512525
vt 0.5316101 0.9289187
vt 0.5208371 0.9029104
vt 0.5981011 0.9753879
vt 0.5730354 0.9650054
vt 0.5515109 0.9484891
vt 0.5349946 0.9269646
vt 0.5246121 0.9018989
vt 0.5989648 0.9721649
vt 0.5747038 0.9621156
vt 0.5538704 0.9461296
vt 0.5378844 0.9252962
vt 0.5278351 0.9010352
vt 0.5996689 0.969537
vt 0.5760641 0.9597595
vt 0.5557941 0.9442059
vt 0.5402405 0.9239359
vt 0.530463 0.9003311
vt 0.6002019 0.9675478
vt 0.5770937 0.957976
vt 0.5572503 0.9427497
vt 0.542024 0.9229062
vt 0.5324522 0.8997981
vt 0.625 0.968724
vt 0.6492575 0.9655305
vt 0.671862 0.9561673
vt 0.6912729 0.9412729
vt 0.7061674 0.921862
vt 0.7155305 0.8992575
vt 0.718724 0.875
vt 0.625 0.9658672
vt 0.6485181 0.9627709
vt 0.6704336 0.9536933
vt 0.6892528 0.9392528
vt 0.7036933 0.9204336
vt 0.7127709 0.8985181
vt 0.7158672 0.875
vt 0.625 0.9621838
vt 0.6475648 0.9592131
vt 0.6685919 0.9505035
vt 0.6866483 0.9366483
vt 0.7005035 0.9185919
vt 0.7092131 0.8975648
vt 0.7121838 0.875
vt 0.625 0.957616
vt 0.6463826 0.9548008
vt 0.666308 0.9465475
vt 0.6834183 0.9334183
vt 0.6965475 0.9163079
vt 0.7048008 0.8963826
vt 0.707616 0.875
vt 0.625 0.9521053
vt 0.6449563 0.949478
vt 0.6635526 0.9417751
vt 0.6795217 0.9295217
vt 0.6917751 0.9135526
vt 0.699478 0.8949564
vt 0.7021053 0.875
vt 0.625 0.9455938
vt 0.643271 0.9431883
vt 0.6602969 0.936136
vt 0.6749173 0.9249173
vt 0.686136 0.9102969
vt 0.6931883 0.893271
vt 0.6955938 0.875
vt 0.7155305 0.8507424
vt 0.7061673 0.828138
vt 0.6912729 0.8087271
vt 0.671862 0.7938327
vt 0.6492575 0.7844695
vt 0.625 0.781276
vt 0.7127709 0.8514818
vt 0.7036933 0.8295664
vt 0.6892528 0.8107472
vt 0.6704336 0.7963067
vt 0.6485181 0.7872291
vt 0.625 0.7841328
vt 0.7092131 0.8524351
vt 0.7005035 0.8314081
vt 0.6866483 0.8133517
vt 0.6685919 0.7994965
vt 0.6475648 0.7907869
vt 0.625 0.7878162
vt 0.7048008 0.8536174
vt 0.6965475 0.833692
vt 0.6834183 0.8165817
vt 0.666308 0.8034525
vt 0.6463826 0.7951992
vt 0.625 0.792384
vt 0.699478 0.8550436
vt 0.6917751 0.8364474
vt 0.6795217 0.8204783
vt 0.6635526 0.8082249
vt 0.6449563 0.800522
vt 0.625 0.7978947
vt 0.6931883 0.856729
vt 0.686136 0.8397031
vt 0.6749173 0.8250827
vt 0.6602969 0.813864
vt 0.643271 0.8068117
vt 0.625 0.8044063
vt 0.531276 0.875
vt 0.5344695 0.8507424
vt 0.5438327 0.828138
vt 0.5587271 0.8087271
vt 0.578138 0.7938327
vt 0.6007425 0.7844695
vt 0.5341328 0.875
vt 0.5372291 0.8514818
vt 0.5463067 0.8295664
vt 0.5607472 0.8107472
vt 0.5795664 0.7963067
vt 0.6014819 0.7872291
vt 0.5378162 0.875
vt 0.5407869 0.8524351
vt 0.5494965 0.8314081
vt 0.5633517 0.8133517
vt 0.5814081 0.7994965
vt 0.6024352 0.7907869
vt 0.542384 0.875
vt 0.5451992 0.8536174
vt 0.5534525 0.833692
vt 0.5665817 0.8165817
vt 0.583692 0.8034525
vt 0.6036174 0.7951992
vt 0.5478947 0.875
vt 0.550522 0.8550436
vt 0.5582249 0.8364474
vt 0.5704783 0.8204783
vt 0.5864474 0.8082249
vt 0.6050437 0.800522
vt 0.5544062 0.875
vt 0.5568117 0.856729
vt 0.563864 0.8397031
vt 0.5750827 0.8250827
vt 0.5897031 0.813864
vt 0.606729 0.8068117
vt 0.6007425 0.9655305
vt 0.578138 0.9561673
vt 0.5587271 0.9412729
vt 0.5438326 0.921862
vt 0.5344695 0.8992575
vt 0.6014819 0.9627709
vt 0.5795664 0.9536933
vt 0.5607472 0.9392528
vt 0.5463067 0.9204336
vt 0.5372291 0.8985181
vt 0.6024352 0.9592131
vt 0.5814081 0.9505035
vt 0.5633517 0.9366483
vt 0.5494965 0.9185919
vt 0.5407869 0.8975648
vt 0.6036174 0.9548008
vt 0.583692 0.9465475
vt 0.5665817 0.9334183
vt 0.5534525 0.9163079
vt 0.5451992 0.8963826
vt 0.6050437 0.949478
vt 0.5864474 0.9417751
vt 0.5704783 0.9295217
vt 0.5582249 0.9135526
vt 0.550522 0.8949564
vt 0.606729 0.9431883
vt 0.5897031 0.936136
vt 0.5750827 0.9249173
vt 0.563864 0.9102969
vt 0.5568117 0.893271
vt 0.625 0.9374682
vt 0.6411679 0.9353397
vt 0.6562341 0.9290991
vt 0.6691717 0.9191717
vt 0.6790991 0.9062341
vt 0.6853397 0.891168
vt 0.6874682 0.875
vt 0.625 0.9279761
vt 0.6387112 0.926171
vt 0.6514881 0.9208786
vt 0.6624597 0.9124597
vt 0.6708786 0.9014881
vt 0.676171 0.8887112
vt 0.6779761 0.875
vt 0.625 0.9170503
vt 0.6358835 0.9156175
vt 0.6460252 0.9114166
vt 0.6547341 0.9047341
vt 0.6614166 0.8960252
vt 0.6656175 0.8858835
vt 0.6670503 0.875
vt 0.625 0.9046237
vt 0.6326672 0.9036143
vt 0.6398119 0.9006549
vt 0.6459472 0.8959472
vt 0.6506549 0.8898119
vt 0.6536143 0.8826672
vt 0.6546237 0.875
vt 0.625 0.8906294
vt 0.6290452 0.8900968
vt 0.6328146 0.8885354
vt 0.6360516 0.8860516
vt 0.6385354 0.8828146
vt 0.6400968 0.8790452
vt 0.6406294 0.875
vt 0.625 0.875
vt 0.6853397 0.858832
vt 0.6790991 0.8437659
vt 0.6691717 0.8308283
vt 0.6562341 0.8209009
vt 0.6411679 0.8146603
vt 0.625 0.8125318
vt 0.676171 0.8612888
vt 0.6708786 0.8485119
vt 0.6624597 0.8375403
vt 0.6514881 0.8291214
vt 0.6387112 0.823829
vt 0.625 0.8220239
vt 0.6656175 0.8641165
vt 0.6614166 0.8539748
vt 0.6547341 0.8452659
vt 0.6460252 0.8385834
vt 0.6358834 0.8343825
vt 0.625 0.8329497
vt 0.6536143 0.8673328
vt 0.6506549 0.8601881
vt 0.6459472 0.8540528
vt 0.6398119 0.8493451
vt 0.6326672 0.8463857
vt 0.625 0.8453763
vt 0.6400968 0.8709548
vt 0.6385354 0.8671854
vt 0.6360516 0.8639484
vt 0.6328146 0.8614646
vt 0.6290452 0.8599032
vt 0.625 0.8593706
vt 0.5625318 0.875
vt 0.5646603 0.858832
vt 0.5709009 0.8437659
vt 0.5808283 0.8308283
vt 0.5937659 0.8209009
vt 0.6088321 0.8146603
vt 0.5720239 0.875
vt 0.573829 0.8612888
vt 0.5791214 0.8485119
vt 0.5875403 0.8375403
vt 0.5985119 0.8291214
vt 0.6112888 0.823829
vt 0.5829497 0.875
vt 0.5843825 0.8641165
vt 0.5885834 0.8539748
vt 0.5952659 0.8452659
vt 0.6039748 0.8385834
vt 0.6141166 0.8343825
vt 0.5953763 0.875
vt 0.5963857 0.8673328
vt 0.5993451 0.8601881
vt 0.6040528 0.8540528
vt 0.6101881 0.8493451
vt 0.6173328 0.8463857
vt 0.6093706 0.875
vt 0.6099032 0.8709548
vt 0.6114646 0.8671854
vt 0.6139484 0.8639484
vt 0.6171854 0.8614646
vt 0.6209548 0.8599032
vt 0.6088321 0.9353397
vt 0.5937659 0.9290991
vt 0.5808283 0.9191717
vt 0.5709009 0.9062341
vt 0.5646603 0.891168
vt 0.6112888 0.926171
vt 0.5985119 0.9208786
vt 0.5875403 0.9124597
vt 0.5791214 0.9014881
vt 0.573829 0.8887112
vt 0.6141165 0.9156175
vt 0.6039748 0.9114166
vt 0.5952659 0.9047341
vt 0.5885834 0.8960252
vt 0.5843825 0.8858835
vt 0.6173328 0.9036143
vt 0.6101881 0.9006549
vt 0.6040528 0.8959472
vt 0.5993451 0.8898119
vt 0.5963857 0.8826672
vt 0.6209548 0.8900968
vt 0.6171854 0.8885354
vt 0.6139484 0.8860516
vt 0.6114646 0.8828146
vt 0.6099032 0.8790452

f 2/2/2 1/1/1 8/8/8
f 8/8/8 9/9/9 2/2/2
f 3/3/3 2/2/2 9/9/9
f 9/9/9 10/10/10 3/3/3
f 4/4/4 3/3/3 10/10/10
f 10/10/10 11/11/11 4/4/4
f 5/5/5 4/4/4 11/11/11
f 11/11/11 12/12/12 5/5/5
f 6/6/6 5/5/5 12/12/12
f 12/12/12 13/13/13 6/6/6
f 7/7/7 6/6/6 13/13/13
f 13/13/13 14/14/14 7/7/7
f 9/9/9 8/8/8 15/15/15
f 15/15/15 16/16/16 9/9/9
f 10/10/10 9/9/9 16/16/16
f 16/16/16 17/17/17 10/10/10
f 11/11/11 10/10/10 17/17/17
f 17/17/17 18/18/18 11/11/11
f 12/12/12 11/11/11 18/18/18
f 18/18/18 19/19/19 12/12/12
f 13/13/13 12/12/12 19/19/19
f 19/19/19 20/20/20 13/13/13
f 14/14/14 13/13/13 20/20/20
f 20/20/20 21/21/21 14/14/14
f 16/16/16 15/15/15 22/22/22
f 22/22/22 23/23/23 16/16/16
f 17/17/17 16/16/16 23/23/23
f 23/23/23 24/24/24 17/17/17
f 18/18/18 17/17/17 24/24/24
f 24/24/24 25/25/25 18/18/18
f 19/19/19 18/18/18 25/25/25
f 25/25/25 26/26/26 19/19/19
f 20/20/20 19/19/19 26/26/26
f 26/26/26 27/27/27 20/20/20
f 21/21/21 20/20/20 27/27/27
f 27/27/27 28/28/28 21/21/21
f 23/23/23 22/22/22 29/29/29
f 29/29/29 30/30/30 23/23/23
f 24/24/24 23/23/23 30/30/30
f 30/30/30 31/31/31 24/24/24
f 25/25/25 24/24/24 31/31/31
f 31/31/31 32/32/32 25/25/25
f 26/26/26 25/25/25 32/32/32
f 32/32/32 33/33/33 26/26/26
f 27/27/27 26/26/26 33/33/33
f 33/33/33 34/34/34 27/27/27
f 28/28/28 27/27/27 34/34/34
f 34/34/34 35/35/35 28/28/28
f 30/30/30 29/29/29 36/36/36
f 36/36/36 37/37/37 30/30/30
f 31/31/31 30/30/30 37/37/37
f 37/37/37 38/38/38 31/31/31
f 32/32/32 31/31/31 38/38/38
f 38/38/38 39/39/39 32/32/32
f 33/33/33 32/32/32 39/39/39
f 39/39/39 40/40/40 33/33/33
f 34/34/34 33/33/33 40/40/40
f 40/40/40 41/41/41 34/34/34
f 35/35/35 34/34/34 41/41/41
f 41/41/41 42/42/42 35/35/35
f 43/43/43 2/2/2 44/44/44
f 43/43/43 1/1/1 2/2/2
f 45/45/45 44/44/44 2/2/2
f 45/45/45 2/2/2 3/3/3
f 46/46/46 45/45/45 3/3/3
f 46/46/46 3/3/3 4/4/4
f 47/47/47 46/46/46 4/4/4
f 48/48/48 47/47/47 4/4/4
f 48/48/48 4/4/4 5/5/5
f 49/49/49 48/48/48 5/5/5
f 49/49/49 5/5/5 6/6/6
f 50/50/50 49/49/49 6/6/6
f 50/50/50 6/6/6 7/7/7
f 43/43/43 44/44/44 53/53/53
f 53/53/53 51/51/51 43/43/43
f 51/51/51 53/53/53 54/54/54
f 54/54/54 52/52/52 51/51/51
f 44/44/44 45/45/45 55/55/55
f 55/55/55 53/53/53 44/44/44
f 53/53/53 55/55/55 56/56/56
f 56/56/56 54/54/54 53/53/53
f 45/45/45 46/46/46 57/57/57
f 57/57/57 55/55/55 45/45/45
f 55/55/55 57/57/57 58/58/58
f 58/58/58 56/56/56 55/55/55
f 46/46/46 47/47/47 59/59/59
f 59/59/59 57/57/57 46/46/46
f 57/57/57 59/59/59 60/60/60
f 60/60/60 58/58/58 57/57/57
f 47/47/47 48/48/48 61/61/61
f 61/61/61 59/59/59 47/47/47
f 59/59/59 61/61/61 62/62/62
f 62/62/62 60/60/60 59/59/59
f 48/48/48 49/49/49 63/63/63
f 63/63/63 61/61/61 48/48/48
f 61/61/61 63/63/63 64/64/64
f 64/64/64 62/62/62 61/61/61
f 49/49/49 50/50/50 65/65/65
f 65/65/65 63/63/63 49/49/49
f 63/63/63 65/65/65 66/66/66
f 66/66/66 64/64/64 63/63/63
f 8/8/8 1/1/1 67/67/67
f 67/67/67 72/73/72 8/8/8
f 72/73/72 67/67/67 68/68/68
f 68/68/68 73/74/73 72/73/72
f 73/74/73 68/68/68 69/69/69
f 69/69/69 74/75/74 73/74/73
f 74/75/74 69/69/69 70/70/70
f 70/70/70 75/76/75 74/75/74
f 75/76/75 70/70/70 71/71/71
f 71/71/71 76/77/76 75/76/75
f 76/77/76 71/71/71 7/72/7
f 7/72/7 14/78/14 76/77/76
f 15/15/15 8/8/8 72/73/72
f 72/73/72 77/79/77 15/15/15
f 77/79/77 72/73/72 73/74/73
f 73/74/73 78/80/78 77/79/77
f 78/80/78 73/74/73 74/75/74
f 74/75/74 79/81/79 78/80/78
f 79/81/79 74/75/74 75/76/75
f 75/76/75 80/82/80 79/81/79
f 80/82/80 75/76/75 76/77/76
f 76/77/76 81/83/81 80/82/80
f 81/83/81 76/77/76 14/78/14
f 14/78/14 21/84/21 81/83/81
f 22/22/22 15/15/15 77/79/77
f 77/79/77 82/85/82 22/22/22
f 82/85/82 77/79/77 78/80/78
f 78/80/78 83/86/83 82/85/82
f 83/86/83 78/80/78 79/81/79
f 79/81/79 84/87/84 83/86/83
f 84/87/84 79/81/79 80/82/80
f 80/82/80 85/88/85 84/87/84
f 85/88/85 80/82/80 81/83/81
f 81/83/81 86/89/86 85/88/85
f 86/89/86 81/83/81 21/84/21
f 21/84/21 28/90/28 86/89/86
f 29/29/29 22/22/22 82/85/82
f 82/85/82 87/91/87 29/29/29
f 87/91/87 82/85/82 83/86/83
f 83/86/83 88/92/88 87/91/87
f 88/92/88 83/86/83 84/87/84
f 84/87/84 89/93/89 88/92/88
f 89/93/89 84/87/84 85/88/85
f 85/88/85 90/94/90 89/93/89
f 90/94/90 85/88/85 86/89/86
f 86/89/86 91/95/91 90/94/90
f 91/95/91 86/89/86 28/90/28
f 28/90/28 35/96/35 91/95/91
f 36/36/36 29/29/29 87/91/87
f 87/91/87 92/97/92 36/36/36
f 92/97/92 87/91/87 88/92/88
f 88/92/88 93/98/93 92/97/92
f 93/98/93 88/92/88 89/93/89
f 89/93/89 94/99/94 93/98/93
f 94/99/94 89/93/89 90/94/90
f 90/94/90 95/100/95 94/99/94
f 95/100/95 90/94/90 91/95/91
f 91/95/91 96/101/96 95/100/95
f 96/101/96 91/95/91 35/96/35
f 35/96/35 42/102/42 96/101/96
f 67/67/67 43/43/43 97/103/97
f 1/1/1 43/43/43 67/67/67
f 97/103/97 98/104/98 67/67/67
f 67/67/67 98/104/98 68/68/68
f 98/104/98 99/105/99 68/68/68
f 68/68/68 99/105/99 69/69/69
f 99/105/99 100/106/100 69/69/69
f 100/106/100 101/107/101 69/69/69
f 69/69/69 101/107/101 70/70/70
f 101/107/101 102/108/102 70/70/70
f 70/70/70 102/108/102 71/71/71
f 102/108/102 50/109/50 71/71/71
f 71/71/71 50/109/50 7/72/7
f 103/110/103 97/103/97 43/43/43
f 43/43/43 51/51/51 103/110/103
f 104/111/104 103/110/103 51/51/51
f 51/51/51 52/52/52 104/111/104
f 105/112/105 98/104/98 97/103/97
f 97/103/97 103/110/103 105/112/105
f 106/113/106 105/112/105 103/110/103
f 103/110/103 104/111/104 106/113/106
f 107/114/107 99/105/99 98/104/98
f 98/104/98 105/112/105 107/114/107
f 108/115/108 107/114/107 105/112/105
f 105/112/105 106/113/106 108/115/108
f 109/116/109 100/106/100 99/105/99
f 99/105/99 107/114/107 109/116/109
f 110/117/110 109/116/109 107/114/107
f 107/114/107 108/115/108 110/117/110
f 111/118/111 101/107/101 100/106/100
f 100/106/100 109/116/109 111/118/111
f 112/119/112 111/118/111 109/116/109
f 109/116/109 110/117/110 112/119/112
f 113/120/113 102/108/102 101/107/101
f 101/107/101 111/118/111 113/120/113
f 114/121/114 113/120/113 111/118/111
f 111/118/111 112/119/112 114/121/114
f 65/122/65 50/109/50 102/108/102
f 102/108/102 113/120/113 65/122/65
f 66/123/66 65/122/65 113/120/113
f 113/120/113 114/121/114 66/123/66
f 37/37/37 36/36/36 115/124/115
f 115/124/115 116/125/116 37/37/37
f 38/38/38 37/37/37 116/125/116
f 116/125/116 117/126/117 38/38/38
f 39/39/39 38/38/38 117/126/117
f 117/126/117 118/127/118 39/39/39
f 40/40/40 39/39/39 118/127/118
f 118/127/118 119/128/119 40/40/40
f 41/41/41 40/40/40 119/128/119
f 119/128/119 120/129/120 41/41/41
f 42/42/42 41/41/41 120/129/120
f 120/129/120 121/130/121 42/42/42
f 116/125/116 115/124/115 122/131/122
f 122/131/122 123/132/123 116/125/116
f 117/126/117 116/125/116 123/132/123
f 123/132/123 124/133/124 117/126/117
f 118/127/118 117/126/117 124/133/124
f 124/133/124 125/134/125 118/127/118
f 119/128/119 118/127/118 125/134/125
f 125/134/125 126/135/126 119/128/119
f 120/129/120 119/128/119 126/135/126
f 126/135/126 127/136/127 120/129/120
f 121/130/121 120/129/120 127/136/127
f 127/136/127 128/137/128 121/130/121
f 123/132/123 122/131/122 129/138/129
f 129/138/129 130/139/130 123/132/123
f 124/133/124 123/132/123 130/139/130
f 130/139/130 131/140/131 124/133/124
f 125/134/125 124/133/124 131/140/131
f 131/140/131 132/141/132 125/134/125
f 126/135/126 125/134/125 132/141/132
f 132/141/132 133/142/133 126/135/126
f 127/136/127 126/135/126 133/142/133
f 133/142/133 134/143/134 127/136/127
f 128/137/128 127/136/127 134/143/134
f 134/143/134 135/144/135 128/137/128
f 130/139/130 129/138/129 136/145/136
f 136/145/136 137/146/137 130/139/130
f 131/140/131 130/139/130 137/146/137
f 137/146/137 138/147/138 131/140/131
f 132/141/132 131/140/131 138/147/138
f 138/147/138 139/148/139 132/141/132
f 133/142/133 132/141/132 139/148/139
f 139/148/139 140/149/140 133/142/133
f 134/143/134 133/142/133 140/149/140
f 140/149/140 141/150/141 134/143/134
f 135/144/135 134/143/134 141/150/141
f 141/150/141 142/151/142 135/144/135
f 137/146/137 136/145/136 143/152/143
f 143/152/143 144/153/144 137/146/137
f 138/147/138 137/146/137 144/153/144
f 144/153/144 145/154/145 138/147/138
f 139/148/139 138/147/138 145/154/145
f 145/154/145 146/155/146 139/148/139
f 140/149/140 139/148/139 146/155/146
f 146/155/146 147/156/147 140/149/140
f 141/150/141 140/149/140 147/156/147
f 147/156/147 148/157/148 141/150/141
f 142/151/142 141/150/141 148/157/148
f 148/157/148 149/158/149 142/151/142
f 150/159/150 148/157/148 151/160/151
f 150/159/150 149/158/149 148/157/148
f 151/160/151 147/156/147 152/161/152
f 151/160/151 148/157/148 147/156/147
f 152/161/152 146/155/146 153/162/153
f 152/161/152 147/156/147 146/155/146
f 153/162/153 146/155/146 154/163/154
f 154/163/154 145/154/145 155/164/155
f 154/163/154 146/155/146 145/154/145
f 155/164/155 145/154/145 156/165/156
f 156/165/156 144/153/144 157/166/157
f 156/165/156 145/154/145 144/153/144
f 157/166/157 143/152/143 158/167/158
f 157/166/157 144/153/144 143/152/143
f 150/159/150 151/160/151 161/170/161
f 161/170/161 159/168/159 150/159/150
f 159/168/159 161/170/161 162/171/162
f 162/171/162 160/169/160 159/168/159
f 151/160/151 152/161/152 163/172/163
f 163/172/163 161/170/161 151/160/151
f 161/170/161 163/172/163 164/173/164
f 164/173/164 162/171/162 161/170/161
f 152/161/152 153/162/153 165/174/165
f 165/174/165 163/172/163 152/161/152
f 163/172/163 165/174/165 166/175/166
f 166/175/166 164/173/164 163/172/163
f 153/162/153 154/163/154 167/176/167
f 167/176/167 165/174/165 153/162/153
f 165/174/165 167/176/167 168/177/168
f 168/177/168 166/175/166 165/174/165
f 154/163/154 155/164/155 169/178/169
f 169/178/169 167/176/167 154/163/154
f 167/176/167 169/178/169 170/179/170
f 170/179/170 168/177/168 167/176/167
f 155/164/155 156/165/156 171/180/171
f 171/180/171 169/178/169 155/164/155
f 169/178/169 171/180/171 172/181/172
f 172/181/172 170/179/170 169/178/169
f 156/165/156 157/166/157 173/182/173
f 173/182/173 171/180/171 156/165/156
f 171/180/171 173/182/173 174/183/174
f 174/183/174 172/181/172 171/180/171
f 157/166/157 158/167/158 175/184/175
f 175/184/175 173/182/173 157/166/157
f 173/182/173 175/184/175 176/185/176
f 176/185/176 174/183/174 173/182/173
f 115/124/115 36/36/36 92/97/92
f 92/97/92 177/186/177 115/124/115
f 177/186/177 92/97/92 93/98/93
f 93/98/93 178/187/178 177/186/177
f 178/187/178 93/98/93 94/99/94
f 94/99/94 179/188/179 178/187/178
f 179/188/179 94/99/94 95/100/95
f 95/100/95 180/189/180 179/188/179
f 180/189/180 95/100/95 96/101/96
f 96/101/96 181/190/181 180/189/180
f 181/190/181 96/101/96 42/102/42
f 42/102/42 121/191/121 181/190/181
f 122/131/122 115/124/115 177/186/177
f 177/186/177 182/192/182 122/131/122
f 182/192/182 177/186/177 178/187/178
f 178/187/178 183/193/183 182/192/182
f 183/193/183 178/187/178 179/188/179
f 179/188/179 184/194/184 183/193/183
f 184/194/184 179/188/179 180/189/180
f 180/189/180 185/195/185 184/194/184
f 185/195/185 180/189/180 181/190/181
f 181/190/181 186/196/186 185/195/185
f 186/196/186 181/190/181 121/191/121
f 121/191/121 128/197/128 186/196/186
f 129/138/129 122/131/122 182/192/182
f 182/192/182 187/198/187 129/138/129
f 187/198/187 182/192/182 183/193/183
f 183/193/183 188/199/188 187/198/187
f 188/199/188 183/193/183 184/194/184
f 184/194/184 189/200/189 188/199/188
f 189/200/189 184/194/184 185/195/185
f 185/195/185 190/201/190 189/200/189
f 190/201/190 185/195/185 186/196/186
f 186/196/186 191/202/191 190/201/190
f 191/202/191 186/196/186 128/197/128
f 128/197/128 135/203/135 191/202/191
f 136/145/136 129/138/129 187/198/187
f 187/198/187 192/204/192 136/145/136
f 192/204/192 187/198/187 188/199/188
f 188/199/188 193/205/193 192/204/192
f 193/205/193 188/199/188 189/200/189
f 189/200/189 194/206/194 193/205/193
f 194/206/194 189/200/189 190/201/190
f 190/201/190 195/207/195 194/206/194
f 195/207/195 190/201/190 191/202/191
f 191/202/191 196/208/196 195/207/195
f 196/208/196 191/202/191 135/203/135
f 135/203/135 142/209/142 196/208/196
f 143/152/143 136/145/136 192/204/192
f 192/204/192 197/210/197 143/152/143
f 197/210/197 192/204/192 193/205/193
f 193/205/193 198/211/198 197/210/197
f 198/211/198 193/205/193 194/206/194
f 194/206/194 199/212/199 198/211/198
f 199/212/199 194/206/194 195/207/195
f 195/207/195 200/213/200 199/212/199
f 200/213/200 195/207/195 196/208/196
f 196/208/196 201/214/201 200/213/200
f 201/214/201 196/208/196 142/209/142
f 142/209/142 149/215/149 201/214/201
f 201/214/201 150/216/150 202/217/202
f 149/215/149 150/216/150 201/214/201
f 200/213/200 202/217/202 203/218/203
f 201/214/201 202/217/202 200/213/200
f 199/212/199 203/218/203 204/219/204
f 200/213/200 203/218/203 199/212/199
f 199/212/199 204/219/204 205/220/205
f 198/211/198 205/220/205 206/221/206
f 199/212/199 205/220/205 198/211/198
f 198/211/198 206/221/206 207/222/207
f 197/210/197 207/222/207 208/223/208
f 198/211/198 207/222/207 197/210/197
f 143/152/143 208/223/208 158/167/158
f 197/210/197 208/223/208 143/152/143
f 209/226/209 202/217/202 150/216/150
f 150/216/150 159/224/159 209/226/209
f 210/227/210 209/226/209 159/224/159
f 159/224/159 160/225/160 210/227/210
f 211/228/211 203/218/203 202/217/202
f 202/217/202 209/226/209 211/228/211
f 212/229/212 211/228/211 209/226/209
f 209/226/209 210/227/210 212/229/212
f 213/230/213 204/219/204 203/218/203
f 203/218/203 211/228/211 213/230/213
f 214/231/214 213/230/213 211/228/211
f 211/228/211 212/229/212 214/231/214
f 215/232/215 205/220/205 204/219/204
f 204/219/204 213/230/213 215/232/215
f 216/233/216 215/232/215 213/230/213
f 213/230/213 214/231/214 216/233/216
f 217/234/217 206/221/206 205/220/205
f 205/220/205 215/232/215 217/234/217
f 218/235/218 217/234/217 215/232/215
f 215/232/215 216/233/216 218/235/218
f 219/236/219 207/222/207 206/221/206
f 206/221/206 217/234/217 219/236/219
f 220/237/220 219/236/219 217/234/217
f 217/234/217 218/235/218 220/237/220
f 221/238/221 208/223/208 207/222/207
f 207/222/207 219/236/219 221/238/221
f 222/239/222 221/238/221 219/236/219
f 219/236/219 220/237/220 222/239/222
f 175/184/175 158/167/158 208/223/208
f 208/223/208 221/238/221 175/184/175
f 176/185/176 175/184/175 221/238/221
f 221/238/221 222/239/222 176/185/176
f 224/241/224 223/240/223 230/247/230
f 230/247/230 231/248/231 224/241/224
f 225/242/225 224/241/224 231/248/231
f 231/248/231 232/249/232 225/242/225
f 226/243/226 225/242/225 232/249/232
f 232/249/232 233/250/233 226/243/226
f 227/244/227 226/243/226 233/250/233
f 233/250/233 234/251/234 227/244/227
f 228/245/228 227/244/227 234/251/234
f 234/251/234 235/252/235 228/245/228
f 229/246/229 228/245/228 235/252/235
f 235/252/235 236/253/236 229/246/229
f 231/248/231 230/247/230 237/254/237
f 237/254/237 238/255/238 231/248/231
f 232/249/232 231/248/231 238/255/238
f 238/255/238 239/256/239 232/249/232
f 233/250/233 232/249/232 239/256/239
f 239/256/239 240/257/240 233/250/233
f 234/251/234 233/250/233 240/257/240
f 240/257/240 241/258/241 234/251/234
f 235/252/235 234/251/234 241/258/241
f 241/258/241 242/259/242 235/252/235
f 236/253/236 235/252/235 242/259/242
f 242/259/242 243/260/243 236/253/236
f 238/255/238 237/254/237 244/261/244
f 244/261/244 245/262/245 238/255/238
f 239/256/239 238/255/238 245/262/245
f 245/262/245 246/263/246 239/256/239
f 240/257/240 239/256/239 246/263/246
f 246/263/246 247/264/247 240/257/240
f 241/258/241 240/257/240 247/264/247
f 247/264/247 248/265/248 241/258/241
f 242/259/242 241/258/241 248/265/248
f 248/265/248 249/266/249 242/259/242
f 243/260/243 242/259/242 249/266/249
f 249/266/249 250/267/250 243/260/243
f 245/262/245 244/261/244 251/268/251
f 251/268/251 252/269/252 245/262/245
f 246/263/246 245/262/245 252/269/252
f 252/269/252 253/270/253 246/263/246
f 247/264/247 246/263/246 253/270/253
f 253/270/253 254/271/254 247/264/247
f 248/265/248 247/264/247 254/271/254
f 254/271/254 255/272/255 248/265/248
f 249/266/249 248/265/248 255/272/255
f 255/272/255 256/273/256 249/266/249
f 250/267/250 249/266/249 256/273/256
f 256/273/256 257/274/257 250/267/250
f 252/269/252 251/268/251 258/275/258
f 258/275/258 259/276/259 252/269/252
f 253/270/253 252/269/252 259/276/259
f 259/276/259 260/277/260 253/270/253
f 254/271/254 253/270/253 260/277/260
f 260/277/260 261/278/261 254/271/254
f 255/272/255 254/271/254 261/278/261
f 261/278/261 262/279/262 255/272/255
f 256/273/256 255/272/255 262/279/262
f 262/279/262 263/280/263 256/273/256
f 257/274/257 256/273/256 263/280/263
f 263/280/263 264/281/264 257/274/257
f 259/276/259 258/275/258 265/282/265
f 265/282/265 266/283/266 259/276/259
f 260/277/260 259/276/259 266/283/266
f 266/283/266 267/284/267 260/277/260
f 261/278/261 260/277/260 267/284/267
f 267/284/267 268/285/268 261/278/261
f 262/279/262 261/278/261 268/285/268
f 268/285/268 269/286/269 262/279/262
f 263/280/263 262/279/262 269/286/269
f 269/286/269 270/287/270 263/280/263
f 264/281/264 263/280/263 270/287/270
f 270/287/270 271/288/271 264/281/264
f 230/295/230 223/289/223 272/290/272
f 272/290/272 277/296/277 230/295/230
f 277/296/277 272/290/272 273/291/273
f 273/291/273 278/297/278 277/296/277
f 278/297/278 273/291/273 274/292/274
f 274/292/274 279/298/279 278/297/278
f 279/298/279 274/292/274 275/293/275
f 275/293/275 280/299/280 279/298/279
f 280/299/280 275/293/275 276/294/276
f 276/294/276 281/300/281 280/299/280
f 281/300/281 276/294/276 229/246/229
f 229/246/229 236/253/236 281/300/281
f 237/301/237 230/295/230 277/296/277
f 277/296/277 282/302/282 237/301/237
f 282/302/282 277/296/277 278/297/278
f 278/297/278 283/303/283 282/302/282
f 283/303/283 278/297/278 279/298/279
f 279/298/279 284/304/284 283/303/283
f 284/304/284 279/298/279 280/299/280
f 280/299/280 285/305/285 284/304/284
f 285/305/285 280/299/280 281/300/281
f 281/300/281 286/306/286 285/305/285
f 286/306/286 281/300/281 236/253/236
f 236/253/236 243/260/243 286/306/286
f 244/307/244 237/301/237 282/302/282
f 282/302/282 287/308/287 244/307/244
f 287/308/287 282/302/282 283/303/283
f 283/303/283 288/309/288 287/308/287
f 288/309/288 283/303/283 284/304/284
f 284/304/284 289/310/289 288/309/288
f 289/310/289 284/304/284 285/305/285
f 285/305/285 290/311/290 289/310/289
f 290/311/290 285/305/285 286/306/286
f 286/306/286 291/312/291 290/311/290
f 291/312/291 286/306/286 243/260/243
f 243/260/243 250/267/250 291/312/291
f 251/313/251 244/307/244 287/308/287
f 287/308/287 292/314/292 251/313/251
f 292/314/292 287/308/287 288/309/288
f 288/309/288 293/315/293 292/314/292
f 293/315/293 288/309/288 289/310/289
f 289/310/289 294/316/294 293/315/293
f 294/316/294 289/310/289 290/311/290
f 290/311/290 295/317/295 294/316/294
f 295/317/295 290/311/290 291/312/291
f 291/312/291 296/318/296 295/317/295
f 296/318/296 291/312/291 250/267/250
f 250/267/250 257/274/257 296/318/296
f 258/319/258 251/313/251 292/314/292
f 292/314/292 297/320/297 258/319/258
f 297/320/297 292/314/292 293/315/293
f 293/315/293 298/321/298 297/320/297
f 298/321/298 293/315/293 294/316/294
f 294/316/294 299/322/299 298/321/298
f 299/322/299 294/316/294 295/317/295
f 295/317/295 300/323/300 299/322/299
f 300/323/300 295/317/295 296/318/296
f 296/318/296 301/324/301 300/323/300
f 301/324/301 296/318/296 257/274/257
f 257/274/257 264/281/264 301/324/301
f 265/325/265 258/319/258 297/320/297
f 297/320/297 302/326/302 265/325/265
f 302/326/302 297/320/297 298/321/298
f 298/321/298 303/327/303 302/326/302
f 303/327/303 298/321/298 299/322/299
f 299/322/299 304/328/304 303/327/303
f 304/328/304 299/322/299 300/323/300
f 300/323/300 305/329/305 304/328/304
f 305/329/305 300/323/300 301/324/301
f 301/324/301 306/330/306 305/329/305
f 306/330/306 301/324/301 264/281/264
f 264/281/264 271/288/271 306/330/306
f 266/283/266 265/282/265 307/331/307
f 307/331/307 308/332/308 266/283/266
f 267/284/267 266/283/266 308/332/308
f 308/332/308 309/333/309 267/284/267
f 268/285/268 267/284/267 309/333/309
f 309/333/309 310/334/310 268/285/268
f 269/286/269 268/285/268 310/334/310
f 310/334/310 311/335/311 269/286/269
f 270/287/270 269/286/269 311/335/311
f 311/335/311 312/336/312 270/287/270
f 271/288/271 270/287/270 312/336/312
f 312/336/312 313/337/313 271/288/271
f 308/332/308 307/331/307 314/338/314
f 314/338/314 315/339/315 308/332/308
f 309/333/309 308/332/308 315/339/315
f 315/339/315 316/340/316 309/333/309
f 310/334/310 309/333/309 316/340/316
f 316/340/316 317/341/317 310/334/310
f 311/335/311 310/334/310 317/341/317
f 317/341/317 318/342/318 311/335/311
f 312/336/312 311/335/311 318/342/318
f 318/342/318 319/343/319 312/336/312
f 313/337/313 312/336/312 319/343/319
f 319/343/319 320/344/320 313/337/313
f 315/339/315 314/338/314 321/345/321
f 321/345/321 322/346/322 315/339/315
f 316/340/316 315/339/315 322/346/322
f 322/346/322 323/347/323 316/340/316
f 317/341/317 316/340/316 323/347/323
f 323/347/323 324/348/324 317/341/317
f 318/342/318 317/341/317 324/348/324
f 324/348/324 325/349/325 318/342/318
f 319/343/319 318/342/318 325/349/325
f 325/349/325 326/350/326 319/343/319
f 320/344/320 319/343/319 326/350/326
f 326/350/326 327/351/327 320/344/320
f 322/346/322 321/345/321 328/352/328
f 328/352/328 329/353/329 322/346/322
f 323/347/323 322/346/322 329/353/329
f 329/353/329 330/354/330 323/347/323
f 324/348/324 323/347/323 330/354/330
f 330/354/330 331/355/331 324/348/324
f 325/349/325 324/348/324 331/355/331
f 331/355/331 332/356/332 325/349/325
f 326/350/326 325/349/325 332/356/332
f 332/356/332 333/357/333 326/350/326
f 327/351/327 326/350/326 333/357/333
f 333/357/333 334/358/334 327/351/327
f 329/353/329 328/352/328 335/359/335
f 335/359/335 336/360/336 329/353/329
f 330/354/330 329/353/329 336/360/336
f 336/360/336 337/361/337 330/354/330
f 331/355/331 330/354/330 337/361/337
f 337/361/337 338/362/338 331/355/331
f 332/356/332 331/355/331 338/362/338
f 338/362/338 339/363/339 332/356/332
f 333/357/333 332/356/332 339/363/339
f 339/363/339 340/364/340 333/357/333
f 334/358/334 333/357/333 340/364/340
f 340/364/340 341/365/341 334/358/334
f 342/366/342 343/367/343 336/360/336
f 342/366/342 336/360/336 335/359/335
f 344/368/344 336/360/336 343/367/343
f 344/368/344 337/361/337 336/360/336
f 345/369/345 337/361/337 344/368/344
f 346/370/346 337/361/337 345/369/345
f 346/370/346 338/362/338 337/361/337
f 347/371/347 338/362/338 346/370/346
f 347/371/347 348/372/348 338/362/338
f 349/373/349 338/362/338 348/372/348
f 349/373/349 339/363/339 338/362/338
f 350/374/350 339/363/339 349/373/349
f 350/374/350 351/375/351 339/363/339
f 351/375/351 352/376/352 340/364/340
f 351/375/351 340/364/340 339/363/339
f 353/377/353 340/364/340 352/376/352
f 353/377/353 341/365/341 340/364/340
f 354/378/354 341/365/341 353/377/353
f 343/367/343 342/366/342 355/379/355
f 355/379/355 357/381/357 343/367/343
f 357/381/357 355/379/355 356/380/356
f 356/380/356 358/382/358 357/381/357
f 344/368/344 343/367/343 357/381/357
f 357/381/357 359/383/359 344/368/344
f 359/383/359 357/381/357 358/382/358
f 358/382/358 360/384/360 359/383/359
f 345/369/345 344/368/344 359/383/359
f 359/383/359 361/385/361 345/369/345
f 361/385/361 359/383/359 360/384/360
f 360/384/360 362/386/362 361/385/361
f 346/370/346 345/369/345 361/385/361
f 361/385/361 363/387/363 346/370/346
f 363/387/363 361/385/361 362/386/362
f 362/386/362 364/388/364 363/387/363
f 347/371/347 346/370/346 363/387/363
f 363/387/363 365/389/365 347/371/347
f 365/389/365 363/387/363 364/388/364
f 364/388/364 366/390/366 365/389/365
f 348/372/348 347/371/347 365/389/365
f 365/389/365 367/391/367 348/372/348
f 367/391/367 365/389/365 366/390/366
f 366/390/366 368/392/368 367/391/367
f 349/373/349 348/372/348 367/391/367
f 367/391/367 369/393/369 349/373/349
f 369/393/369 367/391/367 368/392/368
f 368/392/368 370/394/370 369/393/369
f 350/374/350 349/373/349 369/393/369
f 369/393/369 371/395/371 350/374/350
f 371/395/371 369/393/369 370/394/370
f 370/394/370 372/396/372 371/395/371
f 351/375/351 350/374/350 371/395/371
f 371/395/371 373/397/373 351/375/351
f 373/397/373 371/395/371 372/396/372
f 372/396/372 374/398/374 373/397/373
f 352/376/352 351/375/351 373/397/373
f 373/397/373 375/399/375 352/376/352
f 375/399/375 373/397/373 374/398/374
f 374/398/374 376/400/376 375/399/375
f 353/377/353 352/376/352 375/399/375
f 375/399/375 377/401/377 353/377/353
f 377/401/377 375/399/375 376/400/376
f 376/400/376 378/402/378 377/401/377
f 354/378/354 353/377/353 377/401/377
f 377/401/377 379/403/379 354/378/354
f 379/403/379 377/401/377 378/402/378
f 378/402/378 380/404/380 379/403/379
f 307/405/307 265/325/265 302/326/302
f 302/326/302 381/406/381 307/405/307
f 381/406/381 302/326/302 303/327/303
f 303/327/303 382/407/382 381/406/381
f 382/407/382 303/327/303 304/328/304
f 304/328/304 383/408/383 382/407/382
f 383/408/383 304/328/304 305/329/305
f 305/329/305 384/409/384 383/408/383
f 384/409/384 305/329/305 306/330/306
f 306/330/306 385/410/385 384/409/384
f 385/410/385 306/330/306 271/288/271
f 271/288/271 313/337/313 385/410/385
f 314/411/314 307/405/307 381/406/381
f 381/406/381 386/412/386 314/411/314
f 386/412/386 381/406/381 382/407/382
f 382/407/382 387/413/387 386/412/386
f 387/413/387 382/407/382 383/408/383
f 383/408/383 388/414/388 387/413/387
f 388/414/388 383/408/383 384/409/384
f 384/409/384 389/415/389 388/414/388
f 389/415/389 384/409/384 385/410/385
f 385/410/385 390/416/390 389/415/389
f 390/416/390 385/410/385 313/337/313
f 313/337/313 320/344/320 390/416/390
f 321/417/321 314/411/314 386/412/386
f 386/412/386 391/418/391 321/417/321
f 391/418/391 386/412/386 387/413/387
f 387/413/387 392/419/392 391/418/391
f 392/419/392 387/413/387 388/414/388
f 388/414/388 393/420/393 392/419/392
f 393/420/393 388/414/388 389/415/389
f 389/415/389 394/421/394 393/420/393
f 394/421/394 389/415/389 390/416/390
f 390/416/390 395/422/395 394/421/394
f 395/422/395 390/416/390 320/344/320
f 320/344/320 327/351/327 395/422/395
f 328/423/328 321/417/321 391/418/391
f 391/418/391 396/424/396 328/423/328
f 396/424/396 391/418/391 392/419/392
f 392/419/392 397/425/397 396/424/396
f 397/425/397 392/419/392 393/420/393
f 393/420/393 398/426/398 397/425/397
f 398/426/398 393/420/393 394/421/394
f 394/421/394 399/427/399 398/426/398
f 399/427/399 394/421/394 395/422/395
f 395/422/395 400/428/400 399/427/399
f 400/428/400 395/422/395 327/351/327
f 327/351/327 334/358/334 400/428/400
f 335/429/335 328/423/328 396/424/396
f 396/424/396 401/430/401 335/429/335
f 401/430/401 396/424/396 397/425/397
f 397/425/397 402/431/402 401/430/401
f 402/431/402 397/425/397 398/426/398
f 398/426/398 403/432/403 402/431/402
f 403/432/403 398/426/398 399/427/399
f 399/427/399 404/433/404 403/432/403
f 404/433/404 399/427/399 400/428/400
f 400/428/400 405/434/405 404/433/404
f 405/434/405 400/428/400 334/358/334
f 334/358/334 341/365/341 405/434/405
f 406/436/406 342/435/342 401/430/401
f 401/430/401 342/435/342 335/429/335
f 401/430/401 407/437/407 406/436/406
f 402/431/402 407/437/407 401/430/401
f 402/431/402 408/438/408 407/437/407
f 402/431/402 409/439/409 408/438/408
f 403/432/403 409/439/409 402/431/402
f 403/432/403 410/440/410 409/439/409
f 411/441/411 410/440/410 403/432/403
f 403/432/403 412/442/412 411/441/411
f 404/433/404 412/442/412 403/432/403
f 404/433/404 413/443/413 412/442/412
f 414/444/414 413/443/413 404/433/404
f 415/445/415 414/444/414 405/434/405
f 405/434/405 414/444/414 404/433/404
f 405/434/405 416/446/416 415/445/415
f 341/365/341 416/446/416 405/434/405
f 341/365/341 354/378/354 416/446/416
f 355/447/355 342/435/342 406/436/406
f 406/436/406 417/449/417 355/447/355
f 356/448/356 355/447/355 417/449/417
f 417/449/417 418/450/418 356/448/356
f 417/449/417 406/436/406 407/437/407
f 407/437/407 419/451/419 417/449/417
f 418/450/418 417/449/417 419/451/419
f 419/451/419 420/452/420 418/450/418
f 419/451/419 407/437/407 408/438/408
f 408/438/408 421/453/421 419/451/419
f 420/452/420 419/451/419 421/453/421
f 421/453/421 422/454/422 420/452/420
f 421/453/421 408/438/408 409/439/409
f 409/439/409 423/455/423 421/453/421
f 422/454/422 421/453/421 423/455/423
f 423/455/423 424/456/424 422/454/422
f 423/455/423 409/439/409 410/440/410
f 410/440/410 425/457/425 423/455/423
f 424/456/424 423/455/423 425/457/425
f 425/457/425 426/458/426 424/456/424
f 425/457/425 410/440/410 411/441/411
f 411/441/411 427/459/427 425/457/425
f 426/458/426 425/457/425 427/459/427
f 427/459/427 428/460/428 426/458/426
f 427/459/427 411/441/411 412/442/412
f 412/442/412 429/461/429 427/459/427
f 428/460/428 427/459/427 429/461/429
f 429/461/429 430/462/430 428/460/428
f 429/461/429 412/442/412 413/443/413
f 413/443/413 431/463/431 429/461/429
f 430/462/430 429/461/429 431/463/431
f 431/463/431 432/464/432 430/462/430
f 431/463/431 413/443/413 414/444/414
f 414/444/414 433/465/433 431/463/431
f 432/464/432 431/463/431 433/465/433
f 433/465/433 434/466/434 432/464/432
f 433/465/433 414/444/414 415/445/415
f 415/445/415 435/467/435 433/465/433
f 434/466/434 433/465/433 435/467/435
f 435/467/435 436/468/436 434/466/434
f 435/467/435 415/445/415 416/446/416
f 416/446/416 437/469/437 435/467/435
f 436/468/436 435/467/435 437/469/437
f 437/469/437 438/470/438 436/468/436
f 437/469/437 416/446/416 354/378/354
f 354/378/354 379/403/379 437/469/437
f 438/470/438 437/469/437 379/403/379
f 379/403/379 380/404/380 438/470/438
f 439/471/439 440/472/440 441/473/441
f 439/471/439 441/473/441 442/474/442
f 439/471/439 442/474/442 443/475/443
f 439/471/439 443/475/443 444/476/444
f 439/471/439 444/476/444 445/477/445
f 439/471/439 445/477/445 446/478/446
f 441/473/441 440/472/440 447/479/447
f 447/479/447 448/480/448 441/473/441
f 442/474/442 441/473/441 448/480/448
f 448/480/448 449/481/449 442/474/442
f 443/475/443 442/474/442 449/481/449
f 449/481/449 450/482/450 443/475/443
f 444/476/444 443/475/443 450/482/450
f 450/482/450 451/483/451 444/476/444
f 445/477/445 444/476/444 451/483/451
f 451/483/451 452/484/452 445/477/445
f 446/478/446 445/477/445 452/484/452
f 452/484/452 453/485/453 446/478/446
f 448/480/448 447/479/447 454/486/454
f 454/486/454 455/487/455 448/480/448
f 449/481/449 448/480/448 455/487/455
f 455/487/455 456/488/456 449/481/449
f 450/482/450 449/481/449 456/488/456
f 456/488/456 457/489/457 450/482/450
f 451/483/451 450/482/450 457/489/457
f 457/489/457 458/490/458 451/483/451
f 452/484/452 451/483/451 458/490/458
f 458/490/458 459/491/459 452/484/452
f 453/485/453 452/484/452 459/491/459
f 459/491/459 460/492/460 453/485/453
f 455/487/455 454/486/454 461/493/461
f 461/493/461 462/494/462 455/487/455
f 456/488/456 455/487/455 462/494/462
f 462/494/462 463/495/463 456/488/456
f 457/489/457 456/488/456 463/495/463
f 463/495/463 464/496/464 457/489/457
f 458/490/458 457/489/457 464/496/464
f 464/496/464 465/497/465 458/490/458
f 459/491/459 458/490/458 465/497/465
f 465/497/465 466/498/466 459/491/459
f 460/492/460 459/491/459 466/498/466
f 466/498/466 467/499/467 460/492/460
f 462/494/462 461/493/461 468/500/468
f 468/500/468 469/501/469 462/494/462
f 463/495/463 462/494/462 469/501/469
f 469/501/469 470/502/470 463/495/463
f 464/496/464 463/495/463 470/502/470
f 470/502/470 471/503/471 464/496/464
f 465/497/465 464/496/464 471/503/471
f 471/503/471 472/504/472 465/497/465
f 466/498/466 465/497/465 472/504/472
f 472/504/472 473/505/473 466/498/466
f 467/499/467 466/498/466 473/505/473
f 473/505/473 474/506/474 467/499/467
f 469/501/469 468/500/468 475/507/475
f 475/507/475 476/508/476 469/501/469
f 470/502/470 469/501/469 476/508/476
f 476/508/476 477/509/477 470/502/470
f 471/503/471 470/502/470 477/509/477
f 477/509/477 478/510/478 471/503/471
f 472/504/472 471/503/471 478/510/478
f 478/510/478 479/511/479 472/504/472
f 473/505/473 472/504/472 479/511/479
f 479/511/479 480/512/480 473/505/473
f 474/506/474 473/505/473 480/512/480
f 480/512/480 481/513/481 474/506/474
f 439/471/439 446/478/446 482/514/482
f 439/471/439 482/514/482 483/515/483
f 439/471/439 483/515/483 484/516/484
f 439/471/439 484/516/484 485/517/485
f 439/471/439 485/517/485 486/518/486
f 439/471/439 486/518/486 487/519/487
f 482/514/482 446/478/446 453/485/453
f 453/485/453 488/520/488 482/514/482
f 483/515/483 482/514/482 488/520/488
f 488/520/488 489/521/489 483/515/483
f 484/516/484 483/515/483 489/521/489
f 489/521/489 490/522/490 484/516/484
f 485/517/485 484/516/484 490/522/490
f 490/522/490 491/523/491 485/517/485
f 486/518/486 485/517/485 491/523/491
f 491/523/491 492/524/492 486/518/486
f 487/519/487 486/518/486 492/524/492
f 492/524/492 493/525/493 487/519/487
f 488/520/488 453/485/453 460/492/460
f 460/492/460 494/526/494 488/520/488
f 489/521/489 488/520/488 494/526/494
f 494/526/494 495/527/495 489/521/489
f 490/522/490 489/521/489 495/527/495
f 495/527/495 496/528/496 490/522/490
f 491/523/491 490/522/490 496/528/496
f 496/528/496 497/529/497 491/523/491
f 492/524/492 491/523/491 497/529/497
f 497/529/497 498/530/498 492/524/492
f 493/525/493 492/524/492 498/530/498
f 498/530/498 499/531/499 493/525/493
f 494/526/494 460/492/460 467/499/467
f 467/499/467 500/532/500 494/526/494
f 495/527/495 494/526/494 500/532/500
f 500/532/500 501/533/501 495/527/495
f 496/528/496 495/527/495 501/533/501
f 501/533/501 502/534/502 496/528/496
f 497/529/497 496/528/496 502/534/502
f 502/534/502 503/535/503 497/529/497
f 498/530/498 497/529/497 503/535/503
f 503/535/503 504/536/504 498/530/498
f 499/531/499 498/530/498 504/536/504
f 504/536/504 505/537/505 499/531/499
f 500/532/500 467/499/467 474/506/474
f 474/506/474 506/538/506 500/532/500
f 501/533/501 500/532/500 506/538/506
f 506/538/506 507/539/507 501/533/501
f 502/534/502 501/533/501 507/539/507
f 507/539/507 508/540/508 502/534/502
f 503/535/503 502/534/502 508/540/508
f 508/540/508 509/541/509 503/535/503
f 504/536/504 503/535/503 509/541/509
f 509/541/509 510/542/510 504/536/504
f 505/537/505 504/536/504 510/542/510
f 510/542/510 511/543/511 505/537/505
f 506/538/506 474/506/474 481/513/481
f 481/513/481 512/544/512 506/538/506
f 507/539/507 506/538/506 512/544/512
f 512/544/512 513/545/513 507/539/507
f 508/540/508 507/539/507 513/545/513
f 513/545/513 514/546/514 508/540/508
f 509/541/509 508/540/508 514/546/514
f 514/546/514 515/547/515 509/541/509
f 510/542/510 509/541/509 515/547/515
f 515/547/515 516/548/516 510/542/510
f 511/543/511 510/542/510 516/548/516
f 516/548/516 517/549/517 511/543/511
f 518/550/518 439/471/439 519/551/519
f 519/551/519 439/471/439 520/552/520
f 520/552/520 439/471/439 521/553/521
f 521/553/521 439/471/439 522/554/522
f 522/554/522 439/471/439 523/555/523
f 523/555/523 439/471/439 487/519/487
f 524/556/524 518/550/518 519/551/519
f 519/551/519 525/557/525 524/556/524
f 525/557/525 519/551/519 520/552/520
f 520/552/520 526/558/526 525/557/525
f 526/558/526 520/552/520 521/553/521
f 521/553/521 527/559/527 526/558/526
f 527/559/527 521/553/521 522/554/522
f 522/554/522 528/560/528 527/559/527
f 528/560/528 522/554/522 523/555/523
f 523/555/523 529/561/529 528/560/528
f 529/561/529 523/555/523 487/519/487
f 487/519/487 493/525/493 529/561/529
f 530/562/530 524/556/524 525/557/525
f 525/557/525 531/563/531 530/562/530
f 531/563/531 525/557/525 526/558/526
f 526/558/526 532/564/532 531/563/531
f 532/564/532 526/558/526 527/559/527
f 527/559/527 533/565/533 532/564/532
f 533/565/533 527/559/527 528/560/528
f 528/560/528 534/566/534 533/565/533
f 534/566/534 528/560/528 529/561/529
f 529/561/529 535/567/535 534/566/534
f 535/567/535 529/561/529 493/525/493
f 493/525/493 499/531/499 535/567/535
f 536/568/536 530/562/530 531/563/531
f 531/563/531 537/569/537 536/568/536
f 537/569/537 531/563/531 532/564/532
f 532/564/532 538/570/538 537/569/537
f 538/570/538 532/564/532 533/565/533
f 533/565/533 539/571/539 538/570/538
f 539/571/539 533/565/533 534/566/534
f 534/566/534 540/572/540 539/571/539
f 540/572/540 534/566/534 535/567/535
f 535/567/535 541/573/541 540/572/540
f 541/573/541 535/567/535 499/531/499
f 499/531/499 505/537/505 541/573/541
f 542/574/542 536/568/536 537/569/537
f 537/569/537 543/575/543 542/574/542
f 543/575/543 537/569/537 538/570/538
f 538/570/538 544/576/544 543/575/543
f 544/576/544 538/570/538 539/571/539
f 539/571/539 545/577/545 544/576/544
f 545/577/545 539/571/539 540/572/540
f 540/572/540 546/578/546 545/577/545
f 546/578/546 540/572/540 541/573/541
f 541/573/541 547/579/547 546/578/546
f 547/579/547 541/573/541 505/537/505
f 505/537/505 511/543/511 547/579/547
f 548/580/548 542/574/542 543/575/543
f 543/575/543 549/581/549 548/580/548
f 549/581/549 543/575/543 544/576/544
f 544/576/544 550/582/550 549/581/549
f 550/582/550 544/576/544 545/577/545
f 545/577/545 551/583/551 550/582/550
f 551/583/551 545/577/545 546/578/546
f 546/578/546 552/584/552 551/583/551
f 552/584/552 546/578/546 547/579/547
f 547/579/547 553/585/553 552/584/552
f 553/585/553 547/579/547 511/543/511
f 511/543/511 517/549/517 553/585/553
f 440/472/440 439/471/439 554/586/554
f 554/586/554 439/471/439 555/587/555
f 555/587/555 439/471/439 556/588/556
f 556/588/556 439/471/439 557/589/557
f 557/589/557 439/471/439 558/590/558
f 558/590/558 439/471/439 518/550/518
f 447/479/447 440/472/440 554/586/554
f 554/586/554 559/591/559 447/479/447
f 559/591/559 554/586/554 555/587/555
f 555/587/555 560/592/560 559/591/559
f 560/592/560 555/587/555 556/588/556
f 556/588/556 561/593/561 560/592/560
f 561/593/561 556/588/556 557/589/557
f 557/589/557 562/594/562 561/593/561
f 562/594/562 557/589/557 558/590/558
f 558/590/558 563/595/563 562/594/562
f 563/595/563 558/590/558 518/550/518
f 518/550/518 524/556/524 563/595/563
f 454/486/454 447/479/447 559/591/559
f 559/591/559 564/596/564 454/486/454
f 564/596/564 559/591/559 560/592/560
f 560/592/560 565/597/565 564/596/564
f 565/597/565 560/592/560 561/593/561
f 561/593/561 566/598/566 565/597/565
f 566/598/566 561/593/561 562/594/562
f 562/594/562 567/599/567 566/598/566
f 567/599/567 562/594/562 563/595/563
f 563/595/563 568/600/568 567/599/567
f 568/600/568 563/595/563 524/556/524
f 524/556/524 530/562/530 568/600/568
f 461/493/461 454/486/454 564/596/564
f 564/596/564 569/601/569 461/493/461
f 569/601/569 564/596/564 565/597/565
f 565/597/565 570/602/570 569/601/569
f 570/602/570 565/597/565 566/598/566
f 566/598/566 571/603/571 570/602/570
f 571/603/571 566/598/566 567/599/567
f 567/599/567 572/604/572 571/603/571
f 572/604/572 567/599/567 568/600/568
f 568/600/568 573/605/573 572/604/572
f 573/605/573 568/600/568 530/562/530
f 530/562/530 536/568/536 573/605/573
f 468/500/468 461/493/461 569/601/569
f 569/601/569 574/606/574 468/500/468
f 574/606/574 569/601/569 570/602/570
f 570/602/570 575/607/575 574/606/574
f 575/607/575 570/602/570 571/603/571
f 571/603/571 576/608/576 575/607/575
f 576/608/576 571/603/571 572/604/572
f 572/604/572 577/609/577 576/608/576
f 577/609/577 572/604/572 573/605/573
f 573/605/573 578/610/578 577/609/577
f 578/610/578 573/605/573 536/568/536
f 536/568/536 542/574/542 578/610/578
f 475/507/475 468/500/468 574/606/574
f 574/606/574 579/611/579 475/507/475
f 579/611/579 574/606/574 575/607/575
f 575/607/575 580/612/580 579/611/579
f 580/612/580 575/607/575 576/608/576
f 576/608/576 581/613/581 580/612/580
f 581/613/581 576/608/576 577/609/577
f 577/609/577 582/614/582 581/613/581
f 582/614/582 577/609/577 578/610/578
f 578/610/578 583/615/583 582/614/582
f 583/615/583 578/610/578 542/574/542
f 542/574/542 548/580/548 583/615/583
f 476/617/476 475/616/475 584/623/584
f 584/623/584 585/624/585 476/617/476
f 477/618/477 476/617/476 585/624/585
f 585/624/585 586/625/586 477/618/477
f 478/619/478 477/618/477 586/625/586
f 586/625/586 587/626/587 478/619/478
f 479/620/479 478/619/478 587/626/587
f 587/626/587 588/627/588 479/620/479
f 480/621/480 479/620/479 588/627/588
f 588/627/588 589/628/589 480/621/480
f 481/622/481 480/621/480 589/628/589
f 589/628/589 590/629/590 481/622/481
f 585/624/585 584/623/584 591/630/591
f 591/630/591 592/631/592 585/624/585
f 586/625/586 585/624/585 592/631/592
f 592/631/592 593/632/593 586/625/586
f 587/626/587 586/625/586 593/632/593
f 593/632/593 594/633/594 587/626/587
f 588/627/588 587/626/587 594/633/594
f 594/633/594 595/634/595 588/627/588
f 589/628/589 588/627/588 595/634/595
f 595/634/595 596/635/596 589/628/589
f 590/629/590 589/628/589 596/635/596
f 596/635/596 597/636/597 590/629/590
f 592/631/592 591/630/591 598/637/598
f 598/637/598 599/638/599 592/631/592
f 593/632/593 592/631/592 599/638/599
f 599/638/599 600/639/600 593/632/593
f 594/633/594 593/632/593 600/639/600
f 600/639/600 601/640/601 594/633/594
f 595/634/595 594/633/594 601/640/601
f 601/640/601 602/641/602 595/634/595
f 596/635/596 595/634/595 602/641/602
f 602/641/602 603/642/603 596/635/596
f 597/636/597 596/635/596 603/642/603
f 603/642/603 604/643/604 597/636/597
f 599/638/599 598/637/598 605/644/605
f 605/644/605 606/645/606 599/638/599
f 600/639/600 599/638/599 606/645/606
f 606/645/606 607/646/607 600/639/600
f 601/640/601 600/639/600 607/646/607
f 607/646/607 608/647/608 601/640/601
f 602/641/602 601/640/601 608/647/608
f 608/647/608 609/648/609 602/641/602
f 603/642/603 602/641/602 609/648/609
f 609/648/609 610/649/610 603/642/603
f 604/643/604 603/642/603 610/649/610
f 610/649/610 611/650/611 604/643/604
f 606/645/606 605/644/605 612/651/612
f 612/651/612 613/652/613 606/645/606
f 607/646/607 606/645/606 613/652/613
f 613/652/613 614/653/614 607/646/607
f 608/647/608 607/646/607 614/653/614
f 614/653/614 615/654/615 608/647/608
f 609/648/609 608/647/608 615/654/615
f 615/654/615 616/655/616 609/648/609
f 610/649/610 609/648/609 616/655/616
f 616/655/616 617/656/617 610/649/610
f 611/650/611 610/649/610 617/656/617
f 617/656/617 618/657/618 611/650/611
f 613/652/613 612/651/612 619/658/619
f 619/658/619 620/659/620 613/652/613
f 614/653/614 613/652/613 620/659/620
f 620/659/620 621/660/621 614/653/614
f 615/654/615 614/653/614 621/660/621
f 621/660/621 622/661/622 615/654/615
f 616/655/616 615/654/615 622/661/622
f 622/661/622 623/662/623 616/655/616
f 617/656/617 616/655/616 623/662/623
f 623/662/623 624/663/624 617/656/617
f 618/657/618 617/656/617 624/663/624
f 624/663/624 625/664/625 618/657/618
f 512/665/512 481/622/481 590/629/590
f 590/629/590 626/671/626 512/665/512
f 513/666/513 512/665/512 626/671/626
f 626/671/626 627/672/627 513/666/513
f 514/667/514 513/666/513 627/672/627
f 627/672/627 628/673/628 514/667/514
f 515/668/515 514/667/514 628/673/628
f 628/673/628 629/674/629 515/668/515
f 516/669/516 515/668/515 629/674/629
f 629/674/629 630/675/630 516/669/516
f 517/670/517 516/669/516 630/675/630
f 630/675/630 631/676/631 517/670/517
f 626/671/626 590/629/590 597/636/597
f 597/636/597 632/677/632 626/671/626
f 627/672/627 626/671/626 632/677/632
f 632/677/632 633/678/633 627/672/627
f 628/673/628 627/672/627 633/678/633
f 633/678/633 634/679/634 628/673/628
f 629/674/629 628/673/628 634/679/634
f 634/679/634 635/680/635 629/674/629
f 630/675/630 629/674/629 635/680/635
f 635/680/635 636/681/636 630/675/630
f 631/676/631 630/675/630 636/681/636
f 636/681/636 637/682/637 631/676/631
f 632/677/632 597/636/597 604/643/604
f 604/643/604 638/683/638 632/677/632
f 633/678/633 632/677/632 638/683/638
f 638/683/638 639/684/639 633/678/633
f 634/679/634 633/678/633 639/684/639
f 639/684/639 640/685/640 634/679/634
f 635/680/635 634/679/634 640/685/640
f 640/685/640 641/686/641 635/680/635
f 636/681/636 635/680/635 641/686/641
f 641/686/641 642/687/642 636/681/636
f 637/682/637 636/681/636 642/687/642
f 642/687/642 643/688/643 637/682/637
f 638/683/638 604/643/604 611/650/611
f 611/650/611 644/689/644 638/683/638
f 639/684/639 638/683/638 644/689/644
f 644/689/644 645/690/645 639/684/639
f 640/685/640 639/684/639 645/690/645
f 645/690/645 646/691/646 640/685/640
f 641/686/641 640/685/640 646/691/646
f 646/691/646 647/692/647 641/686/641
f 642/687/642 641/686/641 647/692/647
f 647/692/647 648/693/648 642/687/642
f 643/688/643 642/687/642 648/693/648
f 648/693/648 649/694/649 643/688/643
f 644/689/644 611/650/611 618/657/618
f 618/657/618 650/695/650 644/689/644
f 645/690/645 644/689/644 650/695/650
f 650/695/650 651/696/651 645/690/645
f 646/691/646 645/690/645 651/696/651
f 651/696/651 652/697/652 646/691/646
f 647/692/647 646/691/646 652/697/652
f 652/697/652 653/698/653 647/692/647
f 648/693/648 647/692/647 653/698/653
f 653/698/653 654/699/654 648/693/648
f 649/694/649 648/693/648 654/699/654
f 654/699/654 655/700/655 649/694/649
f 650/695/650 618/657/618 625/664/625
f 625/664/625 656/701/656 650/695/650
f 651/696/651 650/695/650 656/701/656
f 656/701/656 657/702/657 651/696/651
f 652/697/652 651/696/651 657/702/657
f 657/702/657 658/703/658 652/697/652
f 653/698/653 652/697/652 658/703/658
f 658/703/658 659/704/659 653/698/653
f 654/699/654 653/698/653 659/704/659
f 659/704/659 660/705/660 654/699/654
f 655/700/655 654/699/654 660/705/660
f 660/705/660 661/706/661 655/700/655
f 662/713/662 548/707/548 549/708/549
f 549/708/549 663/714/663 662/713/662
f 663/714/663 549/708/549 550/709/550
f 550/709/550 664/715/664 663/714/663
f 664/715/664 550/709/550 551/710/551
f 551/710/551 665/716/665 664/715/664
f 665/716/665 551/710/551 552/711/552
f 552/711/552 666/717/666 665/716/665
f 666/717/666 552/711/552 553/712/553
f 553/712/553 667/718/667 666/717/666
f 667/718/667 553/712/553 517/670/517
f 517/670/517 631/676/631 667/718/667
f 668/719/668 662/713/662 663/714/663
f 663/714/663 669/720/669 668/719/668
f 669/720/669 663/714/663 664/715/664
f 664/715/664 670/721/670 669/720/669
f 670/721/670 664/715/664 665/716/665
f 665/716/665 671/722/671 670/721/670
f 671/722/671 665/716/665 666/717/666
f 666/717/666 672/723/672 671/722/671
f 672/723/672 666/717/666 667/718/667
f 667/718/667 673/724/673 672/723/672
f 673/724/673 667/718/667 631/676/631
f 631/676/631 637/682/637 673/724/673
f 674/725/674 668/719/668 669/720/669
f 669/720/669 675/726/675 674/725/674
f 675/726/675 669/720/669 670/721/670
f 670/721/670 676/727/676 675/726/675
f 676/727/676 670/721/670 671/722/671
f 671/722/671 677/728/677 676/727/676
f 677/728/677 671/722/671 672/723/672
f 672/723/672 678/729/678 677/728/677
f 678/729/678 672/723/672 673/724/673
f 673/724/673 679/730/679 678/729/678
f 679/730/679 673/724/673 637/682/637
f 637/682/637 643/688/643 679/730/679
f 680/731/680 674/725/674 675/726/675
f 675/726/675 681/732/681 680/731/680
f 681/732/681 675/726/675 676/727/676
f 676/727/676 682/733/682 681/732/681
f 682/733/682 676/727/676 677/728/677
f 677/728/677 683/734/683 682/733/682
f 683/734/683 677/728/677 678/729/678
f 678/729/678 684/735/684 683/734/683
f 684/735/684 678/729/678 679/730/679
f 679/730/679 685/736/685 684/735/684
f 685/736/685 679/730/679 643/688/643
f 643/688/643 649/694/649 685/736/685
f 686/737/686 680/731/680 681/732/681
f 681/732/681 687/738/687 686/737/686
f 687/738/687 681/732/681 682/733/682
f 682/733/682 688/739/688 687/738/687
f 688/739/688 682/733/682 683/734/683
f 683/734/683 689/740/689 688/739/688
f 689/740/689 683/734/683 684/735/684
f 684/735/684 690/741/690 689/740/689
f 690/741/690 684/735/684 685/736/685
f 685/736/685 691/742/691 690/741/690
f 691/742/691 685/736/685 649/694/649
f 649/694/649 655/700/655 691/742/691
f 692/743/692 686/737/686 687/738/687
f 687/738/687 693/744/693 692/743/692
f 693/744/693 687/738/687 688/739/688
f 688/739/688 694/745/694 693/744/693
f 694/745/694 688/739/688 689/740/689
f 689/740/689 695/746/695 694/745/694
f 695/746/695 689/740/689 690/741/690
f 690/741/690 696/747/696 695/746/695
f 696/747/696 690/741/690 691/742/691
f 691/742/691 697/748/697 696/747/696
f 697/748/697 691/742/691 655/700/655
f 655/700/655 661/706/661 697/748/697
f 584/623/584 475/616/475 579/749/579
f 579/749/579 698/754/698 584/623/584
f 698/754/698 579/749/579 580/750/580
f 580/750/580 699/755/699 698/754/698
f 699/755/699 580/750/580 581/751/581
f 581/751/581 700/756/700 699/755/699
f 700/756/700 581/751/581 582/752/582
f 582/752/582 701/757/701 700/756/700
f 701/757/701 582/752/582 583/753/583
f 583/753/583 702/758/702 701/757/701
f 702/758/702 583/753/583 548/707/548
f 548/707/548 662/713/662 702/758/702
f 591/630/591 584/623/584 698/754/698
f 698/754/698 703/759/703 591/630/591
f 703/759/703 698/754/698 699/755/699
f 699/755/699 704/760/704 703/759/703
f 704/760/704 699/755/699 700/756/700
f 700/756/700 705/761/705 704/760/704
f 705/761/705 700/756/700 701/757/701
f 701/757/701 706/762/706 705/761/705
f 706/762/706 701/757/701 702/758/702
f 702/758/702 707/763/707 706/762/706
f 707/763/707 702/758/702 662/713/662
f 662/713/662 668/719/668 707/763/707
f 598/637/598 591/630/591 703/759/703
f 703/759/703 708/764/708 598/637/598
f 708/764/708 703/759/703 704/760/704
f 704/760/704 709/765/709 708/764/708
f 709/765/709 704/760/704 705/761/705
f 705/761/705 710/766/710 709/765/709
f 710/766/710 705/761/705 706/762/706
f 706/762/706 711/767/711 710/766/710
f 711/767/711 706/762/706 707/763/707
f 707/763/707 712/768/712 711/767/711
f 712/768/712 707/763/707 668/719/668
f 668/719/668 674/725/674 712/768/712
f 605/644/605 598/637/598 708/764/708
f 708/764/708 713/769/713 605/644/605
f 713/769/713 708/764/708 709/765/709
f 709/765/709 714/770/714 713/769/713
f 714/770/714 709/765/709 710/766/710
f 710/766/710 715/771/715 714/770/714
f 715/771/715 710/766/710 711/767/711
f 711/767/711 716/772/716 715/771/715
f 716/772/716 711/767/711 712/768/712
f 712/768/712 717/773/717 716/772/716
f 717/773/717 712/768/712 674/725/674
f 674/725/674 680/731/680 717/773/717
f 612/651/612 605/644/605 713/769/713
f 713/769/713 718/774/718 612/651/612
f 718/774/718 713/769/713 714/770/714
f 714/770/714 719/775/719 718/774/718
f 719/775/719 714/770/714 715/771/715
f 715/771/715 720/776/720 719/775/719
f 720/776/720 715/771/715 716/772/716
f 716/772/716 721/777/721 720/776/720
f 721/777/721 716/772/716 717/773/717
f 717/773/717 722/778/722 721/777/721
f 722/778/722 717/773/717 680/731/680
f 680/731/680 686/737/686 722/778/722
f 619/658/619 612/651/612 718/774/718
f 718/774/718 723/779/723 619/658/619
f 723/779/723 718/774/718 719/775/719
f 719/775/719 724/780/724 723/779/723
f 724/780/724 719/775/719 720/776/720
f 720/776/720 725/781/725 724/780/724
f 725/781/725 720/776/720 721/777/721
f 721/777/721 726/782/726 725/781/725
f 726/782/726 721/777/721 722/778/722
f 722/778/722 727/783/727 726/782/726
f 727/783/727 722/778/722 686/737/686
f 686/737/686 692/743/692 727/783/727
f 729/785/729 728/784/728 735/791/735
f 735/791/735 736/792/736 729/785/729
f 730/786/730 729/785/729 736/792/736
f 736/792/736 737/793/737 730/786/730
f 731/787/731 730/786/730 737/793/737
f 737/793/737 738/794/738 731/787/731
f 732/788/732 731/787/731 738/794/738
f 738/794/738 739/795/739 732/788/732
f 733/789/733 732/788/732 739/795/739
f 739/795/739 740/796/740 733/789/733
f 734/790/734 733/789/733 740/796/740
f 740/796/740 741/797/741 734/790/734
f 736/792/736 735/791/735 742/798/742
f 742/798/742 743/799/743 736/792/736
f 737/793/737 736/792/736 743/799/743
f 743/799/743 744/800/744 737/793/737
f 738/794/738 737/793/737 744/800/744
f 744/800/744 745/801/745 738/794/738
f 739/795/739 738/794/738 745/801/745
f 745/801/745 746/802/746 739/795/739
f 740/796/740 739/795/739 746/802/746
f 746/802/746 747/803/747 740/796/740
f 741/797/741 740/796/740 747/803/747
f 747/803/747 748/804/748 741/797/741
f 743/799/743 742/798/742 749/805/749
f 749/805/749 750/806/750 743/799/743
f 744/800/744 743/799/743 750/806/750
f 750/806/750 751/807/751 744/800/744
f 745/801/745 744/800/744 751/807/751
f 751/807/751 752/808/752 745/801/745
f 746/802/746 745/801/745 752/808/752
f 752/808/752 753/809/753 746/802/746
f 747/803/747 746/802/746 753/809/753
f 753/809/753 754/810/754 747/803/747
f 748/804/748 747/803/747 754/810/754
f 754/810/754 755/811/755 748/804/748
f 750/806/750 749/805/749 756/812/756
f 756/812/756 757/813/757 750/806/750
f 751/807/751 750/806/750 757/813/757
f 757/813/757 758/814/758 751/807/751
f 752/808/752 751/807/751 758/814/758
f 758/814/758 759/815/759 752/808/752
f 753/809/753 752/808/752 759/815/759
f 759/815/759 760/816/760 753/809/753
f 754/810/754 753/809/753 760/816/760
f 760/816/760 761/817/761 754/810/754
f 755/811/755 754/810/754 761/817/761
f 761/817/761 762/818/762 755/811/755
f 757/813/757 756/812/756 763/819/763
f 763/819/763 764/820/764 757/813/757
f 758/814/758 757/813/757 764/820/764
f 764/820/764 765/821/765 758/814/758
f 759/815/759 758/814/758 765/821/765
f 765/821/765 766/822/766 759/815/759
f 760/816/760 759/815/759 766/822/766
f 766/822/766 767/823/767 760/816/760
f 761/817/761 760/816/760 767/823/767
f 767/823/767 768/824/768 761/817/761
f 762/818/762 761/817/761 768/824/768
f 768/824/768 769/825/769 762/818/762
f 764/820/764 763/819/763 770/826/770
f 770/826/770 771/827/771 764/820/764
f 765/821/765 764/820/764 771/827/771
f 771/827/771 772/828/772 765/821/765
f 766/822/766 765/821/765 772/828/772
f 772/828/772 773/829/773 766/822/766
f 767/823/767 766/822/766 773/829/773
f 773/829/773 774/830/774 767/823/767
f 768/824/768 767/823/767 774/830/774
f 774/830/774 775/831/775 768/824/768
f 769/825/769 768/824/768 775/831/775
f 775/831/775 776/832/776 769/825/769
f 777/833/777 734/790/734 741/797/741
f 741/797/741 783/839/783 777/833/777
f 778/834/778 777/833/777 783/839/783
f 783/839/783 784/840/784 778/834/778
f 779/835/779 778/834/778 784/840/784
f 784/840/784 785/841/785 779/835/779
f 780/836/780 779/835/779 785/841/785
f 785/841/785 786/842/786 780/836/780
f 781/837/781 780/836/780 786/842/786
f 786/842/786 787/843/787 781/837/781
f 782/838/782 781/837/781 787/843/787
f 787/843/787 788/844/788 782/838/782
f 783/839/783 741/797/741 748/804/748
f 748/804/748 789/845/789 783/839/783
f 784/840/784 783/839/783 789/845/789
f 789/845/789 790/846/790 784/840/784
f 785/841/785 784/840/784 790/846/790
f 790/846/790 791/847/791 785/841/785
f 786/842/786 785/841/785 791/847/791
f 791/847/791 792/848/792 786/842/786
f 787/843/787 786/842/786 792/848/792
f 792/848/792 793/849/793 787/843/787
f 788/844/788 787/843/787 793/849/793
f 793/849/793 794/850/794 788/844/788
f 789/845/789 748/804/748 755/811/755
f 755/811/755 795/851/795 789/845/789
f 790/846/790 789/845/789 795/851/795
f 795/851/795 796/852/796 790/846/790
f 791/847/791 790/846/790 796/852/796
f 796/852/796 797/853/797 791/847/791
f 792/848/792 791/847/791 797/853/797
f 797/853/797 798/854/798 792/848/792
f 793/849/793 792/848/792 798/854/798
f 798/854/798 799/855/799 793/849/793
f 794/850/794 793/849/793 799/855/799
f 799/855/799 800/856/800 794/850/794
f 795/851/795 755/811/755 762/818/762
f 762/818/762 801/857/801 795/851/795
f 796/852/796 795/851/795 801/857/801
f 801/857/801 802/858/802 796/852/796
f 797/853/797 796/852/796 802/858/802
f 802/858/802 803/859/803 797/853/797
f 798/854/798 797/853/797 803/859/803
f 803/859/803 804/860/804 798/854/798
f 799/855/799 798/854/798 804/860/804
f 804/860/804 805/861/805 799/855/799
f 800/856/800 799/855/799 805/861/805
f 805/861/805 806/862/806 800/856/800
f 801/857/801 762/818/762 769/825/769
f 769/825/769 807/863/807 801/857/801
f 802/858/802 801/857/801 807/863/807
f 807/863/807 808/864/808 802/858/802
f 803/859/803 802/858/802 808/864/808
f 808/864/808 809/865/809 803/859/803
f 804/860/804 803/859/803 809/865/809
f 809/865/809 810/866/810 804/860/804
f 805/861/805 804/860/804 810/866/810
f 810/866/810 811/867/811 805/861/805
f 806/862/806 805/861/805 811/867/811
f 811/867/811 812/868/812 806/862/806
f 807/863/807 769/825/769 776/832/776
f 776/832/776 813/869/813 807/863/807
f 808/864/808 807/863/807 813/869/813
f 813/869/813 814/870/814 808/864/808
f 809/865/809 808/864/808 814/870/814
f 814/870/814 815/871/815 809/865/809
f 810/866/810 809/865/809 815/871/815
f 815/871/815 816/872/816 810/866/810
f 811/867/811 810/866/810 816/872/816
f 816/872/816 817/873/817 811/867/811
f 812/868/812 811/867/811 817/873/817
f 817/873/817 818/874/818 812/868/812
f 825/881/825 819/875/819 820/876/820
f 820/876/820 826/882/826 825/881/825
f 826/882/826 820/876/820 821/877/821
f 821/877/821 827/883/827 826/882/826
f 827/883/827 821/877/821 822/878/822
f 822/878/822 828/884/828 827/883/827
f 828/884/828 822/878/822 823/879/823
f 823/879/823 829/885/829 828/884/828
f 829/885/829 823/879/823 824/880/824
f 824/880/824 830/886/830 829/885/829
f 830/886/830 824/880/824 782/838/782
f 782/838/782 788/844/788 830/886/830
f 831/887/831 825/881/825 826/882/826
f 826/882/826 832/888/832 831/887/831
f 832/888/832 826/882/826 827/883/827
f 827/883/827 833/889/833 832/888/832
f 833/889/833 827/883/827 828/884/828
f 828/884/828 834/890/834 833/889/833
f 834/890/834 828/884/828 829/885/829
f 829/885/829 835/891/835 834/890/834
f 835/891/835 829/885/829 830/886/830
f 830/886/830 836/892/836 835/891/835
f 836/892/836 830/886/830 788/844/788
f 788/844/788 794/850/794 836/892/836
f 837/893/837 831/887/831 832/888/832
f 832/888/832 838/894/838 837/893/837
f 838/894/838 832/888/832 833/889/833
f 833/889/833 839/895/839 838/894/838
f 839/895/839 833/889/833 834/890/834
f 834/890/834 840/896/840 839/895/839
f 840/896/840 834/890/834 835/891/835
f 835/891/835 841/897/841 840/896/840
f 841/897/841 835/891/835 836/892/836
f 836/892/836 842/898/842 841/897/841
f 842/898/842 836/892/836 794/850/794
f 794/850/794 800/856/800 842/898/842
f 843/899/843 837/893/837 838/894/838
f 838/894/838 844/900/844 843/899/843
f 844/900/844 838/894/838 839/895/839
f 839/895/839 845/901/845 844/900/844
f 845/901/845 839/895/839 840/896/840
f 840/896/840 846/902/846 845/901/845
f 846/902/846 840/896/840 841/897/841
f 841/897/841 847/903/847 846/902/846
f 847/903/847 841/897/841 842/898/842
f 842/898/842 848/904/848 847/903/847
f 848/904/848 842/898/842 800/856/800
f 800/856/800 806/862/806 848/904/848
f 849/905/849 843/899/843 844/900/844
f 844/900/844 850/906/850 849/905/849
f 850/906/850 844/900/844 845/901/845
f 845/901/845 851/907/851 850/906/850
f 851/907/851 845/901/845 846/902/846
f 846/902/846 852/908/852 851/907/851
f 852/908/852 846/902/846 847/903/847
f 847/903/847 853/909/853 852/908/852
f 853/909/853 847/903/847 848/904/848
f 848/904/848 854/910/854 853/909/853
f 854/910/854 848/904/848 806/862/806
f 806/862/806 812/868/812 854/910/854
f 855/911/855 849/905/849 850/906/850
f 850/906/850 856/912/856 855/911/855
f 856/912/856 850/906/850 851/907/851
f 851/907/851 857/913/857 856/912/856
f 857/913/857 851/907/851 852/908/852
f 852/908/852 858/914/858 857/913/857
f 858/914/858 852/908/852 853/909/853
f 853/909/853 859/915/859 858/914/858
f 859/915/859 853/909/853 854/910/854
f 854/910/854 860/916/860 859/915/859
f 860/916/860 854/910/854 812/868/812
f 812/868/812 818/874/818 860/916/860
f 735/923/735 728/917/728 861/918/861
f 861/918/861 866/924/866 735/923/735
f 866/924/866 861/918/861 862/919/862
f 862/919/862 867/925/867 866/924/866
f 867/925/867 862/919/862 863/920/863
f 863/920/863 868/926/868 867/925/867
f 868/926/868 863/920/863 864/921/864
f 864/921/864 869/927/869 868/926/868
f 869/927/869 864/921/864 865/922/865
f 865/922/865 870/928/870 869/927/869
f 870/928/870 865/922/865 819/875/819
f 819/875/819 825/881/825 870/928/870
f 742/929/742 735/923/735 866/924/866
f 866/924/866 871/930/871 742/929/742
f 871/930/871 866/924/866 867/925/867
f 867/925/867 872/931/872 871/930/871
f 872/931/872 867/925/867 868/926/868
f 868/926/868 873/932/873 872/931/872
f 873/932/873 868/926/868 869/927/869
f 869/927/869 874/933/874 873/932/873
f 874/933/874 869/927/869 870/928/870
f 870/928/870 875/934/875 874/933/874
f 875/934/875 870/928/870 825/881/825
f 825/881/825 831/887/831 875/934/875
f 749/935/749 742/929/742 871/930/871
f 871/930/871 876/936/876 749/935/749
f 876/936/876 871/930/871 872/931/872
f 872/931/872 877/937/877 876/936/876
f 877/937/877 872/931/872 873/932/873
f 873/932/873 878/938/878 877/937/877
f 878/938/878 873/932/873 874/933/874
f 874/933/874 879/939/879 878/938/878
f 879/939/879 874/933/874 875/934/875
f 875/934/875 880/940/880 879/939/879
f 880/940/880 875/934/875 831/887/831
f 831/887/831 837/893/837 880/940/880
f 756/941/756 749/935/749 876/936/876
f 876/936/876 881/942/881 756/941/756
f 881/942/881 876/936/876 877/937/877
f 877/937/877 882/943/882 881/942/881
f 882/943/882 877/937/877 878/938/878
f 878/938/878 883/944/883 882/943/882
f 883/944/883 878/938/878 879/939/879
f 879/939/879 884/945/884 883/944/883
f 884/945/884 879/939/879 880/940/880
f 880/940/880 885/946/885 884/945/884
f 885/946/885 880/940/880 837/893/837
f 837/893/837 843/899/843 885/946/885
f 763/947/763 756/941/756 881/942/881
f 881/942/881 886/948/886 763/947/763
f 886/948/886 881/942/881 882/943/882
f 882/943/882 887/949/887 886/948/886
f 887/949/887 882/943/882 883/944/883
f 883/944/883 888/950/888 887/949/887
f 888/950/888 883/944/883 884/945/884
f 884/945/884 889/951/889 888/950/888
f 889/951/889 884/945/884 885/946/885
f 885/946/885 890/952/890 889/951/889
f 890/952/890 885/946/885 843/899/843
f 843/899/843 849/905/849 890/952/890
f 770/953/770 763/947/763 886/948/886
f 886/948/886 891/954/891 770/953/770
f 891/954/891 886/948/886 887/949/887
f 887/949/887 892/955/892 891/954/891
f 892/955/892 887/949/887 888/950/888
f 888/950/888 893/956/893 892/955/892
f 893/956/893 888/950/888 889/951/889
f 889/951/889 894/957/894 893/956/893
f 894/957/894 889/951/889 890/952/890
f 890/952/890 895/958/895 894/957/894
f 895/958/895 890/952/890 849/905/849
f 849/905/849 855/911/855 895/958/895
f 772/828/772 771/827/771 896/959/896
f 896/959/896 897/960/897 772/828/772
f 773/829/773 772/828/772 897/960/897
f 897/960/897 898/961/898 773/829/773
f 774/830/774 773/829/773 898/961/898
f 898/961/898 899/962/899 774/830/774
f 775/831/775 774/830/774 899/962/899
f 899/962/899 900/963/900 775/831/775
f 776/832/776 775/831/775 900/963/900
f 900/963/900 901/964/901 776/832/776
f 897/960/897 896/959/896 903/966/903
f 903/966/903 904/967/904 897/960/897
f 898/961/898 897/960/897 904/967/904
f 904/967/904 905/968/905 898/961/898
f 899/962/899 898/961/898 905/968/905
f 905/968/905 906/969/906 899/962/899
f 900/963/900 899/962/899 906/969/906
f 906/969/906 907/970/907 900/963/900
f 901/964/901 900/963/900 907/970/907
f 907/970/907 908/971/908 901/964/901
f 903/966/903 902/965/902 909/972/909
f 909/972/909 910/973/910 903/966/903
f 904/967/904 903/966/903 910/973/910
f 910/973/910 911/974/911 904/967/904
f 905/968/905 904/967/904 911/974/911
f 911/974/911 912/975/912 905/968/905
f 906/969/906 905/968/905 912/975/912
f 912/975/912 913/976/913 906/969/906
f 907/970/907 906/969/906 913/976/913
f 913/976/913 914/977/914 907/970/907
f 908/971/908 907/970/907 914/977/914
f 914/977/914 915/978/915 908/971/908
f 910/973/910 909/972/909 916/979/916
f 916/979/916 917/980/917 910/973/910
f 911/974/911 910/973/910 917/980/917
f 917/980/917 918/981/918 911/974/911
f 912/975/912 911/974/911 918/981/918
f 918/981/918 919/982/919 912/975/912
f 913/976/913 912/975/912 919/982/919
f 919/982/919 920/983/920 913/976/913
f 914/977/914 913/976/913 920/983/920
f 920/983/920 921/984/921 914/977/914
f 915/978/915 914/977/914 921/984/921
f 921/984/921 922/985/922 915/978/915
f 917/980/917 916/979/916 923/986/923
f 923/986/923 924/987/924 917/980/917
f 918/981/918 917/980/917 924/987/924
f 924/987/924 925/988/925 918/981/918
f 919/982/919 918/981/918 925/988/925
f 925/988/925 926/989/926 919/982/919
f 920/983/920 919/982/919 926/989/926
f 926/989/926 927/990/927 920/983/920
f 921/984/921 920/983/920 927/990/927
f 927/990/927 928/991/928 921/984/921
f 922/985/922 921/984/921 928/991/928
f 928/991/928 929/992/929 922/985/922
f 925/988/925 924/987/924 930/993/930
f 930/993/930 931/994/931 925/988/925
f 926/989/926 925/988/925 931/994/931
f 931/994/931 932/995/932 926/989/926
f 927/990/927 926/989/926 932/995/932
f 932/995/932 933/996/933 927/990/927
f 928/991/928 927/990/927 933/996/933
f 933/996/933 934/997/934 928/991/928
f 929/992/929 928/991/928 934/997/934
f 934/997/934 935/998/935 929/992/929
f 54/1000/54 770/826/770 52/999/52
f 54/1000/54 771/827/771 770/826/770
f 56/1001/56 771/827/771 54/1000/54
f 56/1001/56 896/959/896 771/827/771
f 58/1002/58 896/959/896 56/1001/56
f 60/1003/60 896/959/896 58/1002/58
f 60/1003/60 903/966/903 896/959/896
f 62/1004/62 903/966/903 60/1003/60
f 62/1004/62 64/1005/64 903/966/903
f 64/1005/64 66/1006/66 902/965/902
f 64/1005/64 902/965/902 903/966/903
f 162/1008/162 923/986/923 160/1007/160
f 162/1008/162 924/987/924 923/986/923
f 164/1009/164 924/987/924 162/1008/162
f 164/1009/164 930/993/930 924/987/924
f 166/1010/166 930/993/930 164/1009/164
f 813/869/813 776/832/776 901/964/901
f 901/964/901 936/1011/936 813/869/813
f 814/870/814 813/869/813 936/1011/936
f 936/1011/936 937/1012/937 814/870/814
f 815/871/815 814/870/814 937/1012/937
f 937/1012/937 938/1013/938 815/871/815
f 816/872/816 815/871/815 938/1013/938
f 938/1013/938 939/1014/939 816/872/816
f 817/873/817 816/872/816 939/1014/939
f 939/1014/939 940/1015/940 817/873/817
f 818/874/818 817/873/817 940/1015/940
f 940/1015/940 941/1016/941 818/874/818
f 936/1011/936 901/964/901 908/971/908
f 908/971/908 942/1017/942 936/1011/936
f 937/1012/937 936/1011/936 942/1017/942
f 942/1017/942 943/1018/943 937/1012/937
f 938/1013/938 937/1012/937 943/1018/943
f 943/1018/943 944/1019/944 938/1013/938
f 939/1014/939 938/1013/938 944/1019/944
f 944/1019/944 945/1020/945 939/1014/939
f 940/1015/940 939/1014/939 945/1020/945
f 945/1020/945 946/1021/946 940/1015/940
f 941/1016/941 940/1015/940 946/1021/946
f 946/1021/946 947/1022/947 941/1016/941
f 942/1017/942 908/971/908 915/978/915
f 915/978/915 948/1023/948 942/1017/942
f 943/1018/943 942/1017/942 948/1023/948
f 948/1023/948 949/1024/949 943/1018/943
f 944/1019/944 943/1018/943 949/1024/949
f 949/1024/949 950/1025/950 944/1019/944
f 945/1020/945 944/1019/944 950/1025/950
f 950/1025/950 951/1026/951 945/1020/945
f 946/1021/946 945/1020/945 951/1026/951
f 951/1026/951 952/1027/952 946/1021/946
f 947/1022/947 946/1021/946 952/1027/952
f 952/1027/952 953/1028/953 947/1022/947
f 948/1023/948 915/978/915 922/985/922
f 922/985/922 954/1029/954 948/1023/948
f 949/1024/949 948/1023/948 954/1029/954
f 954/1029/954 955/1030/955 949/1024/949
f 950/1025/950 949/1024/949 955/1030/955
f 955/1030/955 956/1031/956 950/1025/950
f 951/1026/951 950/1025/950 956/1031/956
f 956/1031/956 957/1032/957 951/1026/951
f 952/1027/952 951/1026/951 957/1032/957
f 957/1032/957 958/1033/958 952/1027/952
f 954/1029/954 922/985/922 929/992/929
f 929/992/929 959/1034/959 954/1029/954
f 955/1030/955 954/1029/954 959/1034/959
f 959/1034/959 960/1035/960 955/1030/955
f 956/1031/956 955/1030/955 960/1035/960
f 960/1035/960 961/1036/961 956/1031/956
f 957/1032/957 956/1031/956 961/1036/961
f 961/1036/961 962/1037/962 957/1032/957
f 959/1034/959 929/992/929 935/998/935
f 935/998/935 963/1038/963 959/1034/959
f 960/1035/960 959/1034/959 963/1038/963
f 963/1038/963 964/1039/964 960/1035/960
f 961/1036/961 960/1035/960 964/1039/964
f 964/1039/964 965/1040/965 961/1036/961
f 962/1037/962 961/1036/961 965/1040/965
f 965/1040/965 966/1041/966 962/1037/962
f 356/1043/356 952/1027/952 358/1044/358
f 356/1043/356 953/1028/953 952/1027/952
f 360/1045/360 358/1044/358 952/1027/952
f 360/1045/360 952/1027/952 958/1033/958
f 362/1046/362 360/1045/360 958/1033/958
f 362/1046/362 958/1033/958 364/1047/364
f 364/1047/364 962/1037/962 366/1048/366
f 364/1047/364 957/1032/957 962/1037/962
f 364/1047/364 958/1033/958 957/1032/957
f 368/1049/368 366/1048/366 962/1037/962
f 368/1049/368 962/1037/962 966/1041/966
f 370/1050/370 368/1049/368 966/1041/966
f 370/1050/370 966/1041/966 967/1042/967
f 372/1051/372 370/1050/370 967/1042/967
f 968/1052/968 855/911/855 856/912/856
f 856/912/856 969/1053/969 968/1052/968
f 969/1053/969 856/912/856 857/913/857
f 857/913/857 970/1054/970 969/1053/969
f 970/1054/970 857/913/857 858/914/858
f 858/914/858 971/1055/971 970/1054/970
f 971/1055/971 858/914/858 859/915/859
f 859/915/859 972/1056/972 971/1055/971
f 972/1056/972 859/915/859 860/916/860
f 860/916/860 973/1057/973 972/1056/972
f 973/1057/973 860/916/860 818/874/818
f 818/874/818 941/1016/941 973/1057/973
f 974/1058/974 968/1052/968 969/1053/969
f 969/1053/969 975/1059/975 974/1058/974
f 975/1059/975 969/1053/969 970/1054/970
f 970/1054/970 976/1060/976 975/1059/975
f 976/1060/976 970/1054/970 971/1055/971
f 971/1055/971 977/1061/977 976/1060/976
f 977/1061/977 971/1055/971 972/1056/972
f 972/1056/972 978/1062/978 977/1061/977
f 978/1062/978 972/1056/972 973/1057/973
f 973/1057/973 979/1063/979 978/1062/978
f 979/1063/979 973/1057/973 941/1016/941
f 941/1016/941 947/1022/947 979/1063/979
f 980/1064/980 974/1058/974 975/1059/975
f 975/1059/975 981/1065/981 980/1064/980
f 981/1065/981 975/1059/975 976/1060/976
f 976/1060/976 982/1066/982 981/1065/981
f 982/1066/982 976/1060/976 977/1061/977
f 977/1061/977 983/1067/983 982/1066/982
f 983/1067/983 977/1061/977 978/1062/978
f 978/1062/978 984/1068/984 983/1067/983
f 984/1068/984 978/1062/978 979/1063/979
f 979/1063/979 985/1069/985 984/1068/984
f 985/1069/985 979/1063/979 947/1022/947
f 947/1022/947 953/1028/953 985/1069/985
f 986/1070/986 980/1064/980 981/1065/981
f 981/1065/981 987/1071/987 986/1070/986
f 987/1071/987 981/1065/981 982/1066/982
f 982/1066/982 988/1072/988 987/1071/987
f 988/1072/988 982/1066/982 983/1067/983
f 983/1067/983 989/1073/989 988/1072/988
f 989/1073/989 983/1067/983 984/1068/984
f 984/1068/984 990/1074/990 989/1073/989
f 990/1074/990 984/1068/984 985/1069/985
f 985/1069/985 991/1075/991 990/1074/990
f 992/1076/992 986/1070/986 987/1071/987
f 987/1071/987 993/1077/993 992/1076/992
f 993/1077/993 987/1071/987 988/1072/988
f 988/1072/988 994/1078/994 993/1077/993
f 994/1078/994 988/1072/988 989/1073/989
f 989/1073/989 995/1079/995 994/1078/994
f 995/1079/995 989/1073/989 990/1074/990
f 990/1074/990 996/1080/996 995/1079/995
f 997/1081/997 992/1076/992 993/1077/993
f 993/1077/993 998/1082/998 997/1081/997
f 998/1082/998 993/1077/993 994/1078/994
f 994/1078/994 999/1083/999 998/1082/998
f 999/1083/999 994/1078/994 995/1079/995
f 995/1079/995 1000/1084/1000 999/1083/999
f 1000/1084/1000 995/1079/995 996/1080/996
f 996/1080/996 1001/1085/1001 1000/1084/1000
f 985/1069/985 356/1043/356 418/1087/418
f 953/1028/953 356/1043/356 985/1069/985
f 418/1087/418 420/1088/420 985/1069/985
f 985/1069/985 420/1088/420 991/1075/991
f 420/1088/420 422/1089/422 991/1075/991
f 991/1075/991 422/1089/422 424/1090/424
f 996/1080/996 424/1090/424 426/1091/426
f 990/1074/990 424/1090/424 996/1080/996
f 991/1075/991 424/1090/424 990/1074/990
f 426/1091/426 428/1092/428 996/1080/996
f 996/1080/996 428/1092/428 1001/1085/1001
f 428/1092/428 430/1093/430 1001/1085/1001
f 1001/1085/1001 430/1093/430 1002/1086/1002
f 430/1093/430 432/1094/432 1002/1086/1002
f 1003/1095/1003 891/954/891 892/955/892
f 892/955/892 1004/1096/1004 1003/1095/1003
f 1004/1096/1004 892/955/892 893/956/893
f 893/956/893 1005/1097/1005 1004/1096/1004
f 1005/1097/1005 893/956/893 894/957/894
f 894/957/894 1006/1098/1006 1005/1097/1005
f 1006/1098/1006 894/957/894 895/958/895
f 895/958/895 1007/1099/1007 1006/1098/1006
f 1007/1099/1007 895/958/895 855/911/855
f 855/911/855 968/1052/968 1007/1099/1007
f 1008/1101/1008 1003/1095/1003 1004/1096/1004
f 1004/1096/1004 1009/1102/1009 1008/1101/1008
f 1009/1102/1009 1004/1096/1004 1005/1097/1005
f 1005/1097/1005 1010/1103/1010 1009/1102/1009
f 1010/1103/1010 1005/1097/1005 1006/1098/1006
f 1006/1098/1006 1011/1104/1011 1010/1103/1010
f 1011/1104/1011 1006/1098/1006 1007/1099/1007
f 1007/1099/1007 1012/1105/1012 1011/1104/1011
f 1012/1105/1012 1007/1099/1007 968/1052/968
f 968/1052/968 974/1058/974 1012/1105/1012
f 909/1106/909 902/1100/902 1008/1101/1008
f 1008/1101/1008 1013/1107/1013 909/1106/909
f 1013/1107/1013 1008/1101/1008 1009/1102/1009
f 1009/1102/1009 1014/1108/1014 1013/1107/1013
f 1014/1108/1014 1009/1102/1009 1010/1103/1010
f 1010/1103/1010 1015/1109/1015 1014/1108/1014
f 1015/1109/1015 1010/1103/1010 1011/1104/1011
f 1011/1104/1011 1016/1110/1016 1015/1109/1015
f 1016/1110/1016 1011/1104/1011 1012/1105/1012
f 1012/1105/1012 1017/1111/1017 1016/1110/1016
f 1017/1111/1017 1012/1105/1012 974/1058/974
f 974/1058/974 980/1064/980 1017/1111/1017
f 916/1112/916 909/1106/909 1013/1107/1013
f 1013/1107/1013 1018/1113/1018 916/1112/916
f 1018/1113/1018 1013/1107/1013 1014/1108/1014
f 1014/1108/1014 1019/1114/1019 1018/1113/1018
f 1019/1114/1019 1014/1108/1014 1015/1109/1015
f 1015/1109/1015 1020/1115/1020 1019/1114/1019
f 1020/1115/1020 1015/1109/1015 1016/1110/1016
f 1016/1110/1016 1021/1116/1021 1020/1115/1020
f 1021/1116/1021 1016/1110/1016 1017/1111/1017
f 1017/1111/1017 1022/1117/1022 1021/1116/1021
f 1022/1117/1022 1017/1111/1017 980/1064/980
f 980/1064/980 986/1070/986 1022/1117/1022
f 923/1118/923 916/1112/916 1018/1113/1018
f 1018/1113/1018 1023/1119/1023 923/1118/923
f 1023/1119/1023 1018/1113/1018 1019/1114/1019
f 1019/1114/1019 1024/1120/1024 1023/1119/1023
f 1024/1120/1024 1019/1114/1019 1020/1115/1020
f 1020/1115/1020 1025/1121/1025 1024/1120/1024
f 1025/1121/1025 1020/1115/1020 1021/1116/1021
f 1021/1116/1021 1026/1122/1026 1025/1121/1025
f 1026/1122/1026 1021/1116/1021 1022/1117/1022
f 1022/1117/1022 1027/1123/1027 1026/1122/1026
f 1027/1123/1027 1022/1117/1022 986/1070/986
f 986/1070/986 992/1076/992 1027/1123/1027
f 1028/1124/1028 1023/1119/1023 1024/1120/1024
f 1024/1120/1024 1029/1125/1029 1028/1124/1028
f 1029/1125/1029 1024/1120/1024 1025/1121/1025
f 1025/1121/1025 1030/1126/1030 1029/1125/1029
f 1030/1126/1030 1025/1121/1025 1026/1122/1026
f 1026/1122/1026 1031/1127/1031 1030/1126/1030
f 1031/1127/1031 1026/1122/1026 1027/1123/1027
f 1027/1123/1027 1032/1128/1032 1031/1127/1031
f 1032/1128/1032 1027/1123/1027 992/1076/992
f 992/1076/992 997/1081/997 1032/1128/1032
f 770/953/770 104/1130/104 52/1129/52
f 891/954/891 104/1130/104 770/953/770
f 891/954/891 106/1131/106 104/1130/104
f 1003/1095/1003 106/1131/106 891/954/891
f 1003/1095/1003 108/1132/108 106/1131/106
f 1003/1095/1003 110/1133/110 108/1132/108
f 1008/1101/1008 110/1133/110 1003/1095/1003
f 1008/1101/1008 112/1134/112 110/1133/110
f 114/1135/114 112/1134/112 1008/1101/1008
f 66/1136/66 114/1135/114 902/1100/902
f 902/1100/902 114/1135/114 1008/1101/1008
f 923/1118/923 210/1138/210 160/1137/160
f 1023/1119/1023 210/1138/210 923/1118/923
f 1023/1119/1023 212/1139/212 210/1138/210
f 1028/1124/1028 212/1139/212 1023/1119/1023
f 1028/1124/1028 214/1140/214 212/1139/212
f 931/994/931 930/993/930 1033/1141/1033
f 1033/1141/1033 1034/1142/1034 931/994/931
f 932/995/932 931/994/931 1034/1142/1034
f 1034/1142/1034 1035/1143/1035 932/995/932
f 933/996/933 932/995/932 1035/1143/1035
f 1035/1143/1035 1036/1144/1036 933/996/933
f 934/997/934 933/996/933 1036/1144/1036
f 1036/1144/1036 1037/1145/1037 934/997/934
f 935/998/935 934/997/934 1037/1145/1037
f 1037/1145/1037 1038/1146/1038 935/998/935
f 1034/1142/1034 1033/1141/1033 1040/1148/1040
f 1040/1148/1040 1041/1149/1041 1034/1142/1034
f 1035/1143/1035 1034/1142/1034 1041/1149/1041
f 1041/1149/1041 1042/1150/1042 1035/1143/1035
f 1036/1144/1036 1035/1143/1035 1042/1150/1042
f 1042/1150/1042 1043/1151/1043 1036/1144/1036
f 1037/1145/1037 1036/1144/1036 1043/1151/1043
f 1043/1151/1043 1044/1152/1044 1037/1145/1037
f 1038/1146/1038 1037/1145/1037 1044/1152/1044
f 1044/1152/1044 1045/1153/1045 1038/1146/1038
f 1040/1148/1040 1039/1147/1039 1046/1154/1046
f 1046/1154/1046 1047/1155/1047 1040/1148/1040
f 1041/1149/1041 1040/1148/1040 1047/1155/1047
f 1047/1155/1047 1048/1156/1048 1041/1149/1041
f 1042/1150/1042 1041/1149/1041 1048/1156/1048
f 1048/1156/1048 1049/1157/1049 1042/1150/1042
f 1043/1151/1043 1042/1150/1042 1049/1157/1049
f 1049/1157/1049 1050/1158/1050 1043/1151/1043
f 1044/1152/1044 1043/1151/1043 1050/1158/1050
f 1050/1158/1050 1051/1159/1051 1044/1152/1044
f 1045/1153/1045 1044/1152/1044 1051/1159/1051
f 1051/1159/1051 1052/1160/1052 1045/1153/1045
f 1047/1155/1047 1046/1154/1046 1053/1161/1053
f 1053/1161/1053 1054/1162/1054 1047/1155/1047
f 1048/1156/1048 1047/1155/1047 1054/1162/1054
f 1054/1162/1054 1055/1163/1055 1048/1156/1048
f 1049/1157/1049 1048/1156/1048 1055/1163/1055
f 1055/1163/1055 1056/1164/1056 1049/1157/1049
f 1050/1158/1050 1049/1157/1049 1056/1164/1056
f 1056/1164/1056 1057/1165/1057 1050/1158/1050
f 1051/1159/1051 1050/1158/1050 1057/1165/1057
f 1057/1165/1057 1058/1166/1058 1051/1159/1051
f 1052/1160/1052 1051/1159/1051 1058/1166/1058
f 1058/1166/1058 1059/1167/1059 1052/1160/1052
f 1054/1162/1054 1053/1161/1053 1060/1168/1060
f 1060/1168/1060 1061/1169/1061 1054/1162/1054
f 1055/1163/1055 1054/1162/1054 1061/1169/1061
f 1061/1169/1061 1062/1170/1062 1055/1163/1055
f 1056/1164/1056 1055/1163/1055 1062/1170/1062
f 1062/1170/1062 1063/1171/1063 1056/1164/1056
f 1057/1165/1057 1056/1164/1056 1063/1171/1063
f 1063/1171/1063 1064/1172/1064 1057/1165/1057
f 1058/1166/1058 1057/1165/1057 1064/1172/1064
f 1064/1172/1064 1065/1173/1065 1058/1166/1058
f 1059/1167/1059 1058/1166/1058 1065/1173/1065
f 1065/1173/1065 1066/1174/1066 1059/1167/1059
f 1061/1169/1061 1060/1168/1060 1067/1175/1067
f 1067/1175/1067 1068/1176/1068 1061/1169/1061
f 1062/1170/1062 1061/1169/1061 1068/1176/1068
f 1068/1176/1068 1069/1177/1069 1062/1170/1062
f 1063/1171/1063 1062/1170/1062 1069/1177/1069
f 1069/1177/1069 1070/1178/1070 1063/1171/1063
f 1064/1172/1064 1063/1171/1063 1070/1178/1070
f 1070/1178/1070 1071/1179/1071 1064/1172/1064
f 1065/1173/1065 1064/1172/1064 1071/1179/1071
f 1071/1179/1071 1072/1180/1072 1065/1173/1065
f 1066/1174/1066 1065/1173/1065 1072/1180/1072
f 1072/1180/1072 1073/1181/1073 1066/1174/1066
f 168/1182/168 930/993/930 166/1010/166
f 168/1182/168 1033/1141/1033 930/993/930
f 168/1182/168 170/1183/170 1033/1141/1033
f 172/1184/172 1033/1141/1033 170/1183/170
f 172/1184/172 1040/1148/1040 1033/1141/1033
f 172/1184/172 174/1185/174 1040/1148/1040
f 174/1185/174 176/1186/176 1039/1147/1039
f 174/1185/174 1039/1147/1039 1040/1148/1040
f 963/1038/963 935/998/935 1038/1146/1038
f 1038/1146/1038 1074/1187/1074 963/1038/963
f 964/1039/964 963/1038/963 1074/1187/1074
f 1074/1187/1074 1075/1188/1075 964/1039/964
f 965/1040/965 964/1039/964 1075/1188/1075
f 1075/1188/1075 1076/1189/1076 965/1040/965
f 966/1041/966 965/1040/965 1076/1189/1076
f 1076/1189/1076 1077/1190/1077 966/1041/966
f 967/1042/967 966/1041/966 1077/1190/1077
f 1077/1190/1077 1078/1191/1078 967/1042/967
f 1074/1187/1074 1038/1146/1038 1045/1153/1045
f 1045/1153/1045 1079/1192/1079 1074/1187/1074
f 1075/1188/1075 1074/1187/1074 1079/1192/1079
f 1079/1192/1079 1080/1193/1080 1075/1188/1075
f 1076/1189/1076 1075/1188/1075 1080/1193/1080
f 1080/1193/1080 1081/1194/1081 1076/1189/1076
f 1077/1190/1077 1076/1189/1076 1081/1194/1081
f 1081/1194/1081 1082/1195/1082 1077/1190/1077
f 1078/1191/1078 1077/1190/1077 1082/1195/1082
f 1082/1195/1082 1083/1196/1083 1078/1191/1078
f 1079/1192/1079 1045/1153/1045 1052/1160/1052
f 1052/1160/1052 1085/1198/1085 1079/1192/1079
f 1080/1193/1080 1079/1192/1079 1085/1198/1085
f 1085/1198/1085 1086/1199/1086 1080/1193/1080
f 1081/1194/1081 1080/1193/1080 1086/1199/1086
f 1086/1199/1086 1087/1200/1087 1081/1194/1081
f 1082/1195/1082 1081/1194/1081 1087/1200/1087
f 1087/1200/1087 1088/1201/1088 1082/1195/1082
f 1083/1196/1083 1082/1195/1082 1088/1201/1088
f 1088/1201/1088 1089/1202/1089 1083/1196/1083
f 1084/1197/1084 1083/1196/1083 1089/1202/1089
f 1089/1202/1089 1090/1203/1090 1084/1197/1084
f 1085/1198/1085 1052/1160/1052 1059/1167/1059
f 1059/1167/1059 1091/1204/1091 1085/1198/1085
f 1086/1199/1086 1085/1198/1085 1091/1204/1091
f 1091/1204/1091 1092/1205/1092 1086/1199/1086
f 1087/1200/1087 1086/1199/1086 1092/1205/1092
f 1092/1205/1092 1093/1206/1093 1087/1200/1087
f 1088/1201/1088 1087/1200/1087 1093/1206/1093
f 1093/1206/1093 1094/1207/1094 1088/1201/1088
f 1089/1202/1089 1088/1201/1088 1094/1207/1094
f 1094/1207/1094 1095/1208/1095 1089/1202/1089
f 1090/1203/1090 1089/1202/1089 1095/1208/1095
f 1095/1208/1095 1096/1209/1096 1090/1203/1090
f 1091/1204/1091 1059/1167/1059 1066/1174/1066
f 1066/1174/1066 1097/1210/1097 1091/1204/1091
f 1092/1205/1092 1091/1204/1091 1097/1210/1097
f 1097/1210/1097 1098/1211/1098 1092/1205/1092
f 1093/1206/1093 1092/1205/1092 1098/1211/1098
f 1098/1211/1098 1099/1212/1099 1093/1206/1093
f 1094/1207/1094 1093/1206/1093 1099/1212/1099
f 1099/1212/1099 1100/1213/1100 1094/1207/1094
f 1095/1208/1095 1094/1207/1094 1100/1213/1100
f 1100/1213/1100 1101/1214/1101 1095/1208/1095
f 1096/1209/1096 1095/1208/1095 1101/1214/1101
f 1101/1214/1101 1102/1215/1102 1096/1209/1096
f 1097/1210/1097 1066/1174/1066 1073/1181/1073
f 1073/1181/1073 1103/1216/1103 1097/1210/1097
f 1098/1211/1098 1097/1210/1097 1103/1216/1103
f 1103/1216/1103 1104/1217/1104 1098/1211/1098
f 1099/1212/1099 1098/1211/1098 1104/1217/1104
f 1104/1217/1104 1105/1218/1105 1099/1212/1099
f 1100/1213/1100 1099/1212/1099 1105/1218/1105
f 1105/1218/1105 1106/1219/1106 1100/1213/1100
f 1101/1214/1101 1100/1213/1100 1106/1219/1106
f 1106/1219/1106 1107/1220/1107 1101/1214/1101
f 1102/1215/1102 1101/1214/1101 1107/1220/1107
f 1107/1220/1107 1108/1221/1108 1102/1215/1102
f 374/1222/374 372/1051/372 967/1042/967
f 374/1222/374 967/1042/967 1078/1191/1078
f 374/1222/374 1078/1191/1078 376/1223/376
f 376/1223/376 1078/1191/1078 378/1224/378
f 378/1224/378 1084/1197/1084 380/1225/380
f 378/1224/378 1083/1196/1083 1084/1197/1084
f 378/1224/378 1078/1191/1078 1083/1196/1083
f 1109/1226/1109 997/1081/997 998/1082/998
f 998/1082/998 1110/1227/1110 1109/1226/1109
f 1110/1227/1110 998/1082/998 999/1083/999
f 999/1083/999 1111/1228/1111 1110/1227/1110
f 1111/1228/1111 999/1083/999 1000/1084/1000
f 1000/1084/1000 1112/1229/1112 1111/1228/1111
f 1112/1229/1112 1000/1084/1000 1001/1085/1001
f 1001/1085/1001 1113/1230/1113 1112/1229/1112
f 1113/1230/1113 1001/1085/1001 1002/1086/1002
f 1002/1086/1002 1114/1231/1114 1113/1230/1113
f 1115/1232/1115 1109/1226/1109 1110/1227/1110
f 1110/1227/1110 1116/1233/1116 1115/1232/1115
f 1116/1233/1116 1110/1227/1110 1111/1228/1111
f 1111/1228/1111 1117/1234/1117 1116/1233/1116
f 1117/1234/1117 1111/1228/1111 1112/1229/1112
f 1112/1229/1112 1118/1235/1118 1117/1234/1117
f 1118/1235/1118 1112/1229/1112 1113/1230/1113
f 1113/1230/1113 1119/1236/1119 1118/1235/1118
f 1119/1236/1119 1113/1230/1113 1114/1231/1114
f 1114/1231/1114 1120/1237/1120 1119/1236/1119
f 1121/1238/1121 1115/1232/1115 1116/1233/1116
f 1116/1233/1116 1122/1239/1122 1121/1238/1121
f 1122/1239/1122 1116/1233/1116 1117/1234/1117
f 1117/1234/1117 1123/1240/1123 1122/1239/1122
f 1123/1240/1123 1117/1234/1117 1118/1235/1118
f 1118/1235/1118 1124/1241/1124 1123/1240/1123
f 1124/1241/1124 1118/1235/1118 1119/1236/1119
f 1119/1236/1119 1125/1242/1125 1124/1241/1124
f 1125/1242/1125 1119/1236/1119 1120/1237/1120
f 1120/1237/1120 1126/1243/1126 1125/1242/1125
f 1126/1243/1126 1120/1237/1120 1084/1197/1084
f 1084/1197/1084 1090/1203/1090 1126/1243/1126
f 1127/1244/1127 1121/1238/1121 1122/1239/1122
f 1122/1239/1122 1128/1245/1128 1127/1244/1127
f 1128/1245/1128 1122/1239/1122 1123/1240/1123
f 1123/1240/1123 1129/1246/1129 1128/1245/1128
f 1129/1246/1129 1123/1240/1123 1124/1241/1124
f 1124/1241/1124 1130/1247/1130 1129/1246/1129
f 1130/1247/1130 1124/1241/1124 1125/1242/1125
f 1125/1242/1125 1131/1248/1131 1130/1247/1130
f 1131/1248/1131 1125/1242/1125 1126/1243/1126
f 1126/1243/1126 1132/1249/1132 1131/1248/1131
f 1132/1249/1132 1126/1243/1126 1090/1203/1090
f 1090/1203/1090 1096/1209/1096 1132/1249/1132
f 1133/1250/1133 1127/1244/1127 1128/1245/1128
f 1128/1245/1128 1134/1251/1134 1133/1250/1133
f 1134/1251/1134 1128/1245/1128 1129/1246/1129
f 1129/1246/1129 1135/1252/1135 1134/1251/1134
f 1135/1252/1135 1129/1246/1129 1130/1247/1130
f 1130/1247/1130 1136/1253/1136 1135/1252/1135
f 1136/1253/1136 1130/1247/1130 1131/1248/1131
f 1131/1248/1131 1137/1254/1137 1136/1253/1136
f 1137/1254/1137 1131/1248/1131 1132/1249/1132
f 1132/1249/1132 1138/1255/1138 1137/1254/1137
f 1138/1255/1138 1132/1249/1132 1096/1209/1096
f 1096/1209/1096 1102/1215/1102 1138/1255/1138
f 1139/1256/1139 1133/1250/1133 1134/1251/1134
f 1134/1251/1134 1140/1257/1140 1139/1256/1139
f 1140/1257/1140 1134/1251/1134 1135/1252/1135
f 1135/1252/1135 1141/1258/1141 1140/1257/1140
f 1141/1258/1141 1135/1252/1135 1136/1253/1136
f 1136/1253/1136 1142/1259/1142 1141/1258/1141
f 1142/1259/1142 1136/1253/1136 1137/1254/1137
f 1137/1254/1137 1143/1260/1143 1142/1259/1142
f 1143/1260/1143 1137/1254/1137 1138/1255/1138
f 1138/1255/1138 1144/1261/1144 1143/1260/1143
f 1144/1261/1144 1138/1255/1138 1102/1215/1102
f 1102/1215/1102 1108/1221/1108 1144/1261/1144
f 432/1094/432 434/1262/434 1002/1086/1002
f 1002/1086/1002 434/1262/434 1114/1231/1114
f 1114/1231/1114 434/1262/434 436/1263/436
f 1114/1231/1114 436/1263/436 438/1264/438
f 1084/1197/1084 438/1264/438 380/1225/380
f 1120/1237/1120 438/1264/438 1084/1197/1084
f 1114/1231/1114 438/1264/438 1120/1237/1120
f 1145/1265/1145 1028/1124/1028 1029/1125/1029
f 1029/1125/1029 1146/1266/1146 1145/1265/1145
f 1146/1266/1146 1029/1125/1029 1030/1126/1030
f 1030/1126/1030 1147/1267/1147 1146/1266/1146
f 1147/1267/1147 1030/1126/1030 1031/1127/1031
f 1031/1127/1031 1148/1268/1148 1147/1267/1147
f 1148/1268/1148 1031/1127/1031 1032/1128/1032
f 1032/1128/1032 1149/1269/1149 1148/1268/1148
f 1149/1269/1149 1032/1128/1032 997/1081/997
f 997/1081/997 1109/1226/1109 1149/1269/1149
f 1150/1271/1150 1145/1265/1145 1146/1266/1146
f 1146/1266/1146 1151/1272/1151 1150/1271/1150
f 1151/1272/1151 1146/1266/1146 1147/1267/1147
f 1147/1267/1147 1152/1273/1152 1151/1272/1151
f 1152/1273/1152 1147/1267/1147 1148/1268/1148
f 1148/1268/1148 1153/1274/1153 1152/1273/1152
f 1153/1274/1153 1148/1268/1148 1149/1269/1149
f 1149/1269/1149 1154/1275/1154 1153/1274/1153
f 1154/1275/1154 1149/1269/1149 1109/1226/1109
f 1109/1226/1109 1115/1232/1115 1154/1275/1154
f 1046/1276/1046 1039/1270/1039 1150/1271/1150
f 1150/1271/1150 1155/1277/1155 1046/1276/1046
f 1155/1277/1155 1150/1271/1150 1151/1272/1151
f 1151/1272/1151 1156/1278/1156 1155/1277/1155
f 1156/1278/1156 1151/1272/1151 1152/1273/1152
f 1152/1273/1152 1157/1279/1157 1156/1278/1156
f 1157/1279/1157 1152/1273/1152 1153/1274/1153
f 1153/1274/1153 1158/1280/1158 1157/1279/1157
f 1158/1280/1158 1153/1274/1153 1154/1275/1154
f 1154/1275/1154 1159/1281/1159 1158/1280/1158
f 1159/1281/1159 1154/1275/1154 1115/1232/1115
f 1115/1232/1115 1121/1238/1121 1159/1281/1159
f 1053/1282/1053 1046/1276/1046 1155/1277/1155
f 1155/1277/1155 1160/1283/1160 1053/1282/1053
f 1160/1283/1160 1155/1277/1155 1156/1278/1156
f 1156/1278/1156 1161/1284/1161 1160/1283/1160
f 1161/1284/1161 1156/1278/1156 1157/1279/1157
f 1157/1279/1157 1162/1285/1162 1161/1284/1161
f 1162/1285/1162 1157/1279/1157 1158/1280/1158
f 1158/1280/1158 1163/1286/1163 1162/1285/1162
f 1163/1286/1163 1158/1280/1158 1159/1281/1159
f 1159/1281/1159 1164/1287/1164 1163/1286/1163
f 1164/1287/1164 1159/1281/1159 1121/1238/1121
f 1121/1238/1121 1127/1244/1127 1164/1287/1164
f 1060/1288/1060 1053/1282/1053 1160/1283/1160
f 1160/1283/1160 1165/1289/1165 1060/1288/1060
f 1165/1289/1165 1160/1283/1160 1161/1284/1161
f 1161/1284/1161 1166/1290/1166 1165/1289/1165
f 1166/1290/1166 1161/1284/1161 1162/1285/1162
f 1162/1285/1162 1167/1291/1167 1166/1290/1166
f 1167/1291/1167 1162/1285/1162 1163/1286/1163
f 1163/1286/1163 1168/1292/1168 1167/1291/1167
f 1168/1292/1168 1163/1286/1163 1164/1287/1164
f 1164/1287/1164 1169/1293/1169 1168/1292/1168
f 1169/1293/1169 1164/1287/1164 1127/1244/1127
f 1127/1244/1127 1133/1250/1133 1169/1293/1169
f 1067/1294/1067 1060/1288/1060 1165/1289/1165
f 1165/1289/1165 1170/1295/1170 1067/1294/1067
f 1170/1295/1170 1165/1289/1165 1166/1290/1166
f 1166/1290/1166 1171/1296/1171 1170/1295/1170
f 1171/1296/1171 1166/1290/1166 1167/1291/1167
f 1167/1291/1167 1172/1297/1172 1171/1296/1171
f 1172/1297/1172 1167/1291/1167 1168/1292/1168
f 1168/1292/1168 1173/1298/1173 1172/1297/1172
f 1173/1298/1173 1168/1292/1168 1169/1293/1169
f 1169/1293/1169 1174/1299/1174 1173/1298/1173
f 1174/1299/1174 1169/1293/1169 1133/1250/1133
f 1133/1250/1133 1139/1256/1139 1174/1299/1174
f 1028/1124/1028 216/1300/216 214/1140/214
f 1145/1265/1145 216/1300/216 1028/1124/1028
f 218/1301/218 216/1300/216 1145/1265/1145
f 1145/1265/1145 220/1302/220 218/1301/218
f 1150/1271/1150 220/1302/220 1145/1265/1145
f 222/1303/222 220/1302/220 1150/1271/1150
f 176/1304/176 222/1303/222 1039/1270/1039
f 1039/1270/1039 222/1303/222 1150/1271/1150
f 1068/1306/1068 1067/1305/1067 1175/1312/1175
f 1175/1312/1175 1176/1313/1176 1068/1306/1068
f 1069/1307/1069 1068/1306/1068 1176/1313/1176
f 1176/1313/1176 1177/1314/1177 1069/1307/1069
f 1070/1308/1070 1069/1307/1069 1177/1314/1177
f 1177/1314/1177 1178/1315/1178 1070/1308/1070
f 1071/1309/1071 1070/1308/1070 1178/1315/1178
f 1178/1315/1178 1179/1316/1179 1071/1309/1071
f 1072/1310/1072 1071/1309/1071 1179/1316/1179
f 1179/1316/1179 1180/1317/1180 1072/1310/1072
f 1073/1311/1073 1072/1310/1072 1180/1317/1180
f 1180/1317/1180 1181/1318/1181 1073/1311/1073
f 1176/1313/1176 1175/1312/1175 1182/1319/1182
f 1182/1319/1182 1183/1320/1183 1176/1313/1176
f 1177/1314/1177 1176/1313/1176 1183/1320/1183
f 1183/1320/1183 1184/1321/1184 1177/1314/1177
f 1178/1315/1178 1177/1314/1177 1184/1321/1184
f 1184/1321/1184 1185/1322/1185 1178/1315/1178
f 1179/1316/1179 1178/1315/1178 1185/1322/1185
f 1185/1322/1185 1186/1323/1186 1179/1316/1179
f 1180/1317/1180 1179/1316/1179 1186/1323/1186
f 1186/1323/1186 1187/1324/1187 1180/1317/1180
f 1181/1318/1181 1180/1317/1180 1187/1324/1187
f 1187/1324/1187 1188/1325/1188 1181/1318/1181
f 1183/1320/1183 1182/1319/1182 1189/1326/1189
f 1189/1326/1189 1190/1327/1190 1183/1320/1183
f 1184/1321/1184 1183/1320/1183 1190/1327/1190
f 1190/1327/1190 1191/1328/1191 1184/1321/1184
f 1185/1322/1185 1184/1321/1184 1191/1328/1191
f 1191/1328/1191 1192/1329/1192 1185/1322/1185
f 1186/1323/1186 1185/1322/1185 1192/1329/1192
f 1192/1329/1192 1193/1330/1193 1186/1323/1186
f 1187/1324/1187 1186/1323/1186 1193/1330/1193
f 1193/1330/1193 1194/1331/1194 1187/1324/1187
f 1188/1325/1188 1187/1324/1187 1194/1331/1194
f 1194/1331/1194 1195/1332/1195 1188/1325/1188
f 1190/1327/1190 1189/1326/1189 1196/1333/1196
f 1196/1333/1196 1197/1334/1197 1190/1327/1190
f 1191/1328/1191 1190/1327/1190 1197/1334/1197
f 1197/1334/1197 1198/1335/1198 1191/1328/1191
f 1192/1329/1192 1191/1328/1191 1198/1335/1198
f 1198/1335/1198 1199/1336/1199 1192/1329/1192
f 1193/1330/1193 1192/1329/1192 1199/1336/1199
f 1199/1336/1199 1200/1337/1200 1193/1330/1193
f 1194/1331/1194 1193/1330/1193 1200/1337/1200
f 1200/1337/1200 1201/1338/1201 1194/1331/1194
f 1195/1332/1195 1194/1331/1194 1201/1338/1201
f 1201/1338/1201 1202/1339/1202 1195/1332/1195
f 1197/1334/1197 1196/1333/1196 1203/1340/1203
f 1203/1340/1203 1204/1341/1204 1197/1334/1197
f 1198/1335/1198 1197/1334/1197 1204/1341/1204
f 1204/1341/1204 1205/1342/1205 1198/1335/1198
f 1199/1336/1199 1198/1335/1198 1205/1342/1205
f 1205/1342/1205 1206/1343/1206 1199/1336/1199
f 1200/1337/1200 1199/1336/1199 1206/1343/1206
f 1206/1343/1206 1207/1344/1207 1200/1337/1200
f 1201/1338/1201 1200/1337/1200 1207/1344/1207
f 1207/1344/1207 1208/1345/1208 1201/1338/1201
f 1202/1339/1202 1201/1338/1201 1208/1345/1208
f 1208/1345/1208 1209/1346/1209 1202/1339/1202
f 1204/1341/1204 1203/1340/1203 1210/1347/1210
f 1205/1342/1205 1204/1341/1204 1210/1347/1210
f 1206/1343/1206 1205/1342/1205 1210/1347/1210
f 1207/1344/1207 1206/1343/1206 1210/1347/1210
f 1208/1345/1208 1207/1344/1207 1210/1347/1210
f 1209/1346/1209 1208/1345/1208 1210/1347/1210
f 1103/1348/1103 1073/1311/1073 1181/1318/1181
f 1181/1318/1181 1211/1354/1211 1103/1348/1103
f 1104/1349/1104 1103/1348/1103 1211/1354/1211
f 1211/1354/1211 1212/1355/1212 1104/1349/1104
f 1105/1350/1105 1104/1349/1104 1212/1355/1212
f 1212/1355/1212 1213/1356/1213 1105/1350/1105
f 1106/1351/1106 1105/1350/1105 1213/1356/1213
f 1213/1356/1213 1214/1357/1214 1106/1351/1106
f 1107/1352/1107 1106/1351/1106 1214/1357/1214
f 1214/1357/1214 1215/1358/1215 1107/1352/1107
f 1108/1353/1108 1107/1352/1107 1215/1358/1215
f 1215/1358/1215 1216/1359/1216 1108/1353/1108
f 1211/1354/1211 1181/1318/1181 1188/1325/1188
f 1188/1325/1188 1217/1360/1217 1211/1354/1211
f 1212/1355/1212 1211/1354/1211 1217/1360/1217
f 1217/1360/1217 1218/1361/1218 1212/1355/1212
f 1213/1356/1213 1212/1355/1212 1218/1361/1218
f 1218/1361/1218 1219/1362/1219 1213/1356/1213
f 1214/1357/1214 1213/1356/1213 1219/1362/1219
f 1219/1362/1219 1220/1363/1220 1214/1357/1214
f 1215/1358/1215 1214/1357/1214 1220/1363/1220
f 1220/1363/1220 1221/1364/1221 1215/1358/1215
f 1216/1359/1216 1215/1358/1215 1221/1364/1221
f 1221/1364/1221 1222/1365/1222 1216/1359/1216
f 1217/1360/1217 1188/1325/1188 1195/1332/1195
f 1195/1332/1195 1223/1366/1223 1217/1360/1217
f 1218/1361/1218 1217/1360/1217 1223/1366/1223
f 1223/1366/1223 1224/1367/1224 1218/1361/1218
f 1219/1362/1219 1218/1361/1218 1224/1367/1224
f 1224/1367/1224 1225/1368/1225 1219/1362/1219
f 1220/1363/1220 1219/1362/1219 1225/1368/1225
f 1225/1368/1225 1226/1369/1226 1220/1363/1220
f 1221/1364/1221 1220/1363/1220 1226/1369/1226
f 1226/1369/1226 1227/1370/1227 1221/1364/1221
f 1222/1365/1222 1221/1364/1221 1227/1370/1227
f 1227/1370/1227 1228/1371/1228 1222/1365/1222
f 1223/1366/1223 1195/1332/1195 1202/1339/1202
f 1202/1339/1202 1229/1372/1229 1223/1366/1223
f 1224/1367/1224 1223/1366/1223 1229/1372/1229
f 1229/1372/1229 1230/1373/1230 1224/1367/1224
f 1225/1368/1225 1224/1367/1224 1230/1373/1230
f 1230/1373/1230 1231/1374/1231 1225/1368/1225
f 1226/1369/1226 1225/1368/1225 1231/1374/1231
f 1231/1374/1231 1232/1375/1232 1226/1369/1226
f 1227/1370/1227 1226/1369/1226 1232/1375/1232
f 1232/1375/1232 1233/1376/1233 1227/1370/1227
f 1228/1371/1228 1227/1370/1227 1233/1376/1233
f 1233/1376/1233 1234/1377/1234 1228/1371/1228
f 1229/1372/1229 1202/1339/1202 1209/1346/1209
f 1209/1346/1209 1235/1378/1235 1229/1372/1229
f 1230/1373/1230 1229/1372/1229 1235/1378/1235
f 1235/1378/1235 1236/1379/1236 1230/1373/1230
f 1231/1374/1231 1230/1373/1230 1236/1379/1236
f 1236/1379/1236 1237/1380/1237 1231/1374/1231
f 1232/1375/1232 1231/1374/1231 1237/1380/1237
f 1237/1380/1237 1238/1381/1238 1232/1375/1232
f 1233/1376/1233 1232/1375/1232 1238/1381/1238
f 1238/1381/1238 1239/1382/1239 1233/1376/1233
f 1234/1377/1234 1233/1376/1233 1239/1382/1239
f 1239/1382/1239 1240/1383/1240 1234/1377/1234
f 1235/1378/1235 1209/1346/1209 1210/1347/1210
f 1236/1379/1236 1235/1378/1235 1210/1347/1210
f 1237/1380/1237 1236/1379/1236 1210/1347/1210
f 1238/1381/1238 1237/1380/1237 1210/1347/1210
f 1239/1382/1239 1238/1381/1238 1210/1347/1210
f 1240/1383/1240 1239/1382/1239 1210/1347/1210
f 1241/1390/1241 1139/1384/1139 1140/1385/1140
f 1140/1385/1140 1242/1391/1242 1241/1390/1241
f 1242/1391/1242 1140/1385/1140 1141/1386/1141
f 1141/1386/1141 1243/1392/1243 1242/1391/1242
f 1243/1392/1243 1141/1386/1141 1142/1387/1142
f 1142/1387/1142 1244/1393/1244 1243/1392/1243
f 1244/1393/1244 1142/1387/1142 1143/1388/1143
f 1143/1388/1143 1245/1394/1245 1244/1393/1244
f 1245/1394/1245 1143/1388/1143 1144/1389/1144
f 1144/1389/1144 1246/1395/1246 1245/1394/1245
f 1246/1395/1246 1144/1389/1144 1108/1353/1108
f 1108/1353/1108 1216/1359/1216 1246/1395/1246
f 1247/1396/1247 1241/1390/1241 1242/1391/1242
f 1242/1391/1242 1248/1397/1248 1247/1396/1247
f 1248/1397/1248 1242/1391/1242 1243/1392/1243
f 1243/1392/1243 1249/1398/1249 1248/1397/1248
f 1249/1398/1249 1243/1392/1243 1244/1393/1244
f 1244/1393/1244 1250/1399/1250 1249/1398/1249
f 1250/1399/1250 1244/1393/1244 1245/1394/1245
f 1245/1394/1245 1251/1400/1251 1250/1399/1250
f 1251/1400/1251 1245/1394/1245 1246/1395/1246
f 1246/1395/1246 1252/1401/1252 1251/1400/1251
f 1252/1401/1252 1246/1395/1246 1216/1359/1216
f 1216/1359/1216 1222/1365/1222 1252/1401/1252
f 1253/1402/1253 1247/1396/1247 1248/1397/1248
f 1248/1397/1248 1254/1403/1254 1253/1402/1253
f 1254/1403/1254 1248/1397/1248 1249/1398/1249
f 1249/1398/1249 1255/1404/1255 1254/1403/1254
f 1255/1404/1255 1249/1398/1249 1250/1399/1250
f 1250/1399/1250 1256/1405/1256 1255/1404/1255
f 1256/1405/1256 1250/1399/1250 1251/1400/1251
f 1251/1400/1251 1257/1406/1257 1256/1405/1256
f 1257/1406/1257 1251/1400/1251 1252/1401/1252
f 1252/1401/1252 1258/1407/1258 1257/1406/1257
f 1258/1407/1258 1252/1401/1252 1222/1365/1222
f 1222/1365/1222 1228/1371/1228 1258/1407/1258
f 1259/1408/1259 1253/1402/1253 1254/1403/1254
f 1254/1403/1254 1260/1409/1260 1259/1408/1259
f 1260/1409/1260 1254/1403/1254 1255/1404/1255
f 1255/1404/1255 1261/1410/1261 1260/1409/1260
f 1261/1410/1261 1255/1404/1255 1256/1405/1256
f 1256/1405/1256 1262/1411/1262 1261/1410/1261
f 1262/1411/1262 1256/1405/1256 1257/1406/1257
f 1257/1406/1257 1263/1412/1263 1262/1411/1262
f 1263/1412/1263 1257/1406/1257 1258/1407/1258
f 1258/1407/1258 1264/1413/1264 1263/1412/1263
f 1264/1413/1264 1258/1407/1258 1228/1371/1228
f 1228/1371/1228 1234/1377/1234 1264/1413/1264
f 1265/1414/1265 1259/1408/1259 1260/1409/1260
f 1260/1409/1260 1266/1415/1266 1265/1414/1265
f 1266/1415/1266 1260/1409/1260 1261/1410/1261
f 1261/1410/1261 1267/1416/1267 1266/1415/1266
f 1267/1416/1267 1261/1410/1261 1262/1411/1262
f 1262/1411/1262 1268/1417/1268 1267/1416/1267
f 1268/1417/1268 1262/1411/1262 1263/1412/1263
f 1263/1412/1263 1269/1418/1269 1268/1417/1268
f 1269/1418/1269 1263/1412/1263 1264/1413/1264
f 1264/1413/1264 1270/1419/1270 1269/1418/1269
f 1270/1419/1270 1264/1413/1264 1234/1377/1234
f 1234/1377/1234 1240/1383/1240 1270/1419/1270
f 1265/1414/1265 1266/1415/1266 1210/1347/1210
f 1266/1415/1266 1267/1416/1267 1210/1347/1210
f 1267/1416/1267 1268/1417/1268 1210/1347/1210
f 1268/1417/1268 1269/1418/1269 1210/1347/1210
f 1269/1418/1269 1270/1419/1270 1210/1347/1210
f 1270/1419/1270 1240/1383/1240 1210/1347/1210
f 1175/1312/1175 1067/1305/1067 1170/1420/1170
f 1170/1420/1170 1271/1425/1271 1175/1312/1175
f 1271/1425/1271 1170/1420/1170 1171/1421/1171
f 1171/1421/1171 1272/1426/1272 1271/1425/1271
f 1272/1426/1272 1171/1421/1171 1172/1422/1172
f 1172/1422/1172 1273/1427/1273 1272/1426/1272
f 1273/1427/1273 1172/1422/1172 1173/1423/1173
f 1173/1423/1173 1274/1428/1274 1273/1427/1273
f 1274/1428/1274 1173/1423/1173 1174/1424/1174
f 1174/1424/1174 1275/1429/1275 1274/1428/1274
f 1275/1429/1275 1174/1424/1174 1139/1384/1139
f 1139/1384/1139 1241/1390/1241 1275/1429/1275
f 1182/1319/1182 1175/1312/1175 1271/1425/1271
f 1271/1425/1271 1276/1430/1276 1182/1319/1182
f 1276/1430/1276 1271/1425/1271 1272/1426/1272
f 1272/1426/1272 1277/1431/1277 1276/1430/1276
f 1277/1431/1277 1272/1426/1272 1273/1427/1273
f 1273/1427/1273 1278/1432/1278 1277/1431/1277
f 1278/1432/1278 1273/1427/1273 1274/1428/1274
f 1274/1428/1274 1279/1433/1279 1278/1432/1278
f 1279/1433/1279 1274/1428/1274 1275/1429/1275
f 1275/1429/1275 1280/1434/1280 1279/1433/1279
f 1280/1434/1280 1275/1429/1275 1241/1390/1241
f 1241/1390/1241 1247/1396/1247 1280/1434/1280
f 1189/1326/1189 1182/1319/1182 1276/1430/1276
f 1276/1430/1276 1281/1435/1281 1189/1326/1189
f 1281/1435/1281 1276/1430/1276 1277/1431/1277
f 1277/1431/1277 1282/1436/1282 1281/1435/1281
f 1282/1436/1282 1277/1431/1277 1278/1432/1278
f 1278/1432/1278 1283/1437/1283 1282/1436/1282
f 1283/1437/1283 1278/1432/1278 1279/1433/1279
f 1279/1433/1279 1284/1438/1284 1283/1437/1283
f 1284/1438/1284 1279/1433/1279 1280/1434/1280
f 1280/1434/1280 1285/1439/1285 1284/1438/1284
f 1285/1439/1285 1280/1434/1280 1247/1396/1247
f 1247/1396/1247 1253/1402/1253 1285/1439/1285
f 1196/1333/1196 1189/1326/1189 1281/1435/1281
f 1281/1435/1281 1286/1440/1286 1196/1333/1196
f 1286/1440/1286 1281/1435/1281 1282/1436/1282
f 1282/1436/1282 1287/1441/1287 1286/1440/1286
f 1287/1441/1287 1282/1436/1282 1283/1437/1283
f 1283/1437/1283 1288/1442/1288 1287/1441/1287
f 1288/1442/1288 1283/1437/1283 1284/1438/1284
f 1284/1438/1284 1289/1443/1289 1288/1442/1288
f 1289/1443/1289 1284/1438/1284 1285/1439/1285
f 1285/1439/1285 1290/1444/1290 1289/1443/1289
f 1290/1444/1290 1285/1439/1285 1253/1402/1253
f 1253/1402/1253 1259/1408/1259 1290/1444/1290
f 1203/1340/1203 1196/1333/1196 1286/1440/1286
f 1286/1440/1286 1291/1445/1291 1203/1340/1203
f 1291/1445/1291 1286/1440/1286 1287/1441/1287
f 1287/1441/1287 1292/1446/1292 1291/1445/1291
f 1292/1446/1292 1287/1441/1287 1288/1442/1288
f 1288/1442/1288 1293/1447/1293 1292/1446/1292
f 1293/1447/1293 1288/1442/1288 1289/1443/1289
f 1289/1443/1289 1294/1448/1294 1293/1447/1293
f 1294/1448/1294 1289/1443/1289 1290/1444/1290
f 1290/1444/1290 1295/1449/1295 1294/1448/1294
f 1295/1449/1295 1290/1444/1290 1259/1408/1259
f 1259/1408/1259 1265/1414/1265 1295/1449/1295
f 1203/1340/1203 1291/1445/1291 1210/1347/1210
f 1291/1445/1291 1292/1446/1292 1210/1347/1210
f 1292/1446/1292 1293/1447/1293 1210/1347/1210
f 1293/1447/1293 1294/1448/1294 1210/1347/1210
f 1294/1448/1294 1295/1449/1295 1210/1347/1210
f 1295/1449/1295 1265/1414/1265 1210/1347/1210
f 1297/1451/1297 1296/1450/1296 1303/1457/1303
f 1303/1457/1303 1304/1458/1304 1297/1451/1297
f 1298/1452/1298 1297/1451/1297 1304/1458/1304
f 1304/1458/1304 1305/1459/1305 1298/1452/1298
f 1299/1453/1299 1298/1452/1298 1305/1459/1305
f 1305/1459/1305 1306/1460/1306 1299/1453/1299
f 1300/1454/1300 1299/1453/1299 1306/1460/1306
f 1306/1460/1306 1307/1461/1307 1300/1454/1300
f 1301/1455/1301 1300/1454/1300 1307/1461/1307
f 1307/1461/1307 1308/1462/1308 1301/1455/1301
f 1302/1456/1302 1301/1455/1301 1308/1462/1308
f 1308/1462/1308 1309/1463/1309 1302/1456/1302
f 1304/1458/1304 1303/1457/1303 1310/1464/1310
f 1310/1464/1310 1311/1465/1311 1304/1458/1304
f 1305/1459/1305 1304/1458/1304 1311/1465/1311
f 1311/1465/1311 1312/1466/1312 1305/1459/1305
f 1306/1460/1306 1305/1459/1305 1312/1466/1312
f 1312/1466/1312 1313/1467/1313 1306/1460/1306
f 1307/1461/1307 1306/1460/1306 1313/1467/1313
f 1313/1467/1313 1314/1468/1314 1307/1461/1307
f 1308/1462/1308 1307/1461/1307 1314/1468/1314
f 1314/1468/1314 1315/1469/1315 1308/1462/1308
f 1309/1463/1309 1308/1462/1308 1315/1469/1315
f 1315/1469/1315 1316/1470/1316 1309/1463/1309
f 1311/1465/1311 1310/1464/1310 1317/1471/1317
f 1317/1471/1317 1318/1472/1318 1311/1465/1311
f 1312/1466/1312 1311/1465/1311 1318/1472/1318
f 1318/1472/1318 1319/1473/1319 1312/1466/1312
f 1313/1467/1313 1312/1466/1312 1319/1473/1319
f 1319/1473/1319 1320/1474/1320 1313/1467/1313
f 1314/1468/1314 1313/1467/1313 1320/1474/1320
f 1320/1474/1320 1321/1475/1321 1314/1468/1314
f 1315/1469/1315 1314/1468/1314 1321/1475/1321
f 1321/1475/1321 1322/1476/1322 1315/1469/1315
f 1316/1470/1316 1315/1469/1315 1322/1476/1322
f 1322/1476/1322 1323/1477/1323 1316/1470/1316
f 1318/1472/1318 1317/1471/1317 1324/1478/1324
f 1324/1478/1324 1325/1479/1325 1318/1472/1318
f 1319/1473/1319 1318/1472/1318 1325/1479/1325
f 1325/1479/1325 1326/1480/1326 1319/1473/1319
f 1320/1474/1320 1319/1473/1319 1326/1480/1326
f 1326/1480/1326 1327/1481/1327 1320/1474/1320
f 1321/1475/1321 1320/1474/1320 1327/1481/1327
f 1327/1481/1327 1328/1482/1328 1321/1475/1321
f 1322/1476/1322 1321/1475/1321 1328/1482/1328
f 1328/1482/1328 1329/1483/1329 1322/1476/1322
f 1323/1477/1323 1322/1476/1322 1329/1483/1329
f 1329/1483/1329 1330/1484/1330 1323/1477/1323
f 1325/1479/1325 1324/1478/1324 223/240/223
f 223/240/223 224/241/224 1325/1479/1325
f 1326/1480/1326 1325/1479/1325 224/241/224
f 224/241/224 225/242/225 1326/1480/1326
f 1327/1481/1327 1326/1480/1326 225/242/225
f 225/242/225 226/243/226 1327/1481/1327
f 1328/1482/1328 1327/1481/1327 226/243/226
f 226/243/226 227/244/227 1328/1482/1328
f 1329/1483/1329 1328/1482/1328 227/244/227
f 227/244/227 228/245/228 1329/1483/1329
f 1330/1484/1330 1329/1483/1329 228/245/228
f 228/245/228 229/246/229 1330/1484/1330
f 1333/1486/1333 1297/1451/1297 1334/1487/1334
f 1333/1486/1333 1296/1450/1296 1297/1451/1297
f 1335/1488/1335 1334/1487/1334 1297/1451/1297
f 1335/1488/1335 1297/1451/1297 1298/1452/1298
f 1336/1489/1336 1335/1488/1335 1298/1452/1298
f 1337/1490/1337 1336/1489/1336 1298/1452/1298
f 1337/1490/1337 1298/1452/1298 1299/1453/1299
f 1337/1490/1337 1299/1453/1299 1338/1491/1338
f 1338/1491/1338 1300/1454/1300 1339/1492/1339
f 1338/1491/1338 1299/1453/1299 1300/1454/1300
f 1340/1493/1340 1339/1492/1339 1300/1454/1300
f 1340/1493/1340 1300/1454/1300 1301/1455/1301
f 1341/1494/1341 1340/1493/1340 1301/1455/1301
f 1342/1495/1342 1341/1494/1341 1301/1455/1301
f 1342/1495/1342 1301/1455/1301 1302/1456/1302
f 1333/1486/1333 1334/1487/1334 1345/1498/1345
f 1345/1498/1345 1343/1496/1343 1333/1486/1333
f 1343/1496/1343 1345/1498/1345 1346/1499/1346
f 1346/1499/1346 1344/1497/1344 1343/1496/1343
f 1334/1487/1334 1335/1488/1335 1347/1500/1347
f 1347/1500/1347 1345/1498/1345 1334/1487/1334
f 1345/1498/1345 1347/1500/1347 1348/1501/1348
f 1348/1501/1348 1346/1499/1346 1345/1498/1345
f 1335/1488/1335 1336/1489/1336 1349/1502/1349
f 1349/1502/1349 1347/1500/1347 1335/1488/1335
f 1347/1500/1347 1349/1502/1349 1350/1503/1350
f 1350/1503/1350 1348/1501/1348 1347/1500/1347
f 1336/1489/1336 1337/1490/1337 1351/1504/1351
f 1351/1504/1351 1349/1502/1349 1336/1489/1336
f 1349/1502/1349 1351/1504/1351 1352/1505/1352
f 1352/1505/1352 1350/1503/1350 1349/1502/1349
f 1337/1490/1337 1338/1491/1338 1353/1506/1353
f 1353/1506/1353 1351/1504/1351 1337/1490/1337
f 1351/1504/1351 1353/1506/1353 1354/1507/1354
f 1354/1507/1354 1352/1505/1352 1351/1504/1351
f 1338/1491/1338 1339/1492/1339 1355/1508/1355
f 1355/1508/1355 1353/1506/1353 1338/1491/1338
f 1353/1506/1353 1355/1508/1355 1356/1509/1356
f 1356/1509/1356 1354/1507/1354 1353/1506/1353
f 1339/1492/1339 1340/1493/1340 1357/1510/1357
f 1357/1510/1357 1355/1508/1355 1339/1492/1339
f 1355/1508/1355 1357/1510/1357 1358/1511/1358
f 1358/1511/1358 1356/1509/1356 1355/1508/1355
f 1340/1493/1340 1341/1494/1341 1359/1512/1359
f 1359/1512/1359 1357/1510/1357 1340/1493/1340
f 1357/1510/1357 1359/1512/1359 1360/1513/1360
f 1360/1513/1360 1358/1511/1358 1357/1510/1357
f 1341/1494/1341 1342/1495/1342 1361/1514/1361
f 1361/1514/1361 1359/1512/1359 1341/1494/1341
f 1359/1512/1359 1361/1514/1361 1362/1515/1362
f 1362/1515/1362 1360/1513/1360 1359/1512/1359
f 1303/1522/1303 1296/1516/1296 1363/1517/1363
f 1363/1517/1363 1368/1523/1368 1303/1522/1303
f 1368/1523/1368 1363/1517/1363 1364/1518/1364
f 1364/1518/1364 1369/1524/1369 1368/1523/1368
f 1369/1524/1369 1364/1518/1364 1365/1519/1365
f 1365/1519/1365 1370/1525/1370 1369/1524/1369
f 1370/1525/1370 1365/1519/1365 1366/1520/1366
f 1366/1520/1366 1371/1526/1371 1370/1525/1370
f 1371/1526/1371 1366/1520/1366 1367/1521/1367
f 1367/1521/1367 1372/1527/1372 1371/1526/1371
f 1372/1527/1372 1367/1521/1367 1302/1456/1302
f 1302/1456/1302 1309/1463/1309 1372/1527/1372
f 1310/1528/1310 1303/1522/1303 1368/1523/1368
f 1368/1523/1368 1373/1529/1373 1310/1528/1310
f 1373/1529/1373 1368/1523/1368 1369/1524/1369
f 1369/1524/1369 1374/1530/1374 1373/1529/1373
f 1374/1530/1374 1369/1524/1369 1370/1525/1370
f 1370/1525/1370 1375/1531/1375 1374/1530/1374
f 1375/1531/1375 1370/1525/1370 1371/1526/1371
f 1371/1526/1371 1376/1532/1376 1375/1531/1375
f 1376/1532/1376 1371/1526/1371 1372/1527/1372
f 1372/1527/1372 1377/1533/1377 1376/1532/1376
f 1377/1533/1377 1372/1527/1372 1309/1463/1309
f 1309/1463/1309 1316/1470/1316 1377/1533/1377
f 1317/1534/1317 1310/1528/1310 1373/1529/1373
f 1373/1529/1373 1378/1535/1378 1317/1534/1317
f 1378/1535/1378 1373/1529/1373 1374/1530/1374
f 1374/1530/1374 1379/1536/1379 1378/1535/1378
f 1379/1536/1379 1374/1530/1374 1375/1531/1375
f 1375/1531/1375 1380/1537/1380 1379/1536/1379
f 1380/1537/1380 1375/1531/1375 1376/1532/1376
f 1376/1532/1376 1381/1538/1381 1380/1537/1380
f 1381/1538/1381 1376/1532/1376 1377/1533/1377
f 1377/1533/1377 1382/1539/1382 1381/1538/1381
f 1382/1539/1382 1377/1533/1377 1316/1470/1316
f 1316/1470/1316 1323/1477/1323 1382/1539/1382
f 1324/1540/1324 1317/1534/1317 1378/1535/1378
f 1378/1535/1378 1383/1541/1383 1324/1540/1324
f 1383/1541/1383 1378/1535/1378 1379/1536/1379
f 1379/1536/1379 1384/1542/1384 1383/1541/1383
f 1384/1542/1384 1379/1536/1379 1380/1537/1380
f 1380/1537/1380 1385/1543/1385 1384/1542/1384
f 1385/1543/1385 1380/1537/1380 1381/1538/1381
f 1381/1538/1381 1386/1544/1386 1385/1543/1385
f 1386/1544/1386 1381/1538/1381 1382/1539/1382
f 1382/1539/1382 1387/1545/1387 1386/1544/1386
f 1387/1545/1387 1382/1539/1382 1323/1477/1323
f 1323/1477/1323 1330/1484/1330 1387/1545/1387
f 1331/1546/1331 1324/1540/1324 1383/1541/1383
f 1383/1541/1383 1388/1547/1388 1331/1546/1331
f 1388/1547/1388 1383/1541/1383 1384/1542/1384
f 1384/1542/1384 1389/1548/1389 1388/1547/1388
f 1389/1548/1389 1384/1542/1384 1385/1543/1385
f 1385/1543/1385 1390/1549/1390 1389/1548/1389
f 1390/1549/1390 1385/1543/1385 1386/1544/1386
f 1386/1544/1386 1391/1550/1391 1390/1549/1390
f 1391/1550/1391 1386/1544/1386 1387/1545/1387
f 1387/1545/1387 1392/1551/1392 1391/1550/1391
f 1392/1551/1392 1387/1545/1387 1330/1484/1330
f 1330/1484/1330 1332/1485/1332 1392/1551/1392
f 1363/1517/1363 1333/1552/1333 1393/1553/1393
f 1296/1516/1296 1333/1552/1333 1363/1517/1363
f 1393/1553/1393 1394/1554/1394 1363/1517/1363
f 1363/1517/1363 1394/1554/1394 1364/1518/1364
f 1394/1554/1394 1395/1555/1395 1364/1518/1364
f 1395/1555/1395 1396/1556/1396 1364/1518/1364
f 1364/1518/1364 1396/1556/1396 1365/1519/1365
f 1365/1519/1365 1396/1556/1396 1397/1557/1397
f 1366/1520/1366 1397/1557/1397 1398/1558/1398
f 1365/1519/1365 1397/1557/1397 1366/1520/1366
f 1398/1558/1398 1399/1559/1399 1366/1520/1366
f 1366/1520/1366 1399/1559/1399 1367/1521/1367
f 1399/1559/1399 1400/1560/1400 1367/1521/1367
f 1400/1560/1400 1342/1495/1342 1367/1521/1367
f 1367/1521/1367 1342/1495/1342 1302/1456/1302
f 1401/1563/1401 1393/1553/1393 1333/1552/1333
f 1333/1552/1333 1343/1561/1343 1401/1563/1401
f 1402/1564/1402 1401/1563/1401 1343/1561/1343
f 1343/1561/1343 1344/1562/1344 1402/1564/1402
f 1403/1565/1403 1394/1554/1394 1393/1553/1393
f 1393/1553/1393 1401/1563/1401 1403/1565/1403
f 1404/1566/1404 1403/1565/1403 1401/1563/1401
f 1401/1563/1401 1402/1564/1402 1404/1566/1404
f 1405/1567/1405 1395/1555/1395 1394/1554/1394
f 1394/1554/1394 1403/1565/1403 1405/1567/1405
f 1406/1568/1406 1405/1567/1405 1403/1565/1403
f 1403/1565/1403 1404/1566/1404 1406/1568/1406
f 1407/1569/1407 1396/1556/1396 1395/1555/1395
f 1395/1555/1395 1405/1567/1405 1407/1569/1407
f 1408/1570/1408 1407/1569/1407 1405/1567/1405
f 1405/1567/1405 1406/1568/1406 1408/1570/1408
f 1409/1571/1409 1397/1557/1397 1396/1556/1396
f 1396/1556/1396 1407/1569/1407 1409/1571/1409
f 1410/1572/1410 1409/1571/1409 1407/1569/1407
f 1407/1569/1407 1408/1570/1408 1410/1572/1410
f 1411/1573/1411 1398/1558/1398 1397/1557/1397
f 1397/1557/1397 1409/1571/1409 1411/1573/1411
f 1412/1574/1412 1411/1573/1411 1409/1571/1409
f 1409/1571/1409 1410/1572/1410 1412/1574/1412
f 1413/1575/1413 1399/1559/1399 1398/1558/1398
f 1398/1558/1398 1411/1573/1411 1413/1575/1413
f 1414/1576/1414 1413/1575/1413 1411/1573/1411
f 1411/1573/1411 1412/1574/1412 1414/1576/1414
f 1415/1577/1415 1400/1560/1400 1399/1559/1399
f 1399/1559/1399 1413/1575/1413 1415/1577/1415
f 1416/1578/1416 1415/1577/1415 1413/1575/1413
f 1413/1575/1413 1414/1576/1414 1416/1578/1416
f 1361/1514/1361 1342/1495/1342 1400/1560/1400
f 1400/1560/1400 1415/1577/1415 1361/1514/1361
f 1362/1515/1362 1361/1514/1361 1415/1577/1415
f 1415/1577/1415 1416/1578/1416 1362/1515/1362
f 1417/1579/1417 1418/1580/1418 1419/1581/1419
f 1417/1579/1417 1419/1581/1419 1420/1582/1420
f 1417/1579/1417 1420/1582/1420 1421/1583/1421
f 1417/1579/1417 1421/1583/1421 1422/1584/1422
f 1417/1579/1417 1422/1584/1422 1423/1585/1423
f 1417/1579/1417 1423/1585/1423 1424/1586/1424
f 1419/1581/1419 1418/1580/1418 1425/1587/1425
f 1425/1587/1425 1426/1588/1426 1419/1581/1419
f 1420/1582/1420 1419/1581/1419 1426/1588/1426
f 1426/1588/1426 1427/1589/1427 1420/1582/1420
f 1421/1583/1421 1420/1582/1420 1427/1589/1427
f 1427/1589/1427 1428/1590/1428 1421/1583/1421
f 1422/1584/1422 1421/1583/1421 1428/1590/1428
f 1428/1590/1428 1429/1591/1429 1422/1584/1422
f 1423/1585/1423 1422/1584/1422 1429/1591/1429
f 1429/1591/1429 1430/1592/1430 1423/1585/1423
f 1424/1586/1424 1423/1585/1423 1430/1592/1430
f 1430/1592/1430 1431/1593/1431 1424/1586/1424
f 1426/1588/1426 1425/1587/1425 1432/1594/1432
f 1432/1594/1432 1433/1595/1433 1426/1588/1426
f 1427/1589/1427 1426/1588/1426 1433/1595/1433
f 1433/1595/1433 1434/1596/1434 1427/1589/1427
f 1428/1590/1428 1427/1589/1427 1434/1596/1434
f 1434/1596/1434 1435/1597/1435 1428/1590/1428
f 1429/1591/1429 1428/1590/1428 1435/1597/1435
f 1435/1597/1435 1436/1598/1436 1429/1591/1429
f 1430/1592/1430 1429/1591/1429 1436/1598/1436
f 1436/1598/1436 1437/1599/1437 1430/1592/1430
f 1431/1593/1431 1430/1592/1430 1437/1599/1437
f 1437/1599/1437 1438/1600/1438 1431/1593/1431
f 1433/1595/1433 1432/1594/1432 1439/1601/1439
f 1439/1601/1439 1440/1602/1440 1433/1595/1433
f 1434/1596/1434 1433/1595/1433 1440/1602/1440
f 1440/1602/1440 1441/1603/1441 1434/1596/1434
f 1435/1597/1435 1434/1596/1434 1441/1603/1441
f 1441/1603/1441 1442/1604/1442 1435/1597/1435
f 1436/1598/1436 1435/1597/1435 1442/1604/1442
f 1442/1604/1442 1443/1605/1443 1436/1598/1436
f 1437/1599/1437 1436/1598/1436 1443/1605/1443
f 1443/1605/1443 1444/1606/1444 1437/1599/1437
f 1438/1600/1438 1437/1599/1437 1444/1606/1444
f 1444/1606/1444 1445/1607/1445 1438/1600/1438
f 1440/1602/1440 1439/1601/1439 1446/1608/1446
f 1446/1608/1446 1447/1609/1447 1440/1602/1440
f 1441/1603/1441 1440/1602/1440 1447/1609/1447
f 1447/1609/1447 1448/1610/1448 1441/1603/1441
f 1442/1604/1442 1441/1603/1441 1448/1610/1448
f 1448/1610/1448 1449/1611/1449 1442/1604/1442
f 1443/1605/1443 1442/1604/1442 1449/1611/1449
f 1449/1611/1449 1450/1612/1450 1443/1605/1443
f 1444/1606/1444 1443/1605/1443 1450/1612/1450
f 1450/1612/1450 1451/1613/1451 1444/1606/1444
f 1445/1607/1445 1444/1606/1444 1451/1613/1451
f 1451/1613/1451 1452/1614/1452 1445/1607/1445
f 1447/1609/1447 1446/1608/1446 1453/1615/1453
f 1453/1615/1453 1454/1616/1454 1447/1609/1447
f 1448/1610/1448 1447/1609/1447 1454/1616/1454
f 1454/1616/1454 1455/1617/1455 1448/1610/1448
f 1449/1611/1449 1448/1610/1448 1455/1617/1455
f 1455/1617/1455 1456/1618/1456 1449/1611/1449
f 1450/1612/1450 1449/1611/1449 1456/1618/1456
f 1456/1618/1456 1457/1619/1457 1450/1612/1450
f 1451/1613/1451 1450/1612/1450 1457/1619/1457
f 1457/1619/1457 1458/1620/1458 1451/1613/1451
f 1452/1614/1452 1451/1613/1451 1458/1620/1458
f 1458/1620/1458 1459/1621/1459 1452/1614/1452
f 1417/1579/1417 1424/1586/1424 1460/1622/1460
f 1417/1579/1417 1460/1622/1460 1461/1623/1461
f 1417/1579/1417 1461/1623/1461 1462/1624/1462
f 1417/1579/1417 1462/1624/1462 1463/1625/1463
f 1417/1579/1417 1463/1625/1463 1464/1626/1464
f 1417/1579/1417 1464/1626/1464 1465/1627/1465
f 1460/1622/1460 1424/1586/1424 1431/1593/1431
f 1431/1593/1431 1466/1628/1466 1460/1622/1460
f 1461/1623/1461 1460/1622/1460 1466/1628/1466
f 1466/1628/1466 1467/1629/1467 1461/1623/1461
f 1462/1624/1462 1461/1623/1461 1467/1629/1467
f 1467/1629/1467 1468/1630/1468 1462/1624/1462
f 1463/1625/1463 1462/1624/1462 1468/1630/1468
f 1468/1630/1468 1469/1631/1469 1463/1625/1463
f 1464/1626/1464 1463/1625/1463 1469/1631/1469
f 1469/1631/1469 1470/1632/1470 1464/1626/1464
f 1465/1627/1465 1464/1626/1464 1470/1632/1470
f 1470/1632/1470 1471/1633/1471 1465/1627/1465
f 1466/1628/1466 1431/1593/1431 1438/1600/1438
f 1438/1600/1438 1472/1634/1472 1466/1628/1466
f 1467/1629/1467 1466/1628/1466 1472/1634/1472
f 1472/1634/1472 1473/1635/1473 1467/1629/1467
f 1468/1630/1468 1467/1629/1467 1473/1635/1473
f 1473/1635/1473 1474/1636/1474 1468/1630/1468
f 1469/1631/1469 1468/1630/1468 1474/1636/1474
f 1474/1636/1474 1475/1637/1475 1469/1631/1469
f 1470/1632/1470 1469/1631/1469 1475/1637/1475
f 1475/1637/1475 1476/1638/1476 1470/1632/1470
f 1471/1633/1471 1470/1632/1470 1476/1638/1476
f 1476/1638/1476 1477/1639/1477 1471/1633/1471
f 1472/1634/1472 1438/1600/1438 1445/1607/1445
f 1445/1607/1445 1478/1640/1478 1472/1634/1472
f 1473/1635/1473 1472/1634/1472 1478/1640/1478
f 1478/1640/1478 1479/1641/1479 1473/1635/1473
f 1474/1636/1474 1473/1635/1473 1479/1641/1479
f 1479/1641/1479 1480/1642/1480 1474/1636/1474
f 1475/1637/1475 1474/1636/1474 1480/1642/1480
f 1480/1642/1480 1481/1643/1481 1475/1637/1475
f 1476/1638/1476 1475/1637/1475 1481/1643/1481
f 1481/1643/1481 1482/1644/1482 1476/1638/1476
f 1477/1639/1477 1476/1638/1476 1482/1644/1482
f 1482/1644/1482 1483/1645/1483 1477/1639/1477
f 1478/1640/1478 1445/1607/1445 1452/1614/1452
f 1452/1614/1452 1484/1646/1484 1478/1640/1478
f 1479/1641/1479 1478/1640/1478 1484/1646/1484
f 1484/1646/1484 1485/1647/1485 1479/1641/1479
f 1480/1642/1480 1479/1641/1479 1485/1647/1485
f 1485/1647/1485 1486/1648/1486 1480/1642/1480
f 1481/1643/1481 1480/1642/1480 1486/1648/1486
f 1486/1648/1486 1487/1649/1487 1481/1643/1481
f 1482/1644/1482 1481/1643/1481 1487/1649/1487
f 1487/1649/1487 1488/1650/1488 1482/1644/1482
f 1483/1645/1483 1482/1644/1482 1488/1650/1488
f 1488/1650/1488 1489/1651/1489 1483/1645/1483
f 1484/1646/1484 1452/1614/1452 1459/1621/1459
f 1459/1621/1459 1490/1652/1490 1484/1646/1484
f 1485/1647/1485 1484/1646/1484 1490/1652/1490
f 1490/1652/1490 1491/1653/1491 1485/1647/1485
f 1486/1648/1486 1485/1647/1485 1491/1653/1491
f 1491/1653/1491 1492/1654/1492 1486/1648/1486
f 1487/1649/1487 1486/1648/1486 1492/1654/1492
f 1492/1654/1492 1493/1655/1493 1487/1649/1487
f 1488/1650/1488 1487/1649/1487 1493/1655/1493
f 1493/1655/1493 1494/1656/1494 1488/1650/1488
f 1489/1651/1489 1488/1650/1488 1494/1656/1494
f 1494/1656/1494 1495/1657/1495 1489/1651/1489
f 1496/1658/1496 1417/1579/1417 1497/1659/1497
f 1497/1659/1497 1417/1579/1417 1498/1660/1498
f 1498/1660/1498 1417/1579/1417 1499/1661/1499
f 1499/1661/1499 1417/1579/1417 1500/1662/1500
f 1500/1662/1500 1417/1579/1417 1501/1663/1501
f 1501/1663/1501 1417/1579/1417 1465/1627/1465
f 1502/1664/1502 1496/1658/1496 1497/1659/1497
f 1497/1659/1497 1503/1665/1503 1502/1664/1502
f 1503/1665/1503 1497/1659/1497 1498/1660/1498
f 1498/1660/1498 1504/1666/1504 1503/1665/1503
f 1504/1666/1504 1498/1660/1498 1499/1661/1499
f 1499/1661/1499 1505/1667/1505 1504/1666/1504
f 1505/1667/1505 1499/1661/1499 1500/1662/1500
f 1500/1662/1500 1506/1668/1506 1505/1667/1505
f 1506/1668/1506 1500/1662/1500 1501/1663/1501
f 1501/1663/1501 1507/1669/1507 1506/1668/1506
f 1507/1669/1507 1501/1663/1501 1465/1627/1465
f 1465/1627/1465 1471/1633/1471 1507/1669/1507
f 1508/1670/1508 1502/1664/1502 1503/1665/1503
f 1503/1665/1503 1509/1671/1509 1508/1670/1508
f 1509/1671/1509 1503/1665/1503 1504/1666/1504
f 1504/1666/1504 1510/1672/1510 1509/1671/1509
f 1510/1672/1510 1504/1666/1504 1505/1667/1505
f 1505/1667/1505 1511/1673/1511 1510/1672/1510
f 1511/1673/1511 1505/1667/1505 1506/1668/1506
f 1506/1668/1506 1512/1674/1512 1511/1673/1511
f 1512/1674/1512 1506/1668/1506 1507/1669/1507
f 1507/1669/1507 1513/1675/1513 1512/1674/1512
f 1513/1675/1513 1507/1669/1507 1471/1633/1471
f 1471/1633/1471 1477/1639/1477 1513/1675/1513
f 1514/1676/1514 1508/1670/1508 1509/1671/1509
f 1509/1671/1509 1515/1677/1515 1514/1676/1514
f 1515/1677/1515 1509/1671/1509 1510/1672/1510
f 1510/1672/1510 1516/1678/1516 1515/1677/1515
f 1516/1678/1516 1510/1672/1510 1511/1673/1511
f 1511/1673/1511 1517/1679/1517 1516/1678/1516
f 1517/1679/1517 1511/1673/1511 1512/1674/1512
f 1512/1674/1512 1518/1680/1518 1517/1679/1517
f 1518/1680/1518 1512/1674/1512 1513/1675/1513
f 1513/1675/1513 1519/1681/1519 1518/1680/1518
f 1519/1681/1519 1513/1675/1513 1477/1639/1477
f 1477/1639/1477 1483/1645/1483 1519/1681/1519
f 1520/1682/1520 1514/1676/1514 1515/1677/1515
f 1515/1677/1515 1521/1683/1521 1520/1682/1520
f 1521/1683/1521 1515/1677/1515 1516/1678/1516
f 1516/1678/1516 1522/1684/1522 1521/1683/1521
f 1522/1684/1522 1516/1678/1516 1517/1679/1517
f 1517/1679/1517 1523/1685/1523 1522/1684/1522
f 1523/1685/1523 1517/1679/1517 1518/1680/1518
f 1518/1680/1518 1524/1686/1524 1523/1685/1523
f 1524/1686/1524 1518/1680/1518 1519/1681/1519
f 1519/1681/1519 1525/1687/1525 1524/1686/1524
f 1525/1687/1525 1519/1681/1519 1483/1645/1483
f 1483/1645/1483 1489/1651/1489 1525/1687/1525
f 1526/1688/1526 1520/1682/1520 1521/1683/1521
f 1521/1683/1521 1527/1689/1527 1526/1688/1526
f 1527/1689/1527 1521/1683/1521 1522/1684/1522
f 1522/1684/1522 1528/1690/1528 1527/1689/1527
f 1528/1690/1528 1522/1684/1522 1523/1685/1523
f 1523/1685/1523 1529/1691/1529 1528/1690/1528
f 1529/1691/1529 1523/1685/1523 1524/1686/1524
f 1524/1686/1524 1530/1692/1530 1529/1691/1529
f 1530/1692/1530 1524/1686/1524 1525/1687/1525
f 1525/1687/1525 1531/1693/1531 1530/1692/1530
f 1531/1693/1531 1525/1687/1525 1489/1651/1489
f 1489/1651/1489 1495/1657/1495 1531/1693/1531
f 1418/1580/1418 1417/1579/1417 1532/1694/1532
f 1532/1694/1532 1417/1579/1417 1533/1695/1533
f 1533/1695/1533 1417/1579/1417 1534/1696/1534
f 1534/1696/1534 1417/1579/1417 1535/1697/1535
f 1535/1697/1535 1417/1579/1417 1536/1698/1536
f 1536/1698/1536 1417/1579/1417 1496/1658/1496
f 1425/1587/1425 1418/1580/1418 1532/1694/1532
f 1532/1694/1532 1537/1699/1537 1425/1587/1425
f 1537/1699/1537 1532/1694/1532 1533/1695/1533
f 1533/1695/1533 1538/1700/1538 1537/1699/1537
f 1538/1700/1538 1533/1695/1533 1534/1696/1534
f 1534/1696/1534 1539/1701/1539 1538/1700/1538
f 1539/1701/1539 1534/1696/1534 1535/1697/1535
f 1535/1697/1535 1540/1702/1540 1539/1701/1539
f 1540/1702/1540 1535/1697/1535 1536/1698/1536
f 1536/1698/1536 1541/1703/1541 1540/1702/1540
f 1541/1703/1541 1536/1698/1536 1496/1658/1496
f 1496/1658/1496 1502/1664/1502 1541/1703/1541
f 1432/1594/1432 1425/1587/1425 1537/1699/1537
f 1537/1699/1537 1542/1704/1542 1432/1594/1432
f 1542/1704/1542 1537/1699/1537 1538/1700/1538
f 1538/1700/1538 1543/1705/1543 1542/1704/1542
f 1543/1705/1543 1538/1700/1538 1539/1701/1539
f 1539/1701/1539 1544/1706/1544 1543/1705/1543
f 1544/1706/1544 1539/1701/1539 1540/1702/1540
f 1540/1702/1540 1545/1707/1545 1544/1706/1544
f 1545/1707/1545 1540/1702/1540 1541/1703/1541
f 1541/1703/1541 1546/1708/1546 1545/1707/1545
f 1546/1708/1546 1541/1703/1541 1502/1664/1502
f 1502/1664/1502 1508/1670/1508 1546/1708/1546
f 1439/1601/1439 1432/1594/1432 1542/1704/1542
f 1542/1704/1542 1547/1709/1547 1439/1601/1439
f 1547/1709/1547 1542/1704/1542 1543/1705/1543
f 1543/1705/1543 1548/1710/1548 1547/1709/1547
f 1548/1710/1548 1543/1705/1543 1544/1706/1544
f 1544/1706/1544 1549/1711/1549 1548/1710/1548
f 1549/1711/1549 1544/1706/1544 1545/1707/1545
f 1545/1707/1545 1550/1712/1550 1549/1711/1549
f 1550/1712/1550 1545/1707/1545 1546/1708/1546
f 1546/1708/1546 1551/1713/1551 1550/1712/1550
f 1551/1713/1551 1546/1708/1546 1508/1670/1508
f 1508/1670/1508 1514/1676/1514 1551/1713/1551
f 1446/1608/1446 1439/1601/1439 1547/1709/1547
f 1547/1709/1547 1552/1714/1552 1446/1608/1446
f 1552/1714/1552 1547/1709/1547 1548/1710/1548
f 1548/1710/1548 1553/1715/1553 1552/1714/1552
f 1553/1715/1553 1548/1710/1548 1549/1711/1549
f 1549/1711/1549 1554/1716/1554 1553/1715/1553
f 1554/1716/1554 1549/1711/1549 1550/1712/1550
f 1550/1712/1550 1555/1717/1555 1554/1716/1554
f 1555/1717/1555 1550/1712/1550 1551/1713/1551
f 1551/1713/1551 1556/1718/1556 1555/1717/1555
f 1556/1718/1556 1551/1713/1551 1514/1676/1514
f 1514/1676/1514 1520/1682/1520 1556/1718/1556
f 1453/1615/1453 1446/1608/1446 1552/1714/1552
f 1552/1714/1552 1557/1719/1557 1453/1615/1453
f 1557/1719/1557 1552/1714/1552 1553/1715/1553
f 1553/1715/1553 1558/1720/1558 1557/1719/1557
f 1558/1720/1558 1553/1715/1553 1554/1716/1554
f 1554/1716/1554 1559/1721/1559 1558/1720/1558
f 1559/1721/1559 1554/1716/1554 1555/1717/1555
f 1555/1717/1555 1560/1722/1560 1559/1721/1559
f 1560/1722/1560 1555/1717/1555 1556/1718/1556
f 1556/1718/1556 1561/1723/1561 1560/1722/1560
f 1561/1723/1561 1556/1718/1556 1520/1682/1520
f 1520/1682/1520 1526/1688/1526 1561/1723/1561
f 1454/1725/1454 1453/1724/1453 1562/1731/1562
f 1562/1731/1562 1563/1732/1563 1454/1725/1454
f 1455/1726/1455 1454/1725/1454 1563/1732/1563
f 1563/1732/1563 1564/1733/1564 1455/1726/1455
f 1456/1727/1456 1455/1726/1455 1564/1733/1564
f 1564/1733/1564 1565/1734/1565 1456/1727/1456
f 1457/1728/1457 1456/1727/1456 1565/1734/1565
f 1565/1734/1565 1566/1735/1566 1457/1728/1457
f 1458/1729/1458 1457/1728/1457 1566/1735/1566
f 1566/1735/1566 1567/1736/1567 1458/1729/1458
f 1459/1730/1459 1458/1729/1458 1567/1736/1567
f 1567/1736/1567 1568/1737/1568 1459/1730/1459
f 1563/1732/1563 1562/1731/1562 1569/1738/1569
f 1569/1738/1569 1570/1739/1570 1563/1732/1563
f 1564/1733/1564 1563/1732/1563 1570/1739/1570
f 1570/1739/1570 1571/1740/1571 1564/1733/1564
f 1565/1734/1565 1564/1733/1564 1571/1740/1571
f 1571/1740/1571 1572/1741/1572 1565/1734/1565
f 1566/1735/1566 1565/1734/1565 1572/1741/1572
f 1572/1741/1572 1573/1742/1573 1566/1735/1566
f 1567/1736/1567 1566/1735/1566 1573/1742/1573
f 1573/1742/1573 1574/1743/1574 1567/1736/1567
f 1568/1737/1568 1567/1736/1567 1574/1743/1574
f 1574/1743/1574 1575/1744/1575 1568/1737/1568
f 1570/1739/1570 1569/1738/1569 1576/1745/1576
f 1576/1745/1576 1577/1746/1577 1570/1739/1570
f 1571/1740/1571 1570/1739/1570 1577/1746/1577
f 1577/1746/1577 1578/1747/1578 1571/1740/1571
f 1572/1741/1572 1571/1740/1571 1578/1747/1578
f 1578/1747/1578 1579/1748/1579 1572/1741/1572
f 1573/1742/1573 1572/1741/1572 1579/1748/1579
f 1579/1748/1579 1580/1749/1580 1573/1742/1573
f 1574/1743/1574 1573/1742/1573 1580/1749/1580
f 1580/1749/1580 1581/1750/1581 1574/1743/1574
f 1575/1744/1575 1574/1743/1574 1581/1750/1581
f 1581/1750/1581 1582/1751/1582 1575/1744/1575
f 1577/1746/1577 1576/1745/1576 1583/1752/1583
f 1583/1752/1583 1584/1753/1584 1577/1746/1577
f 1578/1747/1578 1577/1746/1577 1584/1753/1584
f 1584/1753/1584 1585/1754/1585 1578/1747/1578
f 1579/1748/1579 1578/1747/1578 1585/1754/1585
f 1585/1754/1585 1586/1755/1586 1579/1748/1579
f 1580/1749/1580 1579/1748/1579 1586/1755/1586
f 1586/1755/1586 1587/1756/1587 1580/1749/1580
f 1581/1750/1581 1580/1749/1580 1587/1756/1587
f 1587/1756/1587 1588/1757/1588 1581/1750/1581
f 1582/1751/1582 1581/1750/1581 1588/1757/1588
f 1588/1757/1588 1589/1758/1589 1582/1751/1582
f 1584/1753/1584 1583/1752/1583 1590/1759/1590
f 1590/1759/1590 1591/1760/1591 1584/1753/1584
f 1585/1754/1585 1584/1753/1584 1591/1760/1591
f 1591/1760/1591 1592/1761/1592 1585/1754/1585
f 1586/1755/1586 1585/1754/1585 1592/1761/1592
f 1592/1761/1592 1593/1762/1593 1586/1755/1586
f 1587/1756/1587 1586/1755/1586 1593/1762/1593
f 1593/1762/1593 1594/1763/1594 1587/1756/1587
f 1588/1757/1588 1587/1756/1587 1594/1763/1594
f 1594/1763/1594 1595/1764/1595 1588/1757/1588
f 1589/1758/1589 1588/1757/1588 1595/1764/1595
f 1595/1764/1595 1596/1765/1596 1589/1758/1589
f 1591/1760/1591 1590/1759/1590 1597/1766/1597
f 1597/1766/1597 1598/1767/1598 1591/1760/1591
f 1592/1761/1592 1591/1760/1591 1598/1767/1598
f 1598/1767/1598 1599/1768/1599 1592/1761/1592
f 1593/1762/1593 1592/1761/1592 1599/1768/1599
f 1599/1768/1599 1600/1769/1600 1593/1762/1593
f 1594/1763/1594 1593/1762/1593 1600/1769/1600
f 1600/1769/1600 1601/1770/1601 1594/1763/1594
f 1595/1764/1595 1594/1763/1594 1601/1770/1601
f 1601/1770/1601 1602/1771/1602 1595/1764/1595
f 1596/1765/1596 1595/1764/1595 1602/1771/1602
f 1602/1771/1602 1603/1772/1603 1596/1765/1596
f 1490/1773/1490 1459/1730/1459 1568/1737/1568
f 1568/1737/1568 1604/1779/1604 1490/1773/1490
f 1491/1774/1491 1490/1773/1490 1604/1779/1604
f 1604/1779/1604 1605/1780/1605 1491/1774/1491
f 1492/1775/1492 1491/1774/1491 1605/1780/1605
f 1605/1780/1605 1606/1781/1606 1492/1775/1492
f 1493/1776/1493 1492/1775/1492 1606/1781/1606
f 1606/1781/1606 1607/1782/1607 1493/1776/1493
f 1494/1777/1494 1493/1776/1493 1607/1782/1607
f 1607/1782/1607 1608/1783/1608 1494/1777/1494
f 1495/1778/1495 1494/1777/1494 1608/1783/1608
f 1608/1783/1608 1609/1784/1609 1495/1778/1495
f 1604/1779/1604 1568/1737/1568 1575/1744/1575
f 1575/1744/1575 1610/1785/1610 1604/1779/1604
f 1605/1780/1605 1604/1779/1604 1610/1785/1610
f 1610/1785/1610 1611/1786/1611 1605/1780/1605
f 1606/1781/1606 1605/1780/1605 1611/1786/1611
f 1611/1786/1611 1612/1787/1612 1606/1781/1606
f 1607/1782/1607 1606/1781/1606 1612/1787/1612
f 1612/1787/1612 1613/1788/1613 1607/1782/1607
f 1608/1783/1608 1607/1782/1607 1613/1788/1613
f 1613/1788/1613 1614/1789/1614 1608/1783/1608
f 1609/1784/1609 1608/1783/1608 1614/1789/1614
f 1614/1789/1614 1615/1790/1615 1609/1784/1609
f 1610/1785/1610 1575/1744/1575 1582/1751/1582
f 1582/1751/1582 1616/1791/1616 1610/1785/1610
f 1611/1786/1611 1610/1785/1610 1616/1791/1616
f 1616/1791/1616 1617/1792/1617 1611/1786/1611
f 1612/1787/1612 1611/1786/1611 1617/1792/1617
f 1617/1792/1617 1618/1793/1618 1612/1787/1612
f 1613/1788/1613 1612/1787/1612 1618/1793/1618
f 1618/1793/1618 1619/1794/1619 1613/1788/1613
f 1614/1789/1614 1613/1788/1613 1619/1794/1619
f 1619/1794/1619 1620/1795/1620 1614/1789/1614
f 1615/1790/1615 1614/1789/1614 1620/1795/1620
f 1620/1795/1620 1621/1796/1621 1615/1790/1615
f 1616/1791/1616 1582/1751/1582 1589/1758/1589
f 1589/1758/1589 1622/1797/1622 1616/1791/1616
f 1617/1792/1617 1616/1791/1616 1622/1797/1622
f 1622/1797/1622 1623/1798/1623 1617/1792/1617
f 1618/1793/1618 1617/1792/1617 1623/1798/1623
f 1623/1798/1623 1624/1799/1624 1618/1793/1618
f 1619/1794/1619 1618/1793/1618 1624/1799/1624
f 1624/1799/1624 1625/1800/1625 1619/1794/1619
f 1620/1795/1620 1619/1794/1619 1625/1800/1625
f 1625/1800/1625 1626/1801/1626 1620/1795/1620
f 1621/1796/1621 1620/1795/1620 1626/1801/1626
f 1626/1801/1626 1627/1802/1627 1621/1796/1621
f 1622/1797/1622 1589/1758/1589 1596/1765/1596
f 1596/1765/1596 1628/1803/1628 1622/1797/1622
f 1623/1798/1623 1622/1797/1622 1628/1803/1628
f 1628/1803/1628 1629/1804/1629 1623/1798/1623
f 1624/1799/1624 1623/1798/1623 1629/1804/1629
f 1629/1804/1629 1630/1805/1630 1624/1799/1624
f 1625/1800/1625 1624/1799/1624 1630/1805/1630
f 1630/1805/1630 1631/1806/1631 1625/1800/1625
f 1626/1801/1626 1625/1800/1625 1631/1806/1631
f 1631/1806/1631 1632/1807/1632 1626/1801/1626
f 1627/1802/1627 1626/1801/1626 1632/1807/1632
f 1632/1807/1632 1633/1808/1633 1627/1802/1627
f 1628/1803/1628 1596/1765/1596 1603/1772/1603
f 1603/1772/1603 1634/1809/1634 1628/1803/1628
f 1629/1804/1629 1628/1803/1628 1634/1809/1634
f 1634/1809/1634 1635/1810/1635 1629/1804/1629
f 1630/1805/1630 1629/1804/1629 1635/1810/1635
f 1635/1810/1635 1636/1811/1636 1630/1805/1630
f 1631/1806/1631 1630/1805/1630 1636/1811/1636
f 1636/1811/1636 1637/1812/1637 1631/1806/1631
f 1632/1807/1632 1631/1806/1631 1637/1812/1637
f 1637/1812/1637 1638/1813/1638 1632/1807/1632
f 1358/1814/1358 1360/1815/1360 1632/1807/1632
f 1358/1814/1358 1632/1807/1632 1638/1813/1638
f 1362/1816/1362 1632/1807/1632 1360/1815/1360
f 1362/1816/1362 1633/1808/1633 1632/1807/1632
f 1639/1823/1639 1526/1817/1526 1527/1818/1527
f 1527/1818/1527 1640/1824/1640 1639/1823/1639
f 1640/1824/1640 1527/1818/1527 1528/1819/1528
f 1528/1819/1528 1641/1825/1641 1640/1824/1640
f 1641/1825/1641 1528/1819/1528 1529/1820/1529
f 1529/1820/1529 1642/1826/1642 1641/1825/1641
f 1642/1826/1642 1529/1820/1529 1530/1821/1530
f 1530/1821/1530 1643/1827/1643 1642/1826/1642
f 1643/1827/1643 1530/1821/1530 1531/1822/1531
f 1531/1822/1531 1644/1828/1644 1643/1827/1643
f 1644/1828/1644 1531/1822/1531 1495/1778/1495
f 1495/1778/1495 1609/1784/1609 1644/1828/1644
f 1645/1829/1645 1639/1823/1639 1640/1824/1640
f 1640/1824/1640 1646/1830/1646 1645/1829/1645
f 1646/1830/1646 1640/1824/1640 1641/1825/1641
f 1641/1825/1641 1647/1831/1647 1646/1830/1646
f 1647/1831/1647 1641/1825/1641 1642/1826/1642
f 1642/1826/1642 1648/1832/1648 1647/1831/1647
f 1648/1832/1648 1642/1826/1642 1643/1827/1643
f 1643/1827/1643 1649/1833/1649 1648/1832/1648
f 1649/1833/1649 1643/1827/1643 1644/1828/1644
f 1644/1828/1644 1650/1834/1650 1649/1833/1649
f 1650/1834/1650 1644/1828/1644 1609/1784/1609
f 1609/1784/1609 1615/1790/1615 1650/1834/1650
f 1651/1835/1651 1645/1829/1645 1646/1830/1646
f 1646/1830/1646 1652/1836/1652 1651/1835/1651
f 1652/1836/1652 1646/1830/1646 1647/1831/1647
f 1647/1831/1647 1653/1837/1653 1652/1836/1652
f 1653/1837/1653 1647/1831/1647 1648/1832/1648
f 1648/1832/1648 1654/1838/1654 1653/1837/1653
f 1654/1838/1654 1648/1832/1648 1649/1833/1649
f 1649/1833/1649 1655/1839/1655 1654/1838/1654
f 1655/1839/1655 1649/1833/1649 1650/1834/1650
f 1650/1834/1650 1656/1840/1656 1655/1839/1655
f 1656/1840/1656 1650/1834/1650 1615/1790/1615
f 1615/1790/1615 1621/1796/1621 1656/1840/1656
f 1657/1841/1657 1651/1835/1651 1652/1836/1652
f 1652/1836/1652 1658/1842/1658 1657/1841/1657
f 1658/1842/1658 1652/1836/1652 1653/1837/1653
f 1653/1837/1653 1659/1843/1659 1658/1842/1658
f 1659/1843/1659 1653/1837/1653 1654/1838/1654
f 1654/1838/1654 1660/1844/1660 1659/1843/1659
f 1660/1844/1660 1654/1838/1654 1655/1839/1655
f 1655/1839/1655 1661/1845/1661 1660/1844/1660
f 1661/1845/1661 1655/1839/1655 1656/1840/1656
f 1656/1840/1656 1662/1846/1662 1661/1845/1661
f 1662/1846/1662 1656/1840/1656 1621/1796/1621
f 1621/1796/1621 1627/1802/1627 1662/1846/1662
f 1663/1847/1663 1657/1841/1657 1658/1842/1658
f 1658/1842/1658 1664/1848/1664 1663/1847/1663
f 1664/1848/1664 1658/1842/1658 1659/1843/1659
f 1659/1843/1659 1665/1849/1665 1664/1848/1664
f 1665/1849/1665 1659/1843/1659 1660/1844/1660
f 1660/1844/1660 1666/1850/1666 1665/1849/1665
f 1666/1850/1666 1660/1844/1660 1661/1845/1661
f 1661/1845/1661 1667/1851/1667 1666/1850/1666
f 1667/1851/1667 1661/1845/1661 1662/1846/1662
f 1662/1846/1662 1668/1852/1668 1667/1851/1667
f 1668/1852/1668 1662/1846/1662 1627/1802/1627
f 1627/1802/1627 1633/1808/1633 1668/1852/1668
f 1669/1853/1669 1663/1847/1663 1664/1848/1664
f 1664/1848/1664 1670/1854/1670 1669/1853/1669
f 1670/1854/1670 1664/1848/1664 1665/1849/1665
f 1665/1849/1665 1671/1855/1671 1670/1854/1670
f 1671/1855/1671 1665/1849/1665 1666/1850/1666
f 1666/1850/1666 1672/1856/1672 1671/1855/1671
f 1672/1856/1672 1666/1850/1666 1667/1851/1667
f 1667/1851/1667 1673/1857/1673 1672/1856/1672
f 1673/1857/1673 1667/1851/1667 1668/1852/1668
f 1668/1852/1668 1674/1858/1674 1673/1857/1673
f 1416/1860/1416 1414/1859/1414 1668/1852/1668
f 1668/1852/1668 1414/1859/1414 1674/1858/1674
f 1668/1852/1668 1362/1816/1362 1416/1860/1416
f 1633/1808/1633 1362/1816/1362 1668/1852/1668
f 1562/1867/1562 1453/1861/1453 1557/1862/1557
f 1557/1862/1557 1675/1868/1675 1562/1867/1562
f 1675/1868/1675 1557/1862/1557 1558/1863/1558
f 1558/1863/1558 1676/1869/1676 1675/1868/1675
f 1676/1869/1676 1558/1863/1558 1559/1864/1559
f 1559/1864/1559 1677/1870/1677 1676/1869/1676
f 1677/1870/1677 1559/1864/1559 1560/1865/1560
f 1560/1865/1560 1678/1871/1678 1677/1870/1677
f 1678/1871/1678 1560/1865/1560 1561/1866/1561
f 1561/1866/1561 1679/1872/1679 1678/1871/1678
f 1679/1872/1679 1561/1866/1561 1526/1817/1526
f 1526/1817/1526 1639/1823/1639 1679/1872/1679
f 1569/1873/1569 1562/1867/1562 1675/1868/1675
f 1675/1868/1675 1680/1874/1680 1569/1873/1569
f 1680/1874/1680 1675/1868/1675 1676/1869/1676
f 1676/1869/1676 1681/1875/1681 1680/1874/1680
f 1681/1875/1681 1676/1869/1676 1677/1870/1677
f 1677/1870/1677 1682/1876/1682 1681/1875/1681
f 1682/1876/1682 1677/1870/1677 1678/1871/1678
f 1678/1871/1678 1683/1877/1683 1682/1876/1682
f 1683/1877/1683 1678/1871/1678 1679/1872/1679
f 1679/1872/1679 1684/1878/1684 1683/1877/1683
f 1684/1878/1684 1679/1872/1679 1639/1823/1639
f 1639/1823/1639 1645/1829/1645 1684/1878/1684
f 1576/1879/1576 1569/1873/1569 1680/1874/1680
f 1680/1874/1680 1685/1880/1685 1576/1879/1576
f 1685/1880/1685 1680/1874/1680 1681/1875/1681
f 1681/1875/1681 1686/1881/1686 1685/1880/1685
f 1686/1881/1686 1681/1875/1681 1682/1876/1682
f 1682/1876/1682 1687/1882/1687 1686/1881/1686
f 1687/1882/1687 1682/1876/1682 1683/1877/1683
f 1683/1877/1683 1688/1883/1688 1687/1882/1687
f 1688/1883/1688 1683/1877/1683 1684/1878/1684
f 1684/1878/1684 1689/1884/1689 1688/1883/1688
f 1689/1884/1689 1684/1878/1684 1645/1829/1645
f 1645/1829/1645 1651/1835/1651 1689/1884/1689
f 1583/1885/1583 1576/1879/1576 1685/1880/1685
f 1685/1880/1685 1690/1886/1690 1583/1885/1583
f 1690/1886/1690 1685/1880/1685 1686/1881/1686
f 1686/1881/1686 1691/1887/1691 1690/1886/1690
f 1691/1887/1691 1686/1881/1686 1687/1882/1687
f 1687/1882/1687 1692/1888/1692 1691/1887/1691
f 1692/1888/1692 1687/1882/1687 1688/1883/1688
f 1688/1883/1688 1693/1889/1693 1692/1888/1692
f 1693/1889/1693 1688/1883/1688 1689/1884/1689
f 1689/1884/1689 1694/1890/1694 1693/1889/1693
f 1694/1890/1694 1689/1884/1689 1651/1835/1651
f 1651/1835/1651 1657/1841/1657 1694/1890/1694
f 1590/1891/1590 1583/1885/1583 1690/1886/1690
f 1690/1886/1690 1695/1892/1695 1590/1891/1590
f 1695/1892/1695 1690/1886/1690 1691/1887/1691
f 1691/1887/1691 1696/1893/1696 1695/1892/1695
f 1696/1893/1696 1691/1887/1691 1692/1888/1692
f 1692/1888/1692 1697/1894/1697 1696/1893/1696
f 1697/1894/1697 1692/1888/1692 1693/1889/1693
f 1693/1889/1693 1698/1895/1698 1697/1894/1697
f 1698/1895/1698 1693/1889/1693 1694/1890/1694
f 1694/1890/1694 1699/1896/1699 1698/1895/1698
f 1699/1896/1699 1694/1890/1694 1657/1841/1657
f 1657/1841/1657 1663/1847/1663 1699/1896/1699
f 1597/1897/1597 1590/1891/1590 1695/1892/1695
f 1695/1892/1695 1700/1898/1700 1597/1897/1597
f 1700/1898/1700 1695/1892/1695 1696/1893/1696
f 1696/1893/1696 1701/1899/1701 1700/1898/1700
f 1701/1899/1701 1696/1893/1696 1697/1894/1697
f 1697/1894/1697 1702/1900/1702 1701/1899/1701
f 1702/1900/1702 1697/1894/1697 1698/1895/1698
f 1698/1895/1698 1703/1901/1703 1702/1900/1702
f 1703/1901/1703 1698/1895/1698 1699/1896/1699
f 1699/1896/1699 1704/1902/1704 1703/1901/1703
f 1704/1902/1704 1699/1896/1699 1663/1847/1663
f 1663/1847/1663 1669/1853/1669 1704/1902/1704
f 1598/1767/1598 1597/1766/1597 1705/1903/1705
f 1705/1903/1705 1706/1904/1706 1598/1767/1598
f 1599/1768/1599 1598/1767/1598 1706/1904/1706
f 1706/1904/1706 1707/1905/1707 1599/1768/1599
f 1600/1769/1600 1599/1768/1599 1707/1905/1707
f 1707/1905/1707 1708/1906/1708 1600/1769/1600
f 1601/1770/1601 1600/1769/1600 1708/1906/1708
f 1708/1906/1708 1709/1907/1709 1601/1770/1601
f 1602/1771/1602 1601/1770/1601 1709/1907/1709
f 1709/1907/1709 1710/1908/1710 1602/1771/1602
f 1603/1772/1603 1602/1771/1602 1710/1908/1710
f 1710/1908/1710 1711/1909/1711 1603/1772/1603
f 1706/1904/1706 1705/1903/1705 1712/1910/1712
f 1712/1910/1712 1713/1911/1713 1706/1904/1706
f 1707/1905/1707 1706/1904/1706 1713/1911/1713
f 1713/1911/1713 1714/1912/1714 1707/1905/1707
f 1708/1906/1708 1707/1905/1707 1714/1912/1714
f 1714/1912/1714 1715/1913/1715 1708/1906/1708
f 1709/1907/1709 1708/1906/1708 1715/1913/1715
f 1715/1913/1715 1716/1914/1716 1709/1907/1709
f 1710/1908/1710 1709/1907/1709 1716/1914/1716
f 1716/1914/1716 1717/1915/1717 1710/1908/1710
f 1711/1909/1711 1710/1908/1710 1717/1915/1717
f 1717/1915/1717 1718/1916/1718 1711/1909/1711
f 1713/1911/1713 1712/1910/1712 1719/1917/1719
f 1719/1917/1719 1720/1918/1720 1713/1911/1713
f 1714/1912/1714 1713/1911/1713 1720/1918/1720
f 1720/1918/1720 1721/1919/1721 1714/1912/1714
f 1715/1913/1715 1714/1912/1714 1721/1919/1721
f 1721/1919/1721 1722/1920/1722 1715/1913/1715
f 1716/1914/1716 1715/1913/1715 1722/1920/1722
f 1722/1920/1722 1723/1921/1723 1716/1914/1716
f 1717/1915/1717 1716/1914/1716 1723/1921/1723
f 1723/1921/1723 1724/1922/1724 1717/1915/1717
f 1718/1916/1718 1717/1915/1717 1724/1922/1724
f 1724/1922/1724 1725/1923/1725 1718/1916/1718
f 1720/1918/1720 1719/1917/1719 1726/1924/1726
f 1726/1924/1726 1727/1925/1727 1720/1918/1720
f 1721/1919/1721 1720/1918/1720 1727/1925/1727
f 1727/1925/1727 1728/1926/1728 1721/1919/1721
f 1722/1920/1722 1721/1919/1721 1728/1926/1728
f 1728/1926/1728 1729/1927/1729 1722/1920/1722
f 1723/1921/1723 1722/1920/1722 1729/1927/1729
f 1729/1927/1729 1730/1928/1730 1723/1921/1723
f 1724/1922/1724 1723/1921/1723 1730/1928/1730
f 1730/1928/1730 1731/1929/1731 1724/1922/1724
f 1725/1923/1725 1724/1922/1724 1731/1929/1731
f 1731/1929/1731 1732/1930/1732 1725/1923/1725
f 1727/1925/1727 1726/1924/1726 1733/1931/1733
f 1733/1931/1733 1734/1932/1734 1727/1925/1727
f 1728/1926/1728 1727/1925/1727 1734/1932/1734
f 1734/1932/1734 1735/1933/1735 1728/1926/1728
f 1729/1927/1729 1728/1926/1728 1735/1933/1735
f 1735/1933/1735 1736/1934/1736 1729/1927/1729
f 1730/1928/1730 1729/1927/1729 1736/1934/1736
f 1736/1934/1736 1737/1935/1737 1730/1928/1730
f 1731/1929/1731 1730/1928/1730 1737/1935/1737
f 1737/1935/1737 1738/1936/1738 1731/1929/1731
f 1732/1930/1732 1731/1929/1731 1738/1936/1738
f 1738/1936/1738 1739/1937/1739 1732/1930/1732
f 1734/1932/1734 1733/1931/1733 1740/1938/1740
f 1740/1938/1740 1741/1939/1741 1734/1932/1734
f 1735/1933/1735 1734/1932/1734 1741/1939/1741
f 1741/1939/1741 1742/1940/1742 1735/1933/1735
f 1736/1934/1736 1735/1933/1735 1742/1940/1742
f 1742/1940/1742 1743/1941/1743 1736/1934/1736
f 1737/1935/1737 1736/1934/1736 1743/1941/1743
f 1743/1941/1743 1744/1942/1744 1737/1935/1737
f 1738/1936/1738 1737/1935/1737 1744/1942/1744
f 1744/1942/1744 1745/1943/1745 1738/1936/1738
f 1739/1937/1739 1738/1936/1738 1745/1943/1745
f 1745/1943/1745 1746/1944/1746 1739/1937/1739
f 1634/1809/1634 1603/1772/1603 1711/1909/1711
f 1711/1909/1711 1747/1945/1747 1634/1809/1634
f 1635/1810/1635 1634/1809/1634 1747/1945/1747
f 1747/1945/1747 1748/1946/1748 1635/1810/1635
f 1636/1811/1636 1635/1810/1635 1748/1946/1748
f 1748/1946/1748 1749/1947/1749 1636/1811/1636
f 1637/1812/1637 1636/1811/1636 1749/1947/1749
f 1749/1947/1749 1750/1948/1750 1637/1812/1637
f 1638/1813/1638 1637/1812/1637 1750/1948/1750
f 1750/1948/1750 1751/1949/1751 1638/1813/1638
f 1747/1945/1747 1711/1909/1711 1718/1916/1718
f 1718/1916/1718 1752/1950/1752 1747/1945/1747
f 1748/1946/1748 1747/1945/1747 1752/1950/1752
f 1752/1950/1752 1753/1951/1753 1748/1946/1748
f 1749/1947/1749 1748/1946/1748 1753/1951/1753
f 1753/1951/1753 1754/1952/1754 1749/1947/1749
f 1750/1948/1750 1749/1947/1749 1754/1952/1754
f 1754/1952/1754 1755/1953/1755 1750/1948/1750
f 1751/1949/1751 1750/1948/1750 1755/1953/1755
f 1755/1953/1755 1756/1954/1756 1751/1949/1751
f 1752/1950/1752 1718/1916/1718 1725/1923/1725
f 1725/1923/1725 1757/1955/1757 1752/1950/1752
f 1753/1951/1753 1752/1950/1752 1757/1955/1757
f 1757/1955/1757 1758/1956/1758 1753/1951/1753
f 1754/1952/1754 1753/1951/1753 1758/1956/1758
f 1758/1956/1758 1759/1957/1759 1754/1952/1754
f 1755/1953/1755 1754/1952/1754 1759/1957/1759
f 1759/1957/1759 1760/1958/1760 1755/1953/1755
f 1756/1954/1756 1755/1953/1755 1760/1958/1760
f 1760/1958/1760 1761/1959/1761 1756/1954/1756
f 1757/1955/1757 1725/1923/1725 1732/1930/1732
f 1732/1930/1732 1763/1961/1763 1757/1955/1757
f 1758/1956/1758 1757/1955/1757 1763/1961/1763
f 1763/1961/1763 1764/1962/1764 1758/1956/1758
f 1759/1957/1759 1758/1956/1758 1764/1962/1764
f 1764/1962/1764 1765/1963/1765 1759/1957/1759
f 1760/1958/1760 1759/1957/1759 1765/1963/1765
f 1765/1963/1765 1766/1964/1766 1760/1958/1760
f 1761/1959/1761 1760/1958/1760 1766/1964/1766
f 1766/1964/1766 1767/1965/1767 1761/1959/1761
f 1762/1960/1762 1761/1959/1761 1767/1965/1767
f 1767/1965/1767 1768/1966/1768 1762/1960/1762
f 1763/1961/1763 1732/1930/1732 1739/1937/1739
f 1739/1937/1739 1769/1967/1769 1763/1961/1763
f 1764/1962/1764 1763/1961/1763 1769/1967/1769
f 1769/1967/1769 1770/1968/1770 1764/1962/1764
f 1765/1963/1765 1764/1962/1764 1770/1968/1770
f 1770/1968/1770 1771/1969/1771 1765/1963/1765
f 1766/1964/1766 1765/1963/1765 1771/1969/1771
f 1771/1969/1771 1772/1970/1772 1766/1964/1766
f 1767/1965/1767 1766/1964/1766 1772/1970/1772
f 1772/1970/1772 1773/1971/1773 1767/1965/1767
f 1768/1966/1768 1767/1965/1767 1773/1971/1773
f 1773/1971/1773 1774/1972/1774 1768/1966/1768
f 1769/1967/1769 1739/1937/1739 1746/1944/1746
f 1746/1944/1746 1775/1973/1775 1769/1967/1769
f 1770/1968/1770 1769/1967/1769 1775/1973/1775
f 1775/1973/1775 1776/1974/1776 1770/1968/1770
f 1771/1969/1771 1770/1968/1770 1776/1974/1776
f 1776/1974/1776 1777/1975/1777 1771/1969/1771
f 1772/1970/1772 1771/1969/1771 1777/1975/1777
f 1777/1975/1777 1778/1976/1778 1772/1970/1772
f 1773/1971/1773 1772/1970/1772 1778/1976/1778
f 1778/1976/1778 1779/1977/1779 1773/1971/1773
f 1774/1972/1774 1773/1971/1773 1779/1977/1779
f 1779/1977/1779 1780/1978/1780 1774/1972/1774
f 1346/1980/1346 1762/1960/1762 1344/1979/1344
f 1346/1980/1346 1761/1959/1761 1762/1960/1762
f 1346/1980/1346 1756/1954/1756 1761/1959/1761
f 1348/1981/1348 1756/1954/1756 1346/1980/1346
f 1350/1982/1350 1756/1954/1756 1348/1981/1348
f 1350/1982/1350 1751/1949/1751 1756/1954/1756
f 1352/1983/1352 1751/1949/1751 1350/1982/1350
f 1354/1984/1354 1751/1949/1751 1352/1983/1352
f 1354/1984/1354 1638/1813/1638 1751/1949/1751
f 1356/1985/1356 1638/1813/1638 1354/1984/1354
f 1356/1985/1356 1358/1814/1358 1638/1813/1638
f 1781/1986/1781 1669/1853/1669 1670/1854/1670
f 1670/1854/1670 1782/1987/1782 1781/1986/1781
f 1782/1987/1782 1670/1854/1670 1671/1855/1671
f 1671/1855/1671 1783/1988/1783 1782/1987/1782
f 1783/1988/1783 1671/1855/1671 1672/1856/1672
f 1672/1856/1672 1784/1989/1784 1783/1988/1783
f 1784/1989/1784 1672/1856/1672 1673/1857/1673
f 1673/1857/1673 1785/1990/1785 1784/1989/1784
f 1785/1990/1785 1673/1857/1673 1674/1858/1674
f 1674/1858/1674 1786/1991/1786 1785/1990/1785
f 1787/1992/1787 1781/1986/1781 1782/1987/1782
f 1782/1987/1782 1788/1993/1788 1787/1992/1787
f 1788/1993/1788 1782/1987/1782 1783/1988/1783
f 1783/1988/1783 1789/1994/1789 1788/1993/1788
f 1789/1994/1789 1783/1988/1783 1784/1989/1784
f 1784/1989/1784 1790/1995/1790 1789/1994/1789
f 1790/1995/1790 1784/1989/1784 1785/1990/1785
f 1785/1990/1785 1791/1996/1791 1790/1995/1790
f 1791/1996/1791 1785/1990/1785 1786/1991/1786
f 1786/1991/1786 1792/1997/1792 1791/1996/1791
f 1793/1998/1793 1787/1992/1787 1788/1993/1788
f 1788/1993/1788 1794/1999/1794 1793/1998/1793
f 1794/1999/1794 1788/1993/1788 1789/1994/1789
f 1789/1994/1789 1795/2000/1795 1794/1999/1794
f 1795/2000/1795 1789/1994/1789 1790/1995/1790
f 1790/1995/1790 1796/2001/1796 1795/2000/1795
f 1796/2001/1796 1790/1995/1790 1791/1996/1791
f 1791/1996/1791 1797/2002/1797 1796/2001/1796
f 1797/2002/1797 1791/1996/1791 1792/1997/1792
f 1792/1997/1792 1798/2003/1798 1797/2002/1797
f 1799/2004/1799 1793/1998/1793 1794/1999/1794
f 1794/1999/1794 1800/2005/1800 1799/2004/1799
f 1800/2005/1800 1794/1999/1794 1795/2000/1795
f 1795/2000/1795 1801/2006/1801 1800/2005/1800
f 1801/2006/1801 1795/2000/1795 1796/2001/1796
f 1796/2001/1796 1802/2007/1802 1801/2006/1801
f 1802/2007/1802 1796/2001/1796 1797/2002/1797
f 1797/2002/1797 1803/2008/1803 1802/2007/1802
f 1803/2008/1803 1797/2002/1797 1798/2003/1798
f 1798/2003/1798 1804/2009/1804 1803/2008/1803
f 1804/2009/1804 1798/2003/1798 1762/1960/1762
f 1762/1960/1762 1768/1966/1768 1804/2009/1804
f 1805/2010/1805 1799/2004/1799 1800/2005/1800
f 1800/2005/1800 1806/2011/1806 1805/2010/1805
f 1806/2011/1806 1800/2005/1800 1801/2006/1801
f 1801/2006/1801 1807/2012/1807 1806/2011/1806
f 1807/2012/1807 1801/2006/1801 1802/2007/1802
f 1802/2007/1802 1808/2013/1808 1807/2012/1807
f 1808/2013/1808 1802/2007/1802 1803/2008/1803
f 1803/2008/1803 1809/2014/1809 1808/2013/1808
f 1809/2014/1809 1803/2008/1803 1804/2009/1804
f 1804/2009/1804 1810/2015/1810 1809/2014/1809
f 1810/2015/1810 1804/2009/1804 1768/1966/1768
f 1768/1966/1768 1774/1972/1774 1810/2015/1810
f 1811/2016/1811 1805/2010/1805 1806/2011/1806
f 1806/2011/1806 1812/2017/1812 1811/2016/1811
f 1812/2017/1812 1806/2011/1806 1807/2012/1807
f 1807/2012/1807 1813/2018/1813 1812/2017/1812
f 1813/2018/1813 1807/2012/1807 1808/2013/1808
f 1808/2013/1808 1814/2019/1814 1813/2018/1813
f 1814/2019/1814 1808/2013/1808 1809/2014/1809
f 1809/2014/1809 1815/2020/1815 1814/2019/1814
f 1815/2020/1815 1809/2014/1809 1810/2015/1810
f 1810/2015/1810 1816/2021/1816 1815/2020/1815
f 1816/2021/1816 1810/2015/1810 1774/1972/1774
f 1774/1972/1774 1780/1978/1780 1816/2021/1816
f 1762/1960/1762 1402/2022/1402 1344/1979/1344
f 1798/2003/1798 1402/2022/1402 1762/1960/1762
f 1792/1997/1792 1402/2022/1402 1798/2003/1798
f 1792/1997/1792 1404/2023/1404 1402/2022/1402
f 1792/1997/1792 1406/2024/1406 1404/2023/1404
f 1786/1991/1786 1406/2024/1406 1792/1997/1792
f 1786/1991/1786 1408/2025/1408 1406/2024/1406
f 1786/1991/1786 1410/2026/1410 1408/2025/1408
f 1674/1858/1674 1410/2026/1410 1786/1991/1786
f 1674/1858/1674 1412/2027/1412 1410/2026/1410
f 1414/1859/1414 1412/2027/1412 1674/1858/1674
f 1705/2028/1705 1597/1897/1597 1700/1898/1700
f 1700/1898/1700 1817/2029/1817 1705/2028/1705
f 1817/2029/1817 1700/1898/1700 1701/1899/1701
f 1701/1899/1701 1818/2030/1818 1817/2029/1817
f 1818/2030/1818 1701/1899/1701 1702/1900/1702
f 1702/1900/1702 1819/2031/1819 1818/2030/1818
f 1819/2031/1819 1702/1900/1702 1703/1901/1703
f 1703/1901/1703 1820/2032/1820 1819/2031/1819
f 1820/2032/1820 1703/1901/1703 1704/1902/1704
f 1704/1902/1704 1821/2033/1821 1820/2032/1820
f 1821/2033/1821 1704/1902/1704 1669/1853/1669
f 1669/1853/1669 1781/1986/1781 1821/2033/1821
f 1712/2034/1712 1705/2028/1705 1817/2029/1817
f 1817/2029/1817 1822/2035/1822 1712/2034/1712
f 1822/2035/1822 1817/2029/1817 1818/2030/1818
f 1818/2030/1818 1823/2036/1823 1822/2035/1822
f 1823/2036/1823 1818/2030/1818 1819/2031/1819
f 1819/2031/1819 1824/2037/1824 1823/2036/1823
f 1824/2037/1824 1819/2031/1819 1820/2032/1820
f 1820/2032/1820 1825/2038/1825 1824/2037/1824
f 1825/2038/1825 1820/2032/1820 1821/2033/1821
f 1821/2033/1821 1826/2039/1826 1825/2038/1825
f 1826/2039/1826 1821/2033/1821 1781/1986/1781
f 1781/1986/1781 1787/1992/1787 1826/2039/1826
f 1719/2040/1719 1712/2034/1712 1822/2035/1822
f 1822/2035/1822 1827/2041/1827 1719/2040/1719
f 1827/2041/1827 1822/2035/1822 1823/2036/1823
f 1823/2036/1823 1828/2042/1828 1827/2041/1827
f 1828/2042/1828 1823/2036/1823 1824/2037/1824
f 1824/2037/1824 1829/2043/1829 1828/2042/1828
f 1829/2043/1829 1824/2037/1824 1825/2038/1825
f 1825/2038/1825 1830/2044/1830 1829/2043/1829
f 1830/2044/1830 1825/2038/1825 1826/2039/1826
f 1826/2039/1826 1831/2045/1831 1830/2044/1830
f 1831/2045/1831 1826/2039/1826 1787/1992/1787
f 1787/1992/1787 1793/1998/1793 1831/2045/1831
f 1726/2046/1726 1719/2040/1719 1827/2041/1827
f 1827/2041/1827 1832/2047/1832 1726/2046/1726
f 1832/2047/1832 1827/2041/1827 1828/2042/1828
f 1828/2042/1828 1833/2048/1833 1832/2047/1832
f 1833/2048/1833 1828/2042/1828 1829/2043/1829
f 1829/2043/1829 1834/2049/1834 1833/2048/1833
f 1834/2049/1834 1829/2043/1829 1830/2044/1830
f 1830/2044/1830 1835/2050/1835 1834/2049/1834
f 1835/2050/1835 1830/2044/1830 1831/2045/1831
f 1831/2045/1831 1836/2051/1836 1835/2050/1835
f 1836/2051/1836 1831/2045/1831 1793/1998/1793
f 1793/1998/1793 1799/2004/1799 1836/2051/1836
f 1733/2052/1733 1726/2046/1726 1832/2047/1832
f 1832/2047/1832 1837/2053/1837 1733/2052/1733
f 1837/2053/1837 1832/2047/1832 1833/2048/1833
f 1833/2048/1833 1838/2054/1838 1837/2053/1837
f 1838/2054/1838 1833/2048/1833 1834/2049/1834
f 1834/2049/1834 1839/2055/1839 1838/2054/1838
f 1839/2055/1839 1834/2049/1834 1835/2050/1835
f 1835/2050/1835 1840/2056/1840 1839/2055/1839
f 1840/2056/1840 1835/2050/1835 1836/2051/1836
f 1836/2051/1836 1841/2057/1841 1840/2056/1840
f 1841/2057/1841 1836/2051/1836 1799/2004/1799
f 1799/2004/1799 1805/2010/1805 1841/2057/1841
f 1740/2058/1740 1733/2052/1733 1837/2053/1837
f 1837/2053/1837 1842/2059/1842 1740/2058/1740
f 1842/2059/1842 1837/2053/1837 1838/2054/1838
f 1838/2054/1838 1843/2060/1843 1842/2059/1842
f 1843/2060/1843 1838/2054/1838 1839/2055/1839
f 1839/2055/1839 1844/2061/1844 1843/2060/1843
f 1844/2061/1844 1839/2055/1839 1840/2056/1840
f 1840/2056/1840 1845/2062/1845 1844/2061/1844
f 1845/2062/1845 1840/2056/1840 1841/2057/1841
f 1841/2057/1841 1846/2063/1846 1845/2062/1845
f 1846/2063/1846 1841/2057/1841 1805/2010/1805
f 1805/2010/1805 1811/2016/1811 1846/2063/1846
f 1741/1939/1741 1740/1938/1740 1847/2064/1847
f 1847/2064/1847 1848/2065/1848 1741/1939/1741
f 1742/1940/1742 1741/1939/1741 1848/2065/1848
f 1848/2065/1848 1849/2066/1849 1742/1940/1742
f 1743/1941/1743 1742/1940/1742 1849/2066/1849
f 1849/2066/1849 1850/2067/1850 1743/1941/1743
f 1744/1942/1744 1743/1941/1743 1850/2067/1850
f 1850/2067/1850 1851/2068/1851 1744/1942/1744
f 1745/1943/1745 1744/1942/1744 1851/2068/1851
f 1851/2068/1851 1852/2069/1852 1745/1943/1745
f 1746/1944/1746 1745/1943/1745 1852/2069/1852
f 1852/2069/1852 1853/2070/1853 1746/1944/1746
f 1848/2065/1848 1847/2064/1847 1854/2071/1854
f 1854/2071/1854 1855/2072/1855 1848/2065/1848
f 1849/2066/1849 1848/2065/1848 1855/2072/1855
f 1855/2072/1855 1856/2073/1856 1849/2066/1849
f 1850/2067/1850 1849/2066/1849 1856/2073/1856
f 1856/2073/1856 1857/2074/1857 1850/2067/1850
f 1851/2068/1851 1850/2067/1850 1857/2074/1857
f 1857/2074/1857 1858/2075/1858 1851/2068/1851
f 1852/2069/1852 1851/2068/1851 1858/2075/1858
f 1858/2075/1858 1859/2076/1859 1852/2069/1852
f 1853/2070/1853 1852/2069/1852 1859/2076/1859
f 1859/2076/1859 1860/2077/1860 1853/2070/1853
f 1855/2072/1855 1854/2071/1854 1861/2078/1861
f 1861/2078/1861 1862/2079/1862 1855/2072/1855
f 1856/2073/1856 1855/2072/1855 1862/2079/1862
f 1862/2079/1862 1863/2080/1863 1856/2073/1856
f 1857/2074/1857 1856/2073/1856 1863/2080/1863
f 1863/2080/1863 1864/2081/1864 1857/2074/1857
f 1858/2075/1858 1857/2074/1857 1864/2081/1864
f 1864/2081/1864 1865/2082/1865 1858/2075/1858
f 1859/2076/1859 1858/2075/1858 1865/2082/1865
f 1865/2082/1865 1866/2083/1866 1859/2076/1859
f 1860/2077/1860 1859/2076/1859 1866/2083/1866
f 1866/2083/1866 1867/2084/1867 1860/2077/1860
f 1862/2079/1862 1861/2078/1861 1868/2085/1868
f 1868/2085/1868 1869/2086/1869 1862/2079/1862
f 1863/2080/1863 1862/2079/1862 1869/2086/1869
f 1869/2086/1869 1870/2087/1870 1863/2080/1863
f 1864/2081/1864 1863/2080/1863 1870/2087/1870
f 1870/2087/1870 1871/2088/1871 1864/2081/1864
f 1865/2082/1865 1864/2081/1864 1871/2088/1871
f 1871/2088/1871 1872/2089/1872 1865/2082/1865
f 1866/2083/1866 1865/2082/1865 1872/2089/1872
f 1872/2089/1872 1873/2090/1873 1866/2083/1866
f 1867/2084/1867 1866/2083/1866 1873/2090/1873
f 1873/2090/1873 1874/2091/1874 1867/2084/1867
f 1869/2086/1869 1868/2085/1868 1875/2092/1875
f 1875/2092/1875 1876/2093/1876 1869/2086/1869
f 1870/2087/1870 1869/2086/1869 1876/2093/1876
f 1876/2093/1876 1877/2094/1877 1870/2087/1870
f 1871/2088/1871 1870/2087/1870 1877/2094/1877
f 1877/2094/1877 1878/2095/1878 1871/2088/1871
f 1872/2089/1872 1871/2088/1871 1878/2095/1878
f 1878/2095/1878 1879/2096/1879 1872/2089/1872
f 1873/2090/1873 1872/2089/1872 1879/2096/1879
f 1879/2096/1879 1880/2097/1880 1873/2090/1873
f 1874/2091/1874 1873/2090/1873 1880/2097/1880
f 1880/2097/1880 1881/2098/1881 1874/2091/1874
f 1876/2093/1876 1875/2092/1875 1882/2099/1882
f 1882/2099/1882 1883/2100/1883 1876/2093/1876
f 1877/2094/1877 1876/2093/1876 1883/2100/1883
f 1883/2100/1883 1884/2101/1884 1877/2094/1877
f 1878/2095/1878 1877/2094/1877 1884/2101/1884
f 1884/2101/1884 1885/2102/1885 1878/2095/1878
f 1879/2096/1879 1878/2095/1878 1885/2102/1885
f 1885/2102/1885 1886/2103/1886 1879/2096/1879
f 1880/2097/1880 1879/2096/1879 1886/2103/1886
f 1886/2103/1886 1887/2104/1887 1880/2097/1880
f 1881/2098/1881 1880/2097/1880 1887/2104/1887
f 1887/2104/1887 1888/2105/1888 1881/2098/1881
f 1775/1973/1775 1746/1944/1746 1853/2070/1853
f 1853/2070/1853 1889/2106/1889 1775/1973/1775
f 1776/1974/1776 1775/1973/1775 1889/2106/1889
f 1889/2106/1889 1890/2107/1890 1776/1974/1776
f 1777/1975/1777 1776/1974/1776 1890/2107/1890
f 1890/2107/1890 1891/2108/1891 1777/1975/1777
f 1778/1976/1778 1777/1975/1777 1891/2108/1891
f 1891/2108/1891 1892/2109/1892 1778/1976/1778
f 1779/1977/1779 1778/1976/1778 1892/2109/1892
f 1892/2109/1892 1893/2110/1893 1779/1977/1779
f 1780/1978/1780 1779/1977/1779 1893/2110/1893
f 1893/2110/1893 1894/2111/1894 1780/1978/1780
f 1889/2106/1889 1853/2070/1853 1860/2077/1860
f 1860/2077/1860 1895/2112/1895 1889/2106/1889
f 1890/2107/1890 1889/2106/1889 1895/2112/1895
f 1895/2112/1895 1896/2113/1896 1890/2107/1890
f 1891/2108/1891 1890/2107/1890 1896/2113/1896
f 1896/2113/1896 1897/2114/1897 1891/2108/1891
f 1892/2109/1892 1891/2108/1891 1897/2114/1897
f 1897/2114/1897 1898/2115/1898 1892/2109/1892
f 1893/2110/1893 1892/2109/1892 1898/2115/1898
f 1898/2115/1898 1899/2116/1899 1893/2110/1893
f 1894/2111/1894 1893/2110/1893 1899/2116/1899
f 1899/2116/1899 1900/2117/1900 1894/2111/1894
f 1895/2112/1895 1860/2077/1860 1867/2084/1867
f 1867/2084/1867 1901/2118/1901 1895/2112/1895
f 1896/2113/1896 1895/2112/1895 1901/2118/1901
f 1901/2118/1901 1902/2119/1902 1896/2113/1896
f 1897/2114/1897 1896/2113/1896 1902/2119/1902
f 1902/2119/1902 1903/2120/1903 1897/2114/1897
f 1898/2115/1898 1897/2114/1897 1903/2120/1903
f 1903/2120/1903 1904/2121/1904 1898/2115/1898
f 1899/2116/1899 1898/2115/1898 1904/2121/1904
f 1904/2121/1904 1905/2122/1905 1899/2116/1899
f 1900/2117/1900 1899/2116/1899 1905/2122/1905
f 1905/2122/1905 1906/2123/1906 1900/2117/1900
f 1901/2118/1901 1867/2084/1867 1874/2091/1874
f 1874/2091/1874 1907/2124/1907 1901/2118/1901
f 1902/2119/1902 1901/2118/1901 1907/2124/1907
f 1907/2124/1907 1908/2125/1908 1902/2119/1902
f 1903/2120/1903 1902/2119/1902 1908/2125/1908
f 1908/2125/1908 1909/2126/1909 1903/2120/1903
f 1904/2121/1904 1903/2120/1903 1909/2126/1909
f 1909/2126/1909 1910/2127/1910 1904/2121/1904
f 1905/2122/1905 1904/2121/1904 1910/2127/1910
f 1910/2127/1910 1911/2128/1911 1905/2122/1905
f 1906/2123/1906 1905/2122/1905 1911/2128/1911
f 1911/2128/1911 1912/2129/1912 1906/2123/1906
f 1907/2124/1907 1874/2091/1874 1881/2098/1881
f 1881/2098/1881 1913/2130/1913 1907/2124/1907
f 1908/2125/1908 1907/2124/1907 1913/2130/1913
f 1913/2130/1913 1914/2131/1914 1908/2125/1908
f 1909/2126/1909 1908/2125/1908 1914/2131/1914
f 1914/2131/1914 1915/2132/1915 1909/2126/1909
f 1910/2127/1910 1909/2126/1909 1915/2132/1915
f 1915/2132/1915 1916/2133/1916 1910/2127/1910
f 1911/2128/1911 1910/2127/1910 1916/2133/1916
f 1916/2133/1916 1917/2134/1917 1911/2128/1911
f 1912/2129/1912 1911/2128/1911 1917/2134/1917
f 1917/2134/1917 1918/2135/1918 1912/2129/1912
f 1913/2130/1913 1881/2098/1881 1888/2105/1888
f 1888/2105/1888 1919/2136/1919 1913/2130/1913
f 1914/2131/1914 1913/2130/1913 1919/2136/1919
f 1919/2136/1919 1920/2137/1920 1914/2131/1914
f 1915/2132/1915 1914/2131/1914 1920/2137/1920
f 1920/2137/1920 1921/2138/1921 1915/2132/1915
f 1916/2133/1916 1915/2132/1915 1921/2138/1921
f 1921/2138/1921 1922/2139/1922 1916/2133/1916
f 1917/2134/1917 1916/2133/1916 1922/2139/1922
f 1922/2139/1922 1923/2140/1923 1917/2134/1917
f 1918/2135/1918 1917/2134/1917 1923/2140/1923
f 1923/2140/1923 1924/2141/1924 1918/2135/1918
f 1925/2142/1925 1811/2016/1811 1812/2017/1812
f 1812/2017/1812 1926/2143/1926 1925/2142/1925
f 1926/2143/1926 1812/2017/1812 1813/2018/1813
f 1813/2018/1813 1927/2144/1927 1926/2143/1926
f 1927/2144/1927 1813/2018/1813 1814/2019/1814
f 1814/2019/1814 1928/2145/1928 1927/2144/1927
f 1928/2145/1928 1814/2019/1814 1815/2020/1815
f 1815/2020/1815 1929/2146/1929 1928/2145/1928
f 1929/2146/1929 1815/2020/1815 1816/2021/1816
f 1816/2021/1816 1930/2147/1930 1929/2146/1929
f 1930/2147/1930 1816/2021/1816 1780/1978/1780
f 1780/1978/1780 1894/2111/1894 1930/2147/1930
f 1931/2148/1931 1925/2142/1925 1926/2143/1926
f 1926/2143/1926 1932/2149/1932 1931/2148/1931
f 1932/2149/1932 1926/2143/1926 1927/2144/1927
f 1927/2144/1927 1933/2150/1933 1932/2149/1932
f 1933/2150/1933 1927/2144/1927 1928/2145/1928
f 1928/2145/1928 1934/2151/1934 1933/2150/1933
f 1934/2151/1934 1928/2145/1928 1929/2146/1929
f 1929/2146/1929 1935/2152/1935 1934/2151/1934
f 1935/2152/1935 1929/2146/1929 1930/2147/1930
f 1930/2147/1930 1936/2153/1936 1935/2152/1935
f 1936/2153/1936 1930/2147/1930 1894/2111/1894
f 1894/2111/1894 1900/2117/1900 1936/2153/1936
f 1937/2154/1937 1931/2148/1931 1932/2149/1932
f 1932/2149/1932 1938/2155/1938 1937/2154/1937
f 1938/2155/1938 1932/2149/1932 1933/2150/1933
f 1933/2150/1933 1939/2156/1939 1938/2155/1938
f 1939/2156/1939 1933/2150/1933 1934/2151/1934
f 1934/2151/1934 1940/2157/1940 1939/2156/1939
f 1940/2157/1940 1934/2151/1934 1935/2152/1935
f 1935/2152/1935 1941/2158/1941 1940/2157/1940
f 1941/2158/1941 1935/2152/1935 1936/2153/1936
f 1936/2153/1936 1942/2159/1942 1941/2158/1941
f 1942/2159/1942 1936/2153/1936 1900/2117/1900
f 1900/2117/1900 1906/2123/1906 1942/2159/1942
f 1943/2160/1943 1937/2154/1937 1938/2155/1938
f 1938/2155/1938 1944/2161/1944 1943/2160/1943
f 1944/2161/1944 1938/2155/1938 1939/2156/1939
f 1939/2156/1939 1945/2162/1945 1944/2161/1944
f 1945/2162/1945 1939/2156/1939 1940/2157/1940
f 1940/2157/1940 1946/2163/1946 1945/2162/1945
f 1946/2163/1946 1940/2157/1940 1941/2158/1941
f 1941/2158/1941 1947/2164/1947 1946/2163/1946
f 1947/2164/1947 1941/2158/1941 1942/2159/1942
f 1942/2159/1942 1948/2165/1948 1947/2164/1947
f 1948/2165/1948 1942/2159/1942 1906/2123/1906
f 1906/2123/1906 1912/2129/1912 1948/2165/1948
f 1949/2166/1949 1943/2160/1943 1944/2161/1944
f 1944/2161/1944 1950/2167/1950 1949/2166/1949
f 1950/2167/1950 1944/2161/1944 1945/2162/1945
f 1945/2162/1945 1951/2168/1951 1950/2167/1950
f 1951/2168/1951 1945/2162/1945 1946/2163/1946
f 1946/2163/1946 1952/2169/1952 1951/2168/1951
f 1952/2169/1952 1946/2163/1946 1947/2164/1947
f 1947/2164/1947 1953/2170/1953 1952/2169/1952
f 1953/2170/1953 1947/2164/1947 1948/2165/1948
f 1948/2165/1948 1954/2171/1954 1953/2170/1953
f 1954/2171/1954 1948/2165/1948 1912/2129/1912
f 1912/2129/1912 1918/2135/1918 1954/2171/1954
f 1955/2172/1955 1949/2166/1949 1950/2167/1950
f 1950/2167/1950 1956/2173/1956 1955/2172/1955
f 1956/2173/1956 1950/2167/1950 1951/2168/1951
f 1951/2168/1951 1957/2174/1957 1956/2173/1956
f 1957/2174/1957 1951/2168/1951 1952/2169/1952
f 1952/2169/1952 1958/2175/1958 1957/2174/1957
f 1958/2175/1958 1952/2169/1952 1953/2170/1953
f 1953/2170/1953 1959/2176/1959 1958/2175/1958
f 1959/2176/1959 1953/2170/1953 1954/2171/1954
f 1954/2171/1954 1960/2177/1960 1959/2176/1959
f 1960/2177/1960 1954/2171/1954 1918/2135/1918
f 1918/2135/1918 1924/2141/1924 1960/2177/1960
f 1847/2178/1847 1740/2058/1740 1842/2059/1842
f 1842/2059/1842 1961/2179/1961 1847/2178/1847
f 1961/2179/1961 1842/2059/1842 1843/2060/1843
f 1843/2060/1843 1962/2180/1962 1961/2179/1961
f 1962/2180/1962 1843/2060/1843 1844/2061/1844
f 1844/2061/1844 1963/2181/1963 1962/2180/1962
f 1963/2181/1963 1844/2061/1844 1845/2062/1845
f 1845/2062/1845 1964/2182/1964 1963/2181/1963
f 1964/2182/1964 1845/2062/1845 1846/2063/1846
f 1846/2063/1846 1965/2183/1965 1964/2182/1964
f 1965/2183/1965 1846/2063/1846 1811/2016/1811
f 1811/2016/1811 1925/2142/1925 1965/2183/1965
f 1854/2184/1854 1847/2178/1847 1961/2179/1961
f 1961/2179/1961 1966/2185/1966 1854/2184/1854
f 1966/2185/1966 1961/2179/1961 1962/2180/1962
f 1962/2180/1962 1967/2186/1967 1966/2185/1966
f 1967/2186/1967 1962/2180/1962 1963/2181/1963
f 1963/2181/1963 1968/2187/1968 1967/2186/1967
f 1968/2187/1968 1963/2181/1963 1964/2182/1964
f 1964/2182/1964 1969/2188/1969 1968/2187/1968
f 1969/2188/1969 1964/2182/1964 1965/2183/1965
f 1965/2183/1965 1970/2189/1970 1969/2188/1969
f 1970/2189/1970 1965/2183/1965 1925/2142/1925
f 1925/2142/1925 1931/2148/1931 1970/2189/1970
f 1861/2190/1861 1854/2184/1854 1966/2185/1966
f 1966/2185/1966 1971/2191/1971 1861/2190/1861
f 1971/2191/1971 1966/2185/1966 1967/2186/1967
f 1967/2186/1967 1972/2192/1972 1971/2191/1971
f 1972/2192/1972 1967/2186/1967 1968/2187/1968
f 1968/2187/1968 1973/2193/1973 1972/2192/1972
f 1973/2193/1973 1968/2187/1968 1969/2188/1969
f 1969/2188/1969 1974/2194/1974 1973/2193/1973
f 1974/2194/1974 1969/2188/1969 1970/2189/1970
f 1970/2189/1970 1975/2195/1975 1974/2194/1974
f 1975/2195/1975 1970/2189/1970 1931/2148/1931
f 1931/2148/1931 1937/2154/1937 1975/2195/1975
f 1868/2196/1868 1861/2190/1861 1971/2191/1971
f 1971/2191/1971 1976/2197/1976 1868/2196/1868
f 1976/2197/1976 1971/2191/1971 1972/2192/1972
f 1972/2192/1972 1977/2198/1977 1976/2197/1976
f 1977/2198/1977 1972/2192/1972 1973/2193/1973
f 1973/2193/1973 1978/2199/1978 1977/2198/1977
f 1978/2199/1978 1973/2193/1973 1974/2194/1974
f 1974/2194/1974 1979/2200/1979 1978/2199/1978
f 1979/2200/1979 1974/2194/1974 1975/2195/1975
f 1975/2195/1975 1980/2201/1980 1979/2200/1979
f 1980/2201/1980 1975/2195/1975 1937/2154/1937
f 1937/2154/1937 1943/2160/1943 1980/2201/1980
f 1875/2202/1875 1868/2196/1868 1976/2197/1976
f 1976/2197/1976 1981/2203/1981 1875/2202/1875
f 1981/2203/1981 1976/2197/1976 1977/2198/1977
f 1977/2198/1977 1982/2204/1982 1981/2203/1981
f 1982/2204/1982 1977/2198/1977 1978/2199/1978
f 1978/2199/1978 1983/2205/1983 1982/2204/1982
f 1983/2205/1983 1978/2199/1978 1979/2200/1979
f 1979/2200/1979 1984/2206/1984 1983/2205/1983
f 1984/2206/1984 1979/2200/1979 1980/2201/1980
f 1980/2201/1980 1985/2207/1985 1984/2206/1984
f 1985/2207/1985 1980/2201/1980 1943/2160/1943
f 1943/2160/1943 1949/2166/1949 1985/2207/1985
f 1882/2208/1882 1875/2202/1875 1981/2203/1981
f 1981/2203/1981 1986/2209/1986 1882/2208/1882
f 1986/2209/1986 1981/2203/1981 1982/2204/1982
f 1982/2204/1982 1987/2210/1987 1986/2209/1986
f 1987/2210/1987 1982/2204/1982 1983/2205/1983
f 1983/2205/1983 1988/2211/1988 1987/2210/1987
f 1988/2211/1988 1983/2205/1983 1984/2206/1984
f 1984/2206/1984 1989/2212/1989 1988/2211/1988
f 1989/2212/1989 1984/2206/1984 1985/2207/1985
f 1985/2207/1985 1990/2213/1990 1989/2212/1989
f 1990/2213/1990 1985/2207/1985 1949/2166/1949
f 1949/2166/1949 1955/2172/1955 1990/2213/1990
f 1883/2100/1883 1882/2099/1882 1991/2214/1991
f 1991/2214/1991 1992/2215/1992 1883/2100/1883
f 1884/2101/1884 1883/2100/1883 1992/2215/1992
f 1992/2215/1992 1993/2216/1993 1884/2101/1884
f 1885/2102/1885 1884/2101/1884 1993/2216/1993
f 1993/2216/1993 1994/2217/1994 1885/2102/1885
f 1886/2103/1886 1885/2102/1885 1994/2217/1994
f 1994/2217/1994 1995/2218/1995 1886/2103/1886
f 1887/2104/1887 1886/2103/1886 1995/2218/1995
f 1995/2218/1995 1996/2219/1996 1887/2104/1887
f 1888/2105/1888 1887/2104/1887 1996/2219/1996
f 1996/2219/1996 1997/2220/1997 1888/2105/1888
f 1992/2215/1992 1991/2214/1991 1998/2221/1998
f 1998/2221/1998 1999/2222/1999 1992/2215/1992
f 1993/2216/1993 1992/2215/1992 1999/2222/1999
f 1999/2222/1999 2000/2223/2000 1993/2216/1993
f 1994/2217/1994 1993/2216/1993 2000/2223/2000
f 2000/2223/2000 2001/2224/2001 1994/2217/1994
f 1995/2218/1995 1994/2217/1994 2001/2224/2001
f 2001/2224/2001 2002/2225/2002 1995/2218/1995
f 1996/2219/1996 1995/2218/1995 2002/2225/2002
f 2002/2225/2002 2003/2226/2003 1996/2219/1996
f 1997/2220/1997 1996/2219/1996 2003/2226/2003
f 2003/2226/2003 2004/2227/2004 1997/2220/1997
f 1999/2222/1999 1998/2221/1998 2005/2228/2005
f 2005/2228/2005 2006/2229/2006 1999/2222/1999
f 2000/2223/2000 1999/2222/1999 2006/2229/2006
f 2006/2229/2006 2007/2230/2007 2000/2223/2000
f 2001/2224/2001 2000/2223/2000 2007/2230/2007
f 2007/2230/2007 2008/2231/2008 2001/2224/2001
f 2002/2225/2002 2001/2224/2001 2008/2231/2008
f 2008/2231/2008 2009/2232/2009 2002/2225/2002
f 2003/2226/2003 2002/2225/2002 2009/2232/2009
f 2009/2232/2009 2010/2233/2010 2003/2226/2003
f 2004/2227/2004 2003/2226/2003 2010/2233/2010
f 2010/2233/2010 2011/2234/2011 2004/2227/2004
f 2006/2229/2006 2005/2228/2005 2012/2235/2012
f 2012/2235/2012 2013/2236/2013 2006/2229/2006
f 2007/2230/2007 2006/2229/2006 2013/2236/2013
f 2013/2236/2013 2014/2237/2014 2007/2230/2007
f 2008/2231/2008 2007/2230/2007 2014/2237/2014
f 2014/2237/2014 2015/2238/2015 2008/2231/2008
f 2009/2232/2009 2008/2231/2008 2015/2238/2015
f 2015/2238/2015 2016/2239/2016 2009/2232/2009
f 2010/2233/2010 2009/2232/2009 2016/2239/2016
f 2016/2239/2016 2017/2240/2017 2010/2233/2010
f 2011/2234/2011 2010/2233/2010 2017/2240/2017
f 2017/2240/2017 2018/2241/2018 2011/2234/2011
f 2013/2236/2013 2012/2235/2012 2019/2242/2019
f 2019/2242/2019 2020/2243/2020 2013/2236/2013
f 2014/2237/2014 2013/2236/2013 2020/2243/2020
f 2020/2243/2020 2021/2244/2021 2014/2237/2014
f 2015/2238/2015 2014/2237/2014 2021/2244/2021
f 2021/2244/2021 2022/2245/2022 2015/2238/2015
f 2016/2239/2016 2015/2238/2015 2022/2245/2022
f 2022/2245/2022 2023/2246/2023 2016/2239/2016
f 2017/2240/2017 2016/2239/2016 2023/2246/2023
f 2023/2246/2023 2024/2247/2024 2017/2240/2017
f 2018/2241/2018 2017/2240/2017 2024/2247/2024
f 2024/2247/2024 2025/2248/2025 2018/2241/2018
f 2020/2243/2020 2019/2242/2019 728/784/2026
f 728/784/2026 729/785/2027 2020/2243/2020
f 2021/2244/2021 2020/2243/2020 729/785/2027
f 729/785/2027 730/786/2028 2021/2244/2021
f 2022/2245/2022 2021/2244/2021 730/786/2028
f 730/786/2028 731/787/2029 2022/2245/2022
f 2023/2246/2023 2022/2245/2022 731/787/2029
f 731/787/2029 732/788/2030 2023/2246/2023
f 2024/2247/2024 2023/2246/2023 732/788/2030
f 732/788/2030 733/789/2031 2024/2247/2024
f 2025/2248/2025 2024/2247/2024 733/789/2031
f 733/789/2031 734/790/2032 2025/2248/2025
f 1919/2136/1919 1888/2105/1888 1997/2220/1997
f 1997/2220/1997 2026/2249/2033 1919/2136/1919
f 1920/2137/1920 1919/2136/1919 2026/2249/2033
f 2026/2249/2033 2027/2250/2034 1920/2137/1920
f 1921/2138/1921 1920/2137/1920 2027/2250/2034
f 2027/2250/2034 2028/2251/2035 1921/2138/1921
f 1922/2139/1922 1921/2138/1921 2028/2251/2035
f 2028/2251/2035 2029/2252/2036 1922/2139/1922
f 1923/2140/1923 1922/2139/1922 2029/2252/2036
f 2029/2252/2036 2030/2253/2037 1923/2140/1923
f 1924/2141/1924 1923/2140/1923 2030/2253/2037
f 2030/2253/2037 2031/2254/2038 1924/2141/1924
f 2026/2249/2033 1997/2220/1997 2004/2227/2004
f 2004/2227/2004 2032/2255/2039 2026/2249/2033
f 2027/2250/2034 2026/2249/2033 2032/2255/2039
f 2032/2255/2039 2033/2256/2040 2027/2250/2034
f 2028/2251/2035 2027/2250/2034 2033/2256/2040
f 2033/2256/2040 2034/2257/2041 2028/2251/2035
f 2029/2252/2036 2028/2251/2035 2034/2257/2041
f 2034/2257/2041 2035/2258/2042 2029/2252/2036
f 2030/2253/2037 2029/2252/2036 2035/2258/2042
f 2035/2258/2042 2036/2259/2043 2030/2253/2037
f 2031/2254/2038 2030/2253/2037 2036/2259/2043
f 2036/2259/2043 2037/2260/2044 2031/2254/2038
f 2032/2255/2039 2004/2227/2004 2011/2234/2011
f 2011/2234/2011 2038/2261/2045 2032/2255/2039
f 2033/2256/2040 2032/2255/2039 2038/2261/2045
f 2038/2261/2045 2039/2262/2046 2033/2256/2040
f 2034/2257/2041 2033/2256/2040 2039/2262/2046
f 2039/2262/2046 2040/2263/2047 2034/2257/2041
f 2035/2258/2042 2034/2257/2041 2040/2263/2047
f 2040/2263/2047 2041/2264/2048 2035/2258/2042
f 2036/2259/2043 2035/2258/2042 2041/2264/2048
f 2041/2264/2048 2042/2265/2049 2036/2259/2043
f 2037/2260/2044 2036/2259/2043 2042/2265/2049
f 2042/2265/2049 2043/2266/2050 2037/2260/2044
f 2038/2261/2045 2011/2234/2011 2018/2241/2018
f 2018/2241/2018 2044/2267/2051 2038/2261/2045
f 2039/2262/2046 2038/2261/2045 2044/2267/2051
f 2044/2267/2051 2045/2268/2052 2039/2262/2046
f 2040/2263/2047 2039/2262/2046 2045/2268/2052
f 2045/2268/2052 2046/2269/2053 2040/2263/2047
f 2041/2264/2048 2040/2263/2047 2046/2269/2053
f 2046/2269/2053 2047/2270/2054 2041/2264/2048
f 2042/2265/2049 2041/2264/2048 2047/2270/2054
f 2047/2270/2054 2048/2271/2055 2042/2265/2049
f 2043/2266/2050 2042/2265/2049 2048/2271/2055
f 2048/2271/2055 2049/2272/2056 2043/2266/2050
f 2044/2267/2051 2018/2241/2018 2025/2248/2025
f 2025/2248/2025 2050/2273/2057 2044/2267/2051
f 2045/2268/2052 2044/2267/2051 2050/2273/2057
f 2050/2273/2057 2051/2274/2058 2045/2268/2052
f 2046/2269/2053 2045/2268/2052 2051/2274/2058
f 2051/2274/2058 2052/2275/2059 2046/2269/2053
f 2047/2270/2054 2046/2269/2053 2052/2275/2059
f 2052/2275/2059 2053/2276/2060 2047/2270/2054
f 2048/2271/2055 2047/2270/2054 2053/2276/2060
f 2053/2276/2060 2054/2277/2061 2048/2271/2055
f 2049/2272/2056 2048/2271/2055 2054/2277/2061
f 2054/2277/2061 2055/2278/2062 2049/2272/2056
f 2050/2273/2057 2025/2248/2025 734/790/2032
f 734/790/2032 777/833/2063 2050/2273/2057
f 2051/2274/2058 2050/2273/2057 777/833/2063
f 777/833/2063 778/834/2064 2051/2274/2058
f 2052/2275/2059 2051/2274/2058 778/834/2064
f 778/834/2064 779/835/2065 2052/2275/2059
f 2053/2276/2060 2052/2275/2059 779/835/2065
f 779/835/2065 780/836/2066 2053/2276/2060
f 2054/2277/2061 2053/2276/2060 780/836/2066
f 780/836/2066 781/837/2067 2054/2277/2061
f 2055/2278/2062 2054/2277/2061 781/837/2067
f 781/837/2067 782/838/2068 2055/2278/2062
f 2056/2279/2069 1955/2172/1955 1956/2173/1956
f 1956/2173/1956 2057/2280/2070 2056/2279/2069
f 2057/2280/2070 1956/2173/1956 1957/2174/1957
f 1957/2174/1957 2058/2281/2071 2057/2280/2070
f 2058/2281/2071 1957/2174/1957 1958/2175/1958
f 1958/2175/1958 2059/2282/2072 2058/2281/2071
f 2059/2282/2072 1958/2175/1958 1959/2176/1959
f 1959/2176/1959 2060/2283/2073 2059/2282/2072
f 2060/2283/2073 1959/2176/1959 1960/2177/1960
f 1960/2177/1960 2061/2284/2074 2060/2283/2073
f 2061/2284/2074 1960/2177/1960 1924/2141/1924
f 1924/2141/1924 2031/2254/2038 2061/2284/2074
f 2062/2285/2075 2056/2279/2069 2057/2280/2070
f 2057/2280/2070 2063/2286/2076 2062/2285/2075
f 2063/2286/2076 2057/2280/2070 2058/2281/2071
f 2058/2281/2071 2064/2287/2077 2063/2286/2076
f 2064/2287/2077 2058/2281/2071 2059/2282/2072
f 2059/2282/2072 2065/2288/2078 2064/2287/2077
f 2065/2288/2078 2059/2282/2072 2060/2283/2073
f 2060/2283/2073 2066/2289/2079 2065/2288/2078
f 2066/2289/2079 2060/2283/2073 2061/2284/2074
f 2061/2284/2074 2067/2290/2080 2066/2289/2079
f 2067/2290/2080 2061/2284/2074 2031/2254/2038
f 2031/2254/2038 2037/2260/2044 2067/2290/2080
f 2068/2291/2081 2062/2285/2075 2063/2286/2076
f 2063/2286/2076 2069/2292/2082 2068/2291/2081
f 2069/2292/2082 2063/2286/2076 2064/2287/2077
f 2064/2287/2077 2070/2293/2083 2069/2292/2082
f 2070/2293/2083 2064/2287/2077 2065/2288/2078
f 2065/2288/2078 2071/2294/2084 2070/2293/2083
f 2071/2294/2084 2065/2288/2078 2066/2289/2079
f 2066/2289/2079 2072/2295/2085 2071/2294/2084
f 2072/2295/2085 2066/2289/2079 2067/2290/2080
f 2067/2290/2080 2073/2296/2086 2072/2295/2085
f 2073/2296/2086 2067/2290/2080 2037/2260/2044
f 2037/2260/2044 2043/2266/2050 2073/2296/2086
f 2074/2297/2087 2068/2291/2081 2069/2292/2082
f 2069/2292/2082 2075/2298/2088 2074/2297/2087
f 2075/2298/2088 2069/2292/2082 2070/2293/2083
f 2070/2293/2083 2076/2299/2089 2075/2298/2088
f 2076/2299/2089 2070/2293/2083 2071/2294/2084
f 2071/2294/2084 2077/2300/2090 2076/2299/2089
f 2077/2300/2090 2071/2294/2084 2072/2295/2085
f 2072/2295/2085 2078/2301/2091 2077/2300/2090
f 2078/2301/2091 2072/2295/2085 2073/2296/2086
f 2073/2296/2086 2079/2302/2092 2078/2301/2091
f 2079/2302/2092 2073/2296/2086 2043/2266/2050
f 2043/2266/2050 2049/2272/2056 2079/2302/2092
f 2080/2303/2093 2074/2297/2087 2075/2298/2088
f 2075/2298/2088 2081/2304/2094 2080/2303/2093
f 2081/2304/2094 2075/2298/2088 2076/2299/2089
f 2076/2299/2089 2082/2305/2095 2081/2304/2094
f 2082/2305/2095 2076/2299/2089 2077/2300/2090
f 2077/2300/2090 2083/2306/2096 2082/2305/2095
f 2083/2306/2096 2077/2300/2090 2078/2301/2091
f 2078/2301/2091 2084/2307/2097 2083/2306/2096
f 2084/2307/2097 2078/2301/2091 2079/2302/2092
f 2079/2302/2092 2085/2308/2098 2084/2307/2097
f 2085/2308/2098 2079/2302/2092 2049/2272/2056
f 2049/2272/2056 2055/2278/2062 2085/2308/2098
f 819/875/2099 2080/2303/2093 2081/2304/2094
f 2081/2304/2094 820/876/2100 819/875/2099
f 820/876/2100 2081/2304/2094 2082/2305/2095
f 2082/2305/2095 821/877/2101 820/876/2100
f 821/877/2101 2082/2305/2095 2083/2306/2096
f 2083/2306/2096 822/878/2102 821/877/2101
f 822/878/2102 2083/2306/2096 2084/2307/2097
f 2084/2307/2097 823/879/2103 822/878/2102
f 823/879/2103 2084/2307/2097 2085/2308/2098
f 2085/2308/2098 824/880/2104 823/879/2103
f 824/880/2104 2085/2308/2098 2055/2278/2062
f 2055/2278/2062 782/838/2068 824/880/2104
f 1991/2309/1991 1882/2208/1882 1986/2209/1986
f 1986/2209/1986 2086/2310/2105 1991/2309/1991
f 2086/2310/2105 1986/2209/1986 1987/2210/1987
f 1987/2210/1987 2087/2311/2106 2086/2310/2105
f 2087/2311/2106 1987/2210/1987 1988/2211/1988
f 1988/2211/1988 2088/2312/2107 2087/2311/2106
f 2088/2312/2107 1988/2211/1988 1989/2212/1989
f 1989/2212/1989 2089/2313/2108 2088/2312/2107
f 2089/2313/2108 1989/2212/1989 1990/2213/1990
f 1990/2213/1990 2090/2314/2109 2089/2313/2108
f 2090/2314/2109 1990/2213/1990 1955/2172/1955
f 1955/2172/1955 2056/2279/2069 2090/2314/2109
f 1998/2315/1998 1991/2309/1991 2086/2310/2105
f 2086/2310/2105 2091/2316/2110 1998/2315/1998
f 2091/2316/2110 2086/2310/2105 2087/2311/2106
f 2087/2311/2106 2092/2317/2111 2091/2316/2110
f 2092/2317/2111 2087/2311/2106 2088/2312/2107
f 2088/2312/2107 2093/2318/2112 2092/2317/2111
f 2093/2318/2112 2088/2312/2107 2089/2313/2108
f 2089/2313/2108 2094/2319/2113 2093/2318/2112
f 2094/2319/2113 2089/2313/2108 2090/2314/2109
f 2090/2314/2109 2095/2320/2114 2094/2319/2113
f 2095/2320/2114 2090/2314/2109 2056/2279/2069
f 2056/2279/2069 2062/2285/2075 2095/2320/2114
f 2005/2321/2005 1998/2315/1998 2091/2316/2110
f 2091/2316/2110 2096/2322/2115 2005/2321/2005
f 2096/2322/2115 2091/2316/2110 2092/2317/2111
f 2092/2317/2111 2097/2323/2116 2096/2322/2115
f 2097/2323/2116 2092/2317/2111 2093/2318/2112
f 2093/2318/2112 2098/2324/2117 2097/2323/2116
f 2098/2324/2117 2093/2318/2112 2094/2319/2113
f 2094/2319/2113 2099/2325/2118 2098/2324/2117
f 2099/2325/2118 2094/2319/2113 2095/2320/2114
f 2095/2320/2114 2100/2326/2119 2099/2325/2118
f 2100/2326/2119 2095/2320/2114 2062/2285/2075
f 2062/2285/2075 2068/2291/2081 2100/2326/2119
f 2012/2327/2012 2005/2321/2005 2096/2322/2115
f 2096/2322/2115 2101/2328/2120 2012/2327/2012
f 2101/2328/2120 2096/2322/2115 2097/2323/2116
f 2097/2323/2116 2102/2329/2121 2101/2328/2120
f 2102/2329/2121 2097/2323/2116 2098/2324/2117
f 2098/2324/2117 2103/2330/2122 2102/2329/2121
f 2103/2330/2122 2098/2324/2117 2099/2325/2118
f 2099/2325/2118 2104/2331/2123 2103/2330/2122
f 2104/2331/2123 2099/2325/2118 2100/2326/2119
f 2100/2326/2119 2105/2332/2124 2104/2331/2123
f 2105/2332/2124 2100/2326/2119 2068/2291/2081
f 2068/2291/2081 2074/2297/2087 2105/2332/2124
f 2019/2333/2019 2012/2327/2012 2101/2328/2120
f 2101/2328/2120 2106/2334/2125 2019/2333/2019
f 2106/2334/2125 2101/2328/2120 2102/2329/2121
f 2102/2329/2121 2107/2335/2126 2106/2334/2125
f 2107/2335/2126 2102/2329/2121 2103/2330/2122
f 2103/2330/2122 2108/2336/2127 2107/2335/2126
f 2108/2336/2127 2103/2330/2122 2104/2331/2123
f 2104/2331/2123 2109/2337/2128 2108/2336/2127
f 2109/2337/2128 2104/2331/2123 2105/2332/2124
f 2105/2332/2124 2110/2338/2129 2109/2337/2128
f 2110/2338/2129 2105/2332/2124 2074/2297/2087
f 2074/2297/2087 2080/2303/2093 2110/2338/2129
f 728/917/2026 2019/2333/2019 2106/2334/2125
f 2106/2334/2125 861/918/2130 728/917/2026
f 861/918/2130 2106/2334/2125 2107/2335/2126
f 2107/2335/2126 862/919/2131 861/918/2130
f 862/919/2131 2107/2335/2126 2108/2336/2127
f 2108/2336/2127 863/920/2132 862/919/2131
f 863/920/2132 2108/2336/2127 2109/2337/2128
f 2109/2337/2128 864/921/2133 863/920/2132
f 864/921/2133 2109/2337/2128 2110/2338/2129
f 2110/2338/2129 865/922/2134 864/921/2133
f 865/922/2134 2110/2338/2129 2080/2303/2093
f 2080/2303/2093 819/875/2099 865/922/2134
f 620/2340/2136 619/2339/2135 2111/2346/2142
f 2111/2346/2142 2112/2347/2143 620/2340/2136
f 621/2341/2137 620/2340/2136 2112/2347/2143
f 2112/2347/2143 2113/2348/2144 621/2341/2137
f 622/2342/2138 621/2341/2137 2113/2348/2144
f 2113/2348/2144 2114/2349/2145 622/2342/2138
f 623/2343/2139 622/2342/2138 2114/2349/2145
f 2114/2349/2145 2115/2350/2146 623/2343/2139
f 624/2344/2140 623/2343/2139 2115/2350/2146
f 2115/2350/2146 2116/2351/2147 624/2344/2140
f 625/2345/2141 624/2344/2140 2116/2351/2147
f 2116/2351/2147 2117/2352/2148 625/2345/2141
f 2112/2347/2143 2111/2346/2142 2118/2353/2149
f 2118/2353/2149 2119/2354/2150 2112/2347/2143
f 2113/2348/2144 2112/2347/2143 2119/2354/2150
f 2119/2354/2150 2120/2355/2151 2113/2348/2144
f 2114/2349/2145 2113/2348/2144 2120/2355/2151
f 2120/2355/2151 2121/2356/2152 2114/2349/2145
f 2115/2350/2146 2114/2349/2145 2121/2356/2152
f 2121/2356/2152 2122/2357/2153 2115/2350/2146
f 2116/2351/2147 2115/2350/2146 2122/2357/2153
f 2122/2357/2153 2123/2358/2154 2116/2351/2147
f 2117/2352/2148 2116/2351/2147 2123/2358/2154
f 2123/2358/2154 2124/2359/2155 2117/2352/2148
f 2119/2354/2150 2118/2353/2149 2125/2360/2156
f 2125/2360/2156 2126/2361/2157 2119/2354/2150
f 2120/2355/2151 2119/2354/2150 2126/2361/2157
f 2126/2361/2157 2127/2362/2158 2120/2355/2151
f 2121/2356/2152 2120/2355/2151 2127/2362/2158
f 2127/2362/2158 2128/2363/2159 2121/2356/2152
f 2122/2357/2153 2121/2356/2152 2128/2363/2159
f 2128/2363/2159 2129/2364/2160 2122/2357/2153
f 2123/2358/2154 2122/2357/2153 2129/2364/2160
f 2129/2364/2160 2130/2365/2161 2123/2358/2154
f 2124/2359/2155 2123/2358/2154 2130/2365/2161
f 2130/2365/2161 2131/2366/2162 2124/2359/2155
f 2126/2361/2157 2125/2360/2156 2132/2367/2163
f 2132/2367/2163 2133/2368/2164 2126/2361/2157
f 2127/2362/2158 2126/2361/2157 2133/2368/2164
f 2133/2368/2164 2134/2369/2165 2127/2362/2158
f 2128/2363/2159 2127/2362/2158 2134/2369/2165
f 2134/2369/2165 2135/2370/2166 2128/2363/2159
f 2129/2364/2160 2128/2363/2159 2135/2370/2166
f 2135/2370/2166 2136/2371/2167 2129/2364/2160
f 2130/2365/2161 2129/2364/2160 2136/2371/2167
f 2136/2371/2167 2137/2372/2168 2130/2365/2161
f 2131/2366/2162 2130/2365/2161 2137/2372/2168
f 2137/2372/2168 2138/2373/2169 2131/2366/2162
f 2133/2368/2164 2132/2367/2163 2139/2374/2170
f 2139/2374/2170 2140/2375/2171 2133/2368/2164
f 2134/2369/2165 2133/2368/2164 2140/2375/2171
f 2140/2375/2171 2141/2376/2172 2134/2369/2165
f 2135/2370/2166 2134/2369/2165 2141/2376/2172
f 2141/2376/2172 2142/2377/2173 2135/2370/2166
f 2136/2371/2167 2135/2370/2166 2142/2377/2173
f 2142/2377/2173 2143/2378/2174 2136/2371/2167
f 2137/2372/2168 2136/2371/2167 2143/2378/2174
f 2143/2378/2174 2144/2379/2175 2137/2372/2168
f 2138/2373/2169 2137/2372/2168 2144/2379/2175
f 2144/2379/2175 2145/2380/2176 2138/2373/2169
f 2140/2375/2171 2139/2374/2170 2146/2381/2177
f 2146/2381/2177 2147/2382/2178 2140/2375/2171
f 2141/2376/2172 2140/2375/2171 2147/2382/2178
f 2147/2382/2178 2148/2383/2179 2141/2376/2172
f 2142/2377/2173 2141/2376/2172 2148/2383/2179
f 2148/2383/2179 2149/2384/2180 2142/2377/2173
f 2143/2378/2174 2142/2377/2173 2149/2384/2180
f 2149/2384/2180 2150/2385/2181 2143/2378/2174
f 2144/2379/2175 2143/2378/2174 2150/2385/2181
f 2150/2385/2181 2151/2386/2182 2144/2379/2175
f 2145/2380/2176 2144/2379/2175 2151/2386/2182
f 2151/2386/2182 2152/2387/2183 2145/2380/2176
f 656/2388/2184 625/2345/2141 2117/2352/2148
f 2117/2352/2148 2153/2394/2190 656/2388/2184
f 657/2389/2185 656/2388/2184 2153/2394/2190
f 2153/2394/2190 2154/2395/2191 657/2389/2185
f 658/2390/2186 657/2389/2185 2154/2395/2191
f 2154/2395/2191 2155/2396/2192 658/2390/2186
f 659/2391/2187 658/2390/2186 2155/2396/2192
f 2155/2396/2192 2156/2397/2193 659/2391/2187
f 660/2392/2188 659/2391/2187 2156/2397/2193
f 2156/2397/2193 2157/2398/2194 660/2392/2188
f 661/2393/2189 660/2392/2188 2157/2398/2194
f 2157/2398/2194 2158/2399/2195 661/2393/2189
f 2153/2394/2190 2117/2352/2148 2124/2359/2155
f 2124/2359/2155 2159/2400/2196 2153/2394/2190
f 2154/2395/2191 2153/2394/2190 2159/2400/2196
f 2159/2400/2196 2160/2401/2197 2154/2395/2191
f 2155/2396/2192 2154/2395/2191 2160/2401/2197
f 2160/2401/2197 2161/2402/2198 2155/2396/2192
f 2156/2397/2193 2155/2396/2192 2161/2402/2198
f 2161/2402/2198 2162/2403/2199 2156/2397/2193
f 2157/2398/2194 2156/2397/2193 2162/2403/2199
f 2162/2403/2199 2163/2404/2200 2157/2398/2194
f 2158/2399/2195 2157/2398/2194 2163/2404/2200
f 2163/2404/2200 2164/2405/2201 2158/2399/2195
f 2159/2400/2196 2124/2359/2155 2131/2366/2162
f 2131/2366/2162 2165/2406/2202 2159/2400/2196
f 2160/2401/2197 2159/2400/2196 2165/2406/2202
f 2165/2406/2202 2166/2407/2203 2160/2401/2197
f 2161/2402/2198 2160/2401/2197 2166/2407/2203
f 2166/2407/2203 2167/2408/2204 2161/2402/2198
f 2162/2403/2199 2161/2402/2198 2167/2408/2204
f 2167/2408/2204 2168/2409/2205 2162/2403/2199
f 2163/2404/2200 2162/2403/2199 2168/2409/2205
f 2168/2409/2205 2169/2410/2206 2163/2404/2200
f 2164/2405/2201 2163/2404/2200 2169/2410/2206
f 2169/2410/2206 2170/2411/2207 2164/2405/2201
f 2165/2406/2202 2131/2366/2162 2138/2373/2169
f 2138/2373/2169 2171/2412/2208 2165/2406/2202
f 2166/2407/2203 2165/2406/2202 2171/2412/2208
f 2171/2412/2208 2172/2413/2209 2166/2407/2203
f 2167/2408/2204 2166/2407/2203 2172/2413/2209
f 2172/2413/2209 2173/2414/2210 2167/2408/2204
f 2168/2409/2205 2167/2408/2204 2173/2414/2210
f 2173/2414/2210 2174/2415/2211 2168/2409/2205
f 2169/2410/2206 2168/2409/2205 2174/2415/2211
f 2174/2415/2211 2175/2416/2212 2169/2410/2206
f 2170/2411/2207 2169/2410/2206 2175/2416/2212
f 2175/2416/2212 2176/2417/2213 2170/2411/2207
f 2171/2412/2208 2138/2373/2169 2145/2380/2176
f 2145/2380/2176 2177/2418/2214 2171/2412/2208
f 2172/2413/2209 2171/2412/2208 2177/2418/2214
f 2177/2418/2214 2178/2419/2215 2172/2413/2209
f 2173/2414/2210 2172/2413/2209 2178/2419/2215
f 2178/2419/2215 2179/2420/2216 2173/2414/2210
f 2174/2415/2211 2173/2414/2210 2179/2420/2216
f 2179/2420/2216 2180/2421/2217 2174/2415/2211
f 2175/2416/2212 2174/2415/2211 2180/2421/2217
f 2180/2421/2217 2181/2422/2218 2175/2416/2212
f 2176/2417/2213 2175/2416/2212 2181/2422/2218
f 2181/2422/2218 2182/2423/2219 2176/2417/2213
f 2177/2418/2214 2145/2380/2176 2152/2387/2183
f 2152/2387/2183 2183/2424/2220 2177/2418/2214
f 2178/2419/2215 2177/2418/2214 2183/2424/2220
f 2183/2424/2220 2184/2425/2221 2178/2419/2215
f 2179/2420/2216 2178/2419/2215 2184/2425/2221
f 2184/2425/2221 2185/2426/2222 2179/2420/2216
f 2180/2421/2217 2179/2420/2216 2185/2426/2222
f 2185/2426/2222 2186/2427/2223 2180/2421/2217
f 2181/2422/2218 2180/2421/2217 2186/2427/2223
f 2186/2427/2223 2187/2428/2224 2181/2422/2218
f 2182/2423/2219 2181/2422/2218 2187/2428/2224
f 2187/2428/2224 2188/2429/2225 2182/2423/2219
f 2189/2436/2232 692/2430/2226 693/2431/2227
f 693/2431/2227 2190/2437/2233 2189/2436/2232
f 2190/2437/2233 693/2431/2227 694/2432/2228
f 694/2432/2228 2191/2438/2234 2190/2437/2233
f 2191/2438/2234 694/2432/2228 695/2433/2229
f 695/2433/2229 2192/2439/2235 2191/2438/2234
f 2192/2439/2235 695/2433/2229 696/2434/2230
f 696/2434/2230 2193/2440/2236 2192/2439/2235
f 2193/2440/2236 696/2434/2230 697/2435/2231
f 697/2435/2231 2194/2441/2237 2193/2440/2236
f 2194/2441/2237 697/2435/2231 661/2393/2189
f 661/2393/2189 2158/2399/2195 2194/2441/2237
f 2195/2442/2238 2189/2436/2232 2190/2437/2233
f 2190/2437/2233 2196/2443/2239 2195/2442/2238
f 2196/2443/2239 2190/2437/2233 2191/2438/2234
f 2191/2438/2234 2197/2444/2240 2196/2443/2239
f 2197/2444/2240 2191/2438/2234 2192/2439/2235
f 2192/2439/2235 2198/2445/2241 2197/2444/2240
f 2198/2445/2241 2192/2439/2235 2193/2440/2236
f 2193/2440/2236 2199/2446/2242 2198/2445/2241
f 2199/2446/2242 2193/2440/2236 2194/2441/2237
f 2194/2441/2237 2200/2447/2243 2199/2446/2242
f 2200/2447/2243 2194/2441/2237 2158/2399/2195
f 2158/2399/2195 2164/2405/2201 2200/2447/2243
f 2201/2448/2244 2195/2442/2238 2196/2443/2239
f 2196/2443/2239 2202/2449/2245 2201/2448/2244
f 2202/2449/2245 2196/2443/2239 2197/2444/2240
f 2197/2444/2240 2203/2450/2246 2202/2449/2245
f 2203/2450/2246 2197/2444/2240 2198/2445/2241
f 2198/2445/2241 2204/2451/2247 2203/2450/2246
f 2204/2451/2247 2198/2445/2241 2199/2446/2242
f 2199/2446/2242 2205/2452/2248 2204/2451/2247
f 2205/2452/2248 2199/2446/2242 2200/2447/2243
f 2200/2447/2243 2206/2453/2249 2205/2452/2248
f 2206/2453/2249 2200/2447/2243 2164/2405/2201
f 2164/2405/2201 2170/2411/2207 2206/2453/2249
f 2207/2454/2250 2201/2448/2244 2202/2449/2245
f 2202/2449/2245 2208/2455/2251 2207/2454/2250
f 2208/2455/2251 2202/2449/2245 2203/2450/2246
f 2203/2450/2246 2209/2456/2252 2208/2455/2251
f 2209/2456/2252 2203/2450/2246 2204/2451/2247
f 2204/2451/2247 2210/2457/2253 2209/2456/2252
f 2210/2457/2253 2204/2451/2247 2205/2452/2248
f 2205/2452/2248 2211/2458/2254 2210/2457/2253
f 2211/2458/2254 2205/2452/2248 2206/2453/2249
f 2206/2453/2249 2212/2459/2255 2211/2458/2254
f 2212/2459/2255 2206/2453/2249 2170/2411/2207
f 2170/2411/2207 2176/2417/2213 2212/2459/2255
f 2213/2460/2256 2207/2454/2250 2208/2455/2251
f 2208/2455/2251 2214/2461/2257 2213/2460/2256
f 2214/2461/2257 2208/2455/2251 2209/2456/2252
f 2209/2456/2252 2215/2462/2258 2214/2461/2257
f 2215/2462/2258 2209/2456/2252 2210/2457/2253
f 2210/2457/2253 2216/2463/2259 2215/2462/2258
f 2216/2463/2259 2210/2457/2253 2211/2458/2254
f 2211/2458/2254 2217/2464/2260 2216/2463/2259
f 2217/2464/2260 2211/2458/2254 2212/2459/2255
f 2212/2459/2255 2218/2465/2261 2217/2464/2260
f 2218/2465/2261 2212/2459/2255 2176/2417/2213
f 2176/2417/2213 2182/2423/2219 2218/2465/2261
f 2219/2466/2262 2213/2460/2256 2214/2461/2257
f 2214/2461/2257 2220/2467/2263 2219/2466/2262
f 2220/2467/2263 2214/2461/2257 2215/2462/2258
f 2215/2462/2258 2221/2468/2264 2220/2467/2263
f 2221/2468/2264 2215/2462/2258 2216/2463/2259
f 2216/2463/2259 2222/2469/2265 2221/2468/2264
f 2222/2469/2265 2216/2463/2259 2217/2464/2260
f 2217/2464/2260 2223/2470/2266 2222/2469/2265
f 2223/2470/2266 2217/2464/2260 2218/2465/2261
f 2218/2465/2261 2224/2471/2267 2223/2470/2266
f 2224/2471/2267 2218/2465/2261 2182/2423/2219
f 2182/2423/2219 2188/2429/2225 2224/2471/2267
f 2111/2346/2142 619/2339/2135 723/2472/2268
f 723/2472/2268 2225/2477/2273 2111/2346/2142
f 2225/2477/2273 723/2472/2268 724/2473/2269
f 724/2473/2269 2226/2478/2274 2225/2477/2273
f 2226/2478/2274 724/2473/2269 725/2474/2270
f 725/2474/2270 2227/2479/2275 2226/2478/2274
f 2227/2479/2275 725/2474/2270 726/2475/2271
f 726/2475/2271 2228/2480/2276 2227/2479/2275
f 2228/2480/2276 726/2475/2271 727/2476/2272
f 727/2476/2272 2229/2481/2277 2228/2480/2276
f 2229/2481/2277 727/2476/2272 692/2430/2226
f 692/2430/2226 2189/2436/2232 2229/2481/2277
f 2118/2353/2149 2111/2346/2142 2225/2477/2273
f 2225/2477/2273 2230/2482/2278 2118/2353/2149
f 2230/2482/2278 2225/2477/2273 2226/2478/2274
f 2226/2478/2274 2231/2483/2279 2230/2482/2278
f 2231/2483/2279 2226/2478/2274 2227/2479/2275
f 2227/2479/2275 2232/2484/2280 2231/2483/2279
f 2232/2484/2280 2227/2479/2275 2228/2480/2276
f 2228/2480/2276 2233/2485/2281 2232/2484/2280
f 2233/2485/2281 2228/2480/2276 2229/2481/2277
f 2229/2481/2277 2234/2486/2282 2233/2485/2281
f 2234/2486/2282 2229/2481/2277 2189/2436/2232
f 2189/2436/2232 2195/2442/2238 2234/2486/2282
f 2125/2360/2156 2118/2353/2149 2230/2482/2278
f 2230/2482/2278 2235/2487/2283 2125/2360/2156
f 2235/2487/2283 2230/2482/2278 2231/2483/2279
f 2231/2483/2279 2236/2488/2284 2235/2487/2283
f 2236/2488/2284 2231/2483/2279 2232/2484/2280
f 2232/2484/2280 2237/2489/2285 2236/2488/2284
f 2237/2489/2285 2232/2484/2280 2233/2485/2281
f 2233/2485/2281 2238/2490/2286 2237/2489/2285
f 2238/2490/2286 2233/2485/2281 2234/2486/2282
f 2234/2486/2282 2239/2491/2287 2238/2490/2286
f 2239/2491/2287 2234/2486/2282 2195/2442/2238
f 2195/2442/2238 2201/2448/2244 2239/2491/2287
f 2132/2367/2163 2125/2360/2156 2235/2487/2283
f 2235/2487/2283 2240/2492/2288 2132/2367/2163
f 2240/2492/2288 2235/2487/2283 2236/2488/2284
f 2236/2488/2284 2241/2493/2289 2240/2492/2288
f 2241/2493/2289 2236/2488/2284 2237/2489/2285
f 2237/2489/2285 2242/2494/2290 2241/2493/2289
f 2242/2494/2290 2237/2489/2285 2238/2490/2286
f 2238/2490/2286 2243/2495/2291 2242/2494/2290
f 2243/2495/2291 2238/2490/2286 2239/2491/2287
f 2239/2491/2287 2244/2496/2292 2243/2495/2291
f 2244/2496/2292 2239/2491/2287 2201/2448/2244
f 2201/2448/2244 2207/2454/2250 2244/2496/2292
f 2139/2374/2170 2132/2367/2163 2240/2492/2288
f 2240/2492/2288 2245/2497/2293 2139/2374/2170
f 2245/2497/2293 2240/2492/2288 2241/2493/2289
f 2241/2493/2289 2246/2498/2294 2245/2497/2293
f 2246/2498/2294 2241/2493/2289 2242/2494/2290
f 2242/2494/2290 2247/2499/2295 2246/2498/2294
f 2247/2499/2295 2242/2494/2290 2243/2495/2291
f 2243/2495/2291 2248/2500/2296 2247/2499/2295
f 2248/2500/2296 2243/2495/2291 2244/2496/2292
f 2244/2496/2292 2249/2501/2297 2248/2500/2296
f 2249/2501/2297 2244/2496/2292 2207/2454/2250
f 2207/2454/2250 2213/2460/2256 2249/2501/2297
f 2146/2381/2177 2139/2374/2170 2245/2497/2293
f 2245/2497/2293 2250/2502/2298 2146/2381/2177
f 2250/2502/2298 2245/2497/2293 2246/2498/2294
f 2246/2498/2294 2251/2503/2299 2250/2502/2298
f 2251/2503/2299 2246/2498/2294 2247/2499/2295
f 2247/2499/2295 2252/2504/2300 2251/2503/2299
f 2252/2504/2300 2247/2499/2295 2248/2500/2296
f 2248/2500/2296 2253/2505/2301 2252/2504/2300
f 2253/2505/2301 2248/2500/2296 2249/2501/2297
f 2249/2501/2297 2254/2506/2302 2253/2505/2301
f 2254/2506/2302 2249/2501/2297 2213/2460/2256
f 2213/2460/2256 2219/2466/2262 2254/2506/2302
f 2147/2382/2178 2146/2381/2177 2255/2507/2303
f 2255/2507/2303 2256/2508/2304 2147/2382/2178
f 2148/2383/2179 2147/2382/2178 2256/2508/2304
f 2256/2508/2304 2257/2509/2305 2148/2383/2179
f 2149/2384/2180 2148/2383/2179 2257/2509/2305
f 2257/2509/2305 2258/2510/2306 2149/2384/2180
f 2150/2385/2181 2149/2384/2180 2258/2510/2306
f 2258/2510/2306 2259/2511/2307 2150/2385/2181
f 2151/2386/2182 2150/2385/2181 2259/2511/2307
f 2259/2511/2307 2260/2512/2308 2151/2386/2182
f 2152/2387/2183 2151/2386/2182 2260/2512/2308
f 2260/2512/2308 2261/2513/2309 2152/2387/2183
f 2256/2508/2304 2255/2507/2303 2262/2514/2310
f 2262/2514/2310 2263/2515/2311 2256/2508/2304
f 2257/2509/2305 2256/2508/2304 2263/2515/2311
f 2263/2515/2311 2264/2516/2312 2257/2509/2305
f 2258/2510/2306 2257/2509/2305 2264/2516/2312
f 2264/2516/2312 2265/2517/2313 2258/2510/2306
f 2259/2511/2307 2258/2510/2306 2265/2517/2313
f 2265/2517/2313 2266/2518/2314 2259/2511/2307
f 2260/2512/2308 2259/2511/2307 2266/2518/2314
f 2266/2518/2314 2267/2519/2315 2260/2512/2308
f 2261/2513/2309 2260/2512/2308 2267/2519/2315
f 2267/2519/2315 2268/2520/2316 2261/2513/2309
f 2263/2515/2311 2262/2514/2310 2269/2521/2317
f 2269/2521/2317 2270/2522/2318 2263/2515/2311
f 2264/2516/2312 2263/2515/2311 2270/2522/2318
f 2270/2522/2318 2271/2523/2319 2264/2516/2312
f 2265/2517/2313 2264/2516/2312 2271/2523/2319
f 2271/2523/2319 2272/2524/2320 2265/2517/2313
f 2266/2518/2314 2265/2517/2313 2272/2524/2320
f 2272/2524/2320 2273/2525/2321 2266/2518/2314
f 2267/2519/2315 2266/2518/2314 2273/2525/2321
f 2273/2525/2321 2274/2526/2322 2267/2519/2315
f 2268/2520/2316 2267/2519/2315 2274/2526/2322
f 2274/2526/2322 2275/2527/2323 2268/2520/2316
f 2270/2522/2318 2269/2521/2317 2276/2528/2324
f 2276/2528/2324 2277/2529/2325 2270/2522/2318
f 2271/2523/2319 2270/2522/2318 2277/2529/2325
f 2277/2529/2325 2278/2530/2326 2271/2523/2319
f 2272/2524/2320 2271/2523/2319 2278/2530/2326
f 2278/2530/2326 2279/2531/2327 2272/2524/2320
f 2273/2525/2321 2272/2524/2320 2279/2531/2327
f 2279/2531/2327 2280/2532/2328 2273/2525/2321
f 2274/2526/2322 2273/2525/2321 2280/2532/2328
f 2280/2532/2328 2281/2533/2329 2274/2526/2322
f 2275/2527/2323 2274/2526/2322 2281/2533/2329
f 2281/2533/2329 2282/2534/2330 2275/2527/2323
f 2277/2529/2325 2276/2528/2324 2283/2535/2331
f 2283/2535/2331 2284/2536/2332 2277/2529/2325
f 2278/2530/2326 2277/2529/2325 2284/2536/2332
f 2284/2536/2332 2285/2537/2333 2278/2530/2326
f 2279/2531/2327 2278/2530/2326 2285/2537/2333
f 2285/2537/2333 2286/2538/2334 2279/2531/2327
f 2280/2532/2328 2279/2531/2327 2286/2538/2334
f 2286/2538/2334 2287/2539/2335 2280/2532/2328
f 2281/2533/2329 2280/2532/2328 2287/2539/2335
f 2287/2539/2335 2288/2540/2336 2281/2533/2329
f 2282/2534/2330 2281/2533/2329 2288/2540/2336
f 2288/2540/2336 2289/2541/2337 2282/2534/2330
f 2284/2536/2332 2283/2535/2331 2290/2542/2338
f 2290/2542/2338 2291/2543/2339 2284/2536/2332
f 2285/2537/2333 2284/2536/2332 2291/2543/2339
f 2291/2543/2339 2292/2544/2340 2285/2537/2333
f 2286/2538/2334 2285/2537/2333 2292/2544/2340
f 2292/2544/2340 2293/2545/2341 2286/2538/2334
f 2287/2539/2335 2286/2538/2334 2293/2545/2341
f 2293/2545/2341 2294/2546/2342 2287/2539/2335
f 2288/2540/2336 2287/2539/2335 2294/2546/2342
f 2294/2546/2342 2295/2547/2343 2288/2540/2336
f 2289/2541/2337 2288/2540/2336 2295/2547/2343
f 2295/2547/2343 2296/2548/2344 2289/2541/2337
f 2183/2424/2220 2152/2387/2183 2261/2513/2309
f 2261/2513/2309 2297/2549/2345 2183/2424/2220
f 2184/2425/2221 2183/2424/2220 2297/2549/2345
f 2297/2549/2345 2298/2550/2346 2184/2425/2221
f 2185/2426/2222 2184/2425/2221 2298/2550/2346
f 2298/2550/2346 2299/2551/2347 2185/2426/2222
f 2186/2427/2223 2185/2426/2222 2299/2551/2347
f 2299/2551/2347 2300/2552/2348 2186/2427/2223
f 2187/2428/2224 2186/2427/2223 2300/2552/2348
f 2300/2552/2348 2301/2553/2349 2187/2428/2224
f 2188/2429/2225 2187/2428/2224 2301/2553/2349
f 2301/2553/2349 2302/2554/2350 2188/2429/2225
f 2297/2549/2345 2261/2513/2309 2268/2520/2316
f 2268/2520/2316 2303/2555/2351 2297/2549/2345
f 2298/2550/2346 2297/2549/2345 2303/2555/2351
f 2303/2555/2351 2304/2556/2352 2298/2550/2346
f 2299/2551/2347 2298/2550/2346 2304/2556/2352
f 2304/2556/2352 2305/2557/2353 2299/2551/2347
f 2300/2552/2348 2299/2551/2347 2305/2557/2353
f 2305/2557/2353 2306/2558/2354 2300/2552/2348
f 2301/2553/2349 2300/2552/2348 2306/2558/2354
f 2306/2558/2354 2307/2559/2355 2301/2553/2349
f 2302/2554/2350 2301/2553/2349 2307/2559/2355
f 2307/2559/2355 2308/2560/2356 2302/2554/2350
f 2303/2555/2351 2268/2520/2316 2275/2527/2323
f 2275/2527/2323 2309/2561/2357 2303/2555/2351
f 2304/2556/2352 2303/2555/2351 2309/2561/2357
f 2309/2561/2357 2310/2562/2358 2304/2556/2352
f 2305/2557/2353 2304/2556/2352 2310/2562/2358
f 2310/2562/2358 2311/2563/2359 2305/2557/2353
f 2306/2558/2354 2305/2557/2353 2311/2563/2359
f 2311/2563/2359 2312/2564/2360 2306/2558/2354
f 2307/2559/2355 2306/2558/2354 2312/2564/2360
f 2312/2564/2360 2313/2565/2361 2307/2559/2355
f 2308/2560/2356 2307/2559/2355 2313/2565/2361
f 2313/2565/2361 2314/2566/2362 2308/2560/2356
f 2309/2561/2357 2275/2527/2323 2282/2534/2330
f 2282/2534/2330 2315/2567/2363 2309/2561/2357
f 2310/2562/2358 2309/2561/2357 2315/2567/2363
f 2315/2567/2363 2316/2568/2364 2310/2562/2358
f 2311/2563/2359 2310/2562/2358 2316/2568/2364
f 2316/2568/2364 2317/2569/2365 2311/2563/2359
f 2312/2564/2360 2311/2563/2359 2317/2569/2365
f 2317/2569/2365 2318/2570/2366 2312/2564/2360
f 2313/2565/2361 2312/2564/2360 2318/2570/2366
f 2318/2570/2366 2319/2571/2367 2313/2565/2361
f 2314/2566/2362 2313/2565/2361 2319/2571/2367
f 2319/2571/2367 2320/2572/2368 2314/2566/2362
f 2315/2567/2363 2282/2534/2330 2289/2541/2337
f 2289/2541/2337 2321/2573/2369 2315/2567/2363
f 2316/2568/2364 2315/2567/2363 2321/2573/2369
f 2321/2573/2369 2322/2574/2370 2316/2568/2364
f 2317/2569/2365 2316/2568/2364 2322/2574/2370
f 2322/2574/2370 2323/2575/2371 2317/2569/2365
f 2318/2570/2366 2317/2569/2365 2323/2575/2371
f 2323/2575/2371 2324/2576/2372 2318/2570/2366
f 2319/2571/2367 2318/2570/2366 2324/2576/2372
f 2324/2576/2372 2325/2577/2373 2319/2571/2367
f 2320/2572/2368 2319/2571/2367 2325/2577/2373
f 2325/2577/2373 2326/2578/2374 2320/2572/2368
f 2321/2573/2369 2289/2541/2337 2296/2548/2344
f 2296/2548/2344 2327/2579/2375 2321/2573/2369
f 2322/2574/2370 2321/2573/2369 2327/2579/2375
f 2327/2579/2375 2328/2580/2376 2322/2574/2370
f 2323/2575/2371 2322/2574/2370 2328/2580/2376
f 2328/2580/2376 2329/2581/2377 2323/2575/2371
f 2324/2576/2372 2323/2575/2371 2329/2581/2377
f 2329/2581/2377 2330/2582/2378 2324/2576/2372
f 2325/2577/2373 2324/2576/2372 2330/2582/2378
f 2330/2582/2378 2331/2583/2379 2325/2577/2373
f 2326/2578/2374 2325/2577/2373 2331/2583/2379
f 2331/2583/2379 2332/2584/2380 2326/2578/2374
f 2333/2585/2381 2219/2466/2262 2220/2467/2263
f 2220/2467/2263 2334/2586/2382 2333/2585/2381
f 2334/2586/2382 2220/2467/2263 2221/2468/2264
f 2221/2468/2264 2335/2587/2383 2334/2586/2382
f 2335/2587/2383 2221/2468/2264 2222/2469/2265
f 2222/2469/2265 2336/2588/2384 2335/2587/2383
f 2336/2588/2384 2222/2469/2265 2223/2470/2266
f 2223/2470/2266 2337/2589/2385 2336/2588/2384
f 2337/2589/2385 2223/2470/2266 2224/2471/2267
f 2224/2471/2267 2338/2590/2386 2337/2589/2385
f 2338/2590/2386 2224/2471/2267 2188/2429/2225
f 2188/2429/2225 2302/2554/2350 2338/2590/2386
f 2339/2591/2387 2333/2585/2381 2334/2586/2382
f 2334/2586/2382 2340/2592/2388 2339/2591/2387
f 2340/2592/2388 2334/2586/2382 2335/2587/2383
f 2335/2587/2383 2341/2593/2389 2340/2592/2388
f 2341/2593/2389 2335/2587/2383 2336/2588/2384
f 2336/2588/2384 2342/2594/2390 2341/2593/2389
f 2342/2594/2390 2336/2588/2384 2337/2589/2385
f 2337/2589/2385 2343/2595/2391 2342/2594/2390
f 2343/2595/2391 2337/2589/2385 2338/2590/2386
f 2338/2590/2386 2344/2596/2392 2343/2595/2391
f 2344/2596/2392 2338/2590/2386 2302/2554/2350
f 2302/2554/2350 2308/2560/2356 2344/2596/2392
f 2345/2597/2393 2339/2591/2387 2340/2592/2388
f 2340/2592/2388 2346/2598/2394 2345/2597/2393
f 2346/2598/2394 2340/2592/2388 2341/2593/2389
f 2341/2593/2389 2347/2599/2395 2346/2598/2394
f 2347/2599/2395 2341/2593/2389 2342/2594/2390
f 2342/2594/2390 2348/2600/2396 2347/2599/2395
f 2348/2600/2396 2342/2594/2390 2343/2595/2391
f 2343/2595/2391 2349/2601/2397 2348/2600/2396
f 2349/2601/2397 2343/2595/2391 2344/2596/2392
f 2344/2596/2392 2350/2602/2398 2349/2601/2397
f 2350/2602/2398 2344/2596/2392 2308/2560/2356
f 2308/2560/2356 2314/2566/2362 2350/2602/2398
f 2351/2603/2399 2345/2597/2393 2346/2598/2394
f 2346/2598/2394 2352/2604/2400 2351/2603/2399
f 2352/2604/2400 2346/2598/2394 2347/2599/2395
f 2347/2599/2395 2353/2605/2401 2352/2604/2400
f 2353/2605/2401 2347/2599/2395 2348/2600/2396
f 2348/2600/2396 2354/2606/2402 2353/2605/2401
f 2354/2606/2402 2348/2600/2396 2349/2601/2397
f 2349/2601/2397 2355/2607/2403 2354/2606/2402
f 2355/2607/2403 2349/2601/2397 2350/2602/2398
f 2350/2602/2398 2356/2608/2404 2355/2607/2403
f 2356/2608/2404 2350/2602/2398 2314/2566/2362
f 2314/2566/2362 2320/2572/2368 2356/2608/2404
f 2357/2609/2405 2351/2603/2399 2352/2604/2400
f 2352/2604/2400 2358/2610/2406 2357/2609/2405
f 2358/2610/2406 2352/2604/2400 2353/2605/2401
f 2353/2605/2401 2359/2611/2407 2358/2610/2406
f 2359/2611/2407 2353/2605/2401 2354/2606/2402
f 2354/2606/2402 2360/2612/2408 2359/2611/2407
f 2360/2612/2408 2354/2606/2402 2355/2607/2403
f 2355/2607/2403 2361/2613/2409 2360/2612/2408
f 2361/2613/2409 2355/2607/2403 2356/2608/2404
f 2356/2608/2404 2362/2614/2410 2361/2613/2409
f 2362/2614/2410 2356/2608/2404 2320/2572/2368
f 2320/2572/2368 2326/2578/2374 2362/2614/2410
f 2363/2615/2411 2357/2609/2405 2358/2610/2406
f 2358/2610/2406 2364/2616/2412 2363/2615/2411
f 2364/2616/2412 2358/2610/2406 2359/2611/2407
f 2359/2611/2407 2365/2617/2413 2364/2616/2412
f 2365/2617/2413 2359/2611/2407 2360/2612/2408
f 2360/2612/2408 2366/2618/2414 2365/2617/2413
f 2366/2618/2414 2360/2612/2408 2361/2613/2409
f 2361/2613/2409 2367/2619/2415 2366/2618/2414
f 2367/2619/2415 2361/2613/2409 2362/2614/2410
f 2362/2614/2410 2368/2620/2416 2367/2619/2415
f 2368/2620/2416 2362/2614/2410 2326/2578/2374
f 2326/2578/2374 2332/2584/2380 2368/2620/2416
f 2255/2507/2303 2146/2381/2177 2250/2502/2298
f 2250/2502/2298 2369/2621/2417 2255/2507/2303
f 2369/2621/2417 2250/2502/2298 2251/2503/2299
f 2251/2503/2299 2370/2622/2418 2369/2621/2417
f 2370/2622/2418 2251/2503/2299 2252/2504/2300
f 2252/2504/2300 2371/2623/2419 2370/2622/2418
f 2371/2623/2419 2252/2504/2300 2253/2505/2301
f 2253/2505/2301 2372/2624/2420 2371/2623/2419
f 2372/2624/2420 2253/2505/2301 2254/2506/2302
f 2254/2506/2302 2373/2625/2421 2372/2624/2420
f 2373/2625/2421 2254/2506/2302 2219/2466/2262
f 2219/2466/2262 2333/2585/2381 2373/2625/2421
f 2262/2514/2310 2255/2507/2303 2369/2621/2417
f 2369/2621/2417 2374/2626/2422 2262/2514/2310
f 2374/2626/2422 2369/2621/2417 2370/2622/2418
f 2370/2622/2418 2375/2627/2423 2374/2626/2422
f 2375/2627/2423 2370/2622/2418 2371/2623/2419
f 2371/2623/2419 2376/2628/2424 2375/2627/2423
f 2376/2628/2424 2371/2623/2419 2372/2624/2420
f 2372/2624/2420 2377/2629/2425 2376/2628/2424
f 2377/2629/2425 2372/2624/2420 2373/2625/2421
f 2373/2625/2421 2378/2630/2426 2377/2629/2425
f 2378/2630/2426 2373/2625/2421 2333/2585/2381
f 2333/2585/2381 2339/2591/2387 2378/2630/2426
f 2269/2521/2317 2262/2514/2310 2374/2626/2422
f 2374/2626/2422 2379/2631/2427 2269/2521/2317
f 2379/2631/2427 2374/2626/2422 2375/2627/2423
f 2375/2627/2423 2380/2632/2428 2379/2631/2427
f 2380/2632/2428 2375/2627/2423 2376/2628/2424
f 2376/2628/2424 2381/2633/2429 2380/2632/2428
f 2381/2633/2429 2376/2628/2424 2377/2629/2425
f 2377/2629/2425 2382/2634/2430 2381/2633/2429
f 2382/2634/2430 2377/2629/2425 2378/2630/2426
f 2378/2630/2426 2383/2635/2431 2382/2634/2430
f 2383/2635/2431 2378/2630/2426 2339/2591/2387
f 2339/2591/2387 2345/2597/2393 2383/2635/2431
f 2276/2528/2324 2269/2521/2317 2379/2631/2427
f 2379/2631/2427 2384/2636/2432 2276/2528/2324
f 2384/2636/2432 2379/2631/2427 2380/2632/2428
f 2380/2632/2428 2385/2637/2433 2384/2636/2432
f 2385/2637/2433 2380/2632/2428 2381/2633/2429
f 2381/2633/2429 2386/2638/2434 2385/2637/2433
f 2386/2638/2434 2381/2633/2429 2382/2634/2430
f 2382/2634/2430 2387/2639/2435 2386/2638/2434
f 2387/2639/2435 2382/2634/2430 2383/2635/2431
f 2383/2635/2431 2388/2640/2436 2387/2639/2435
f 2388/2640/2436 2383/2635/2431 2345/2597/2393
f 2345/2597/2393 2351/2603/2399 2388/2640/2436
f 2283/2535/2331 2276/2528/2324 2384/2636/2432
f 2384/2636/2432 2389/2641/2437 2283/2535/2331
f 2389/2641/2437 2384/2636/2432 2385/2637/2433
f 2385/2637/2433 2390/2642/2438 2389/2641/2437
f 2390/2642/2438 2385/2637/2433 2386/2638/2434
f 2386/2638/2434 2391/2643/2439 2390/2642/2438
f 2391/2643/2439 2386/2638/2434 2387/2639/2435
f 2387/2639/2435 2392/2644/2440 2391/2643/2439
f 2392/2644/2440 2387/2639/2435 2388/2640/2436
f 2388/2640/2436 2393/2645/2441 2392/2644/2440
f 2393/2645/2441 2388/2640/2436 2351/2603/2399
f 2351/2603/2399 2357/2609/2405 2393/2645/2441
f 2290/2542/2338 2283/2535/2331 2389/2641/2437
f 2389/2641/2437 2394/2646/2442 2290/2542/2338
f 2394/2646/2442 2389/2641/2437 2390/2642/2438
f 2390/2642/2438 2395/2647/2443 2394/2646/2442
f 2395/2647/2443 2390/2642/2438 2391/2643/2439
f 2391/2643/2439 2396/2648/2444 2395/2647/2443
f 2396/2648/2444 2391/2643/2439 2392/2644/2440
f 2392/2644/2440 2397/2649/2445 2396/2648/2444
f 2397/2649/2445 2392/2644/2440 2393/2645/2441
f 2393/2645/2441 2398/2650/2446 2397/2649/2445
f 2398/2650/2446 2393/2645/2441 2357/2609/2405
f 2357/2609/2405 2363/2615/2411 2398/2650/2446
f 2291/2543/2339 2290/2542/2338 2399/2651/2447
f 2399/2651/2447 2400/2652/2448 2291/2543/2339
f 2292/2544/2340 2291/2543/2339 2400/2652/2448
f 2400/2652/2448 2401/2653/2449 2292/2544/2340
f 2293/2545/2341 2292/2544/2340 2401/2653/2449
f 2401/2653/2449 2402/2654/2450 2293/2545/2341
f 2294/2546/2342 2293/2545/2341 2402/2654/2450
f 2402/2654/2450 2403/2655/2451 2294/2546/2342
f 2295/2547/2343 2294/2546/2342 2403/2655/2451
f 2403/2655/2451 2404/2656/2452 2295/2547/2343
f 2296/2548/2344 2295/2547/2343 2404/2656/2452
f 2404/2656/2452 2405/2657/2453 2296/2548/2344
f 2400/2652/2448 2399/2651/2447 2406/2658/2454
f 2406/2658/2454 2407/2659/2455 2400/2652/2448
f 2401/2653/2449 2400/2652/2448 2407/2659/2455
f 2407/2659/2455 2408/2660/2456 2401/2653/2449
f 2402/2654/2450 2401/2653/2449 2408/2660/2456
f 2408/2660/2456 2409/2661/2457 2402/2654/2450
f 2403/2655/2451 2402/2654/2450 2409/2661/2457
f 2409/2661/2457 2410/2662/2458 2403/2655/2451
f 2404/2656/2452 2403/2655/2451 2410/2662/2458
f 2410/2662/2458 2411/2663/2459 2404/2656/2452
f 2405/2657/2453 2404/2656/2452 2411/2663/2459
f 2411/2663/2459 2412/2664/2460 2405/2657/2453
f 2407/2659/2455 2406/2658/2454 2413/2665/2461
f 2413/2665/2461 2414/2666/2462 2407/2659/2455
f 2408/2660/2456 2407/2659/2455 2414/2666/2462
f 2414/2666/2462 2415/2667/2463 2408/2660/2456
f 2409/2661/2457 2408/2660/2456 2415/2667/2463
f 2415/2667/2463 2416/2668/2464 2409/2661/2457
f 2410/2662/2458 2409/2661/2457 2416/2668/2464
f 2416/2668/2464 2417/2669/2465 2410/2662/2458
f 2411/2663/2459 2410/2662/2458 2417/2669/2465
f 2417/2669/2465 2418/2670/2466 2411/2663/2459
f 2412/2664/2460 2411/2663/2459 2418/2670/2466
f 2418/2670/2466 2419/2671/2467 2412/2664/2460
f 2414/2666/2462 2413/2665/2461 2420/2672/2468
f 2420/2672/2468 2421/2673/2469 2414/2666/2462
f 2415/2667/2463 2414/2666/2462 2421/2673/2469
f 2421/2673/2469 2422/2674/2470 2415/2667/2463
f 2416/2668/2464 2415/2667/2463 2422/2674/2470
f 2422/2674/2470 2423/2675/2471 2416/2668/2464
f 2417/2669/2465 2416/2668/2464 2423/2675/2471
f 2423/2675/2471 2424/2676/2472 2417/2669/2465
f 2418/2670/2466 2417/2669/2465 2424/2676/2472
f 2424/2676/2472 2425/2677/2473 2418/2670/2466
f 2419/2671/2467 2418/2670/2466 2425/2677/2473
f 2425/2677/2473 2426/2678/2474 2419/2671/2467
f 2421/2673/2469 2420/2672/2468 2427/2679/2475
f 2427/2679/2475 2428/2680/2476 2421/2673/2469
f 2422/2674/2470 2421/2673/2469 2428/2680/2476
f 2428/2680/2476 2429/2681/2477 2422/2674/2470
f 2423/2675/2471 2422/2674/2470 2429/2681/2477
f 2429/2681/2477 2430/2682/2478 2423/2675/2471
f 2424/2676/2472 2423/2675/2471 2430/2682/2478
f 2430/2682/2478 2431/2683/2479 2424/2676/2472
f 2425/2677/2473 2424/2676/2472 2431/2683/2479
f 2431/2683/2479 2432/2684/2480 2425/2677/2473
f 2426/2678/2474 2425/2677/2473 2432/2684/2480
f 2432/2684/2480 2433/2685/2481 2426/2678/2474
f 2428/2680/2476 2427/2679/2475 2434/2686/2482
f 2429/2681/2477 2428/2680/2476 2434/2686/2482
f 2430/2682/2478 2429/2681/2477 2434/2686/2482
f 2431/2683/2479 2430/2682/2478 2434/2686/2482
f 2432/2684/2480 2431/2683/2479 2434/2686/2482
f 2433/2685/2481 2432/2684/2480 2434/2686/2482
f 2327/2579/2375 2296/2548/2344 2405/2657/2453
f 2405/2657/2453 2435/2687/2483 2327/2579/2375
f 2328/2580/2376 2327/2579/2375 2435/2687/2483
f 2435/2687/2483 2436/2688/2484 2328/2580/2376
f 2329/2581/2377 2328/2580/2376 2436/2688/2484
f 2436/2688/2484 2437/2689/2485 2329/2581/2377
f 2330/2582/2378 2329/2581/2377 2437/2689/2485
f 2437/2689/2485 2438/2690/2486 2330/2582/2378
f 2331/2583/2379 2330/2582/2378 2438/2690/2486
f 2438/2690/2486 2439/2691/2487 2331/2583/2379
f 2332/2584/2380 2331/2583/2379 2439/2691/2487
f 2439/2691/2487 2440/2692/2488 2332/2584/2380
f 2435/2687/2483 2405/2657/2453 2412/2664/2460
f 2412/2664/2460 2441/2693/2489 2435/2687/2483
f 2436/2688/2484 2435/2687/2483 2441/2693/2489
f 2441/2693/2489 2442/2694/2490 2436/2688/2484
f 2437/2689/2485 2436/2688/2484 2442/2694/2490
f 2442/2694/2490 2443/2695/2491 2437/2689/2485
f 2438/2690/2486 2437/2689/2485 2443/2695/2491
f 2443/2695/2491 2444/2696/2492 2438/2690/2486
f 2439/2691/2487 2438/2690/2486 2444/2696/2492
f 2444/2696/2492 2445/2697/2493 2439/2691/2487
f 2440/2692/2488 2439/2691/2487 2445/2697/2493
f 2445/2697/2493 2446/2698/2494 2440/2692/2488
f 2441/2693/2489 2412/2664/2460 2419/2671/2467
f 2419/2671/2467 2447/2699/2495 2441/2693/2489
f 2442/2694/2490 2441/2693/2489 2447/2699/2495
f 2447/2699/2495 2448/2700/2496 2442/2694/2490
f 2443/2695/2491 2442/2694/2490 2448/2700/2496
f 2448/2700/2496 2449/2701/2497 2443/2695/2491
f 2444/2696/2492 2443/2695/2491 2449/2701/2497
f 2449/2701/2497 2450/2702/2498 2444/2696/2492
f 2445/2697/2493 2444/2696/2492 2450/2702/2498
f 2450/2702/2498 2451/2703/2499 2445/2697/2493
f 2446/2698/2494 2445/2697/2493 2451/2703/2499
f 2451/2703/2499 2452/2704/2500 2446/2698/2494
f 2447/2699/2495 2419/2671/2467 2426/2678/2474
f 2426/2678/2474 2453/2705/2501 2447/2699/2495
f 2448/2700/2496 2447/2699/2495 2453/2705/2501
f 2453/2705/2501 2454/2706/2502 2448/2700/2496
f 2449/2701/2497 2448/2700/2496 2454/2706/2502
f 2454/2706/2502 2455/2707/2503 2449/2701/2497
f 2450/2702/2498 2449/2701/2497 2455/2707/2503
f 2455/2707/2503 2456/2708/2504 2450/2702/2498
f 2451/2703/2499 2450/2702/2498 2456/2708/2504
f 2456/2708/2504 2457/2709/2505 2451/2703/2499
f 2452/2704/2500 2451/2703/2499 2457/2709/2505
f 2457/2709/2505 2458/2710/2506 2452/2704/2500
f 2453/2705/2501 2426/2678/2474 2433/2685/2481
f 2433/2685/2481 2459/2711/2507 2453/2705/2501
f 2454/2706/2502 2453/2705/2501 2459/2711/2507
f 2459/2711/2507 2460/2712/2508 2454/2706/2502
f 2455/2707/2503 2454/2706/2502 2460/2712/2508
f 2460/2712/2508 2461/2713/2509 2455/2707/2503
f 2456/2708/2504 2455/2707/2503 2461/2713/2509
f 2461/2713/2509 2462/2714/2510 2456/2708/2504
f 2457/2709/2505 2456/2708/2504 2462/2714/2510
f 2462/2714/2510 2463/2715/2511 2457/2709/2505
f 2458/2710/2506 2457/2709/2505 2463/2715/2511
f 2463/2715/2511 2464/2716/2512 2458/2710/2506
f 2459/2711/2507 2433/2685/2481 2434/2686/2482
f 2460/2712/2508 2459/2711/2507 2434/2686/2482
f 2461/2713/2509 2460/2712/2508 2434/2686/2482
f 2462/2714/2510 2461/2713/2509 2434/2686/2482
f 2463/2715/2511 2462/2714/2510 2434/2686/2482
f 2464/2716/2512 2463/2715/2511 2434/2686/2482
f 2465/2717/2513 2363/2615/2411 2364/2616/2412
f 2364/2616/2412 2466/2718/2514 2465/2717/2513
f 2466/2718/2514 2364/2616/2412 2365/2617/2413
f 2365/2617/2413 2467/2719/2515 2466/2718/2514
f 2467/2719/2515 2365/2617/2413 2366/2618/2414
f 2366/2618/2414 2468/2720/2516 2467/2719/2515
f 2468/2720/2516 2366/2618/2414 2367/2619/2415
f 2367/2619/2415 2469/2721/2517 2468/2720/2516
f 2469/2721/2517 2367/2619/2415 2368/2620/2416
f 2368/2620/2416 2470/2722/2518 2469/2721/2517
f 2470/2722/2518 2368/2620/2416 2332/2584/2380
f 2332/2584/2380 2440/2692/2488 2470/2722/2518
f 2471/2723/2519 2465/2717/2513 2466/2718/2514
f 2466/2718/2514 2472/2724/2520 2471/2723/2519
f 2472/2724/2520 2466/2718/2514 2467/2719/2515
f 2467/2719/2515 2473/2725/2521 2472/2724/2520
f 2473/2725/2521 2467/2719/2515 2468/2720/2516
f 2468/2720/2516 2474/2726/2522 2473/2725/2521
f 2474/2726/2522 2468/2720/2516 2469/2721/2517
f 2469/2721/2517 2475/2727/2523 2474/2726/2522
f 2475/2727/2523 2469/2721/2517 2470/2722/2518
f 2470/2722/2518 2476/2728/2524 2475/2727/2523
f 2476/2728/2524 2470/2722/2518 2440/2692/2488
f 2440/2692/2488 2446/2698/2494 2476/2728/2524
f 2477/2729/2525 2471/2723/2519 2472/2724/2520
f 2472/2724/2520 2478/2730/2526 2477/2729/2525
f 2478/2730/2526 2472/2724/2520 2473/2725/2521
f 2473/2725/2521 2479/2731/2527 2478/2730/2526
f 2479/2731/2527 2473/2725/2521 2474/2726/2522
f 2474/2726/2522 2480/2732/2528 2479/2731/2527
f 2480/2732/2528 2474/2726/2522 2475/2727/2523
f 2475/2727/2523 2481/2733/2529 2480/2732/2528
f 2481/2733/2529 2475/2727/2523 2476/2728/2524
f 2476/2728/2524 2482/2734/2530 2481/2733/2529
f 2482/2734/2530 2476/2728/2524 2446/2698/2494
f 2446/2698/2494 2452/2704/2500 2482/2734/2530
f 2483/2735/2531 2477/2729/2525 2478/2730/2526
f 2478/2730/2526 2484/2736/2532 2483/2735/2531
f 2484/2736/2532 2478/2730/2526 2479/2731/2527
f 2479/2731/2527 2485/2737/2533 2484/2736/2532
f 2485/2737/2533 2479/2731/2527 2480/2732/2528
f 2480/2732/2528 2486/2738/2534 2485/2737/2533
f 2486/2738/2534 2480/2732/2528 2481/2733/2529
f 2481/2733/2529 2487/2739/2535 2486/2738/2534
f 2487/2739/2535 2481/2733/2529 2482/2734/2530
f 2482/2734/2530 2488/2740/2536 2487/2739/2535
f 2488/2740/2536 2482/2734/2530 2452/2704/2500
f 2452/2704/2500 2458/2710/2506 2488/2740/2536
f 2489/2741/2537 2483/2735/2531 2484/2736/2532
f 2484/2736/2532 2490/2742/2538 2489/2741/2537
f 2490/2742/2538 2484/2736/2532 2485/2737/2533
f 2485/2737/2533 2491/2743/2539 2490/2742/2538
f 2491/2743/2539 2485/2737/2533 2486/2738/2534
f 2486/2738/2534 2492/2744/2540 2491/2743/2539
f 2492/2744/2540 2486/2738/2534 2487/2739/2535
f 2487/2739/2535 2493/2745/2541 2492/2744/2540
f 2493/2745/2541 2487/2739/2535 2488/2740/2536
f 2488/2740/2536 2494/2746/2542 2493/2745/2541
f 2494/2746/2542 2488/2740/2536 2458/2710/2506
f 2458/2710/2506 2464/2716/2512 2494/2746/2542
f 2489/2741/2537 2490/2742/2538 2434/2686/2482
f 2490/2742/2538 2491/2743/2539 2434/2686/2482
f 2491/2743/2539 2492/2744/2540 2434/2686/2482
f 2492/2744/2540 2493/2745/2541 2434/2686/2482
f 2493/2745/2541 2494/2746/2542 2434/2686/2482
f 2494/2746/2542 2464/2716/2512 2434/2686/2482
f 2399/2651/2447 2290/2542/2338 2394/2646/2442
f 2394/2646/2442 2495/2747/2543 2399/2651/2447
f 2495/2747/2543 2394/2646/2442 2395/2647/2443
f 2395/2647/2443 2496/2748/2544 2495/2747/2543
f 2496/2748/2544 2395/2647/2443 2396/2648/2444
f 2396/2648/2444 2497/2749/2545 2496/2748/2544
f 2497/2749/2545 2396/2648/2444 2397/2649/2445
f 2397/2649/2445 2498/2750/2546 2497/2749/2545
f 2498/2750/2546 2397/2649/2445 2398/2650/2446
f 2398/2650/2446 2499/2751/2547 2498/2750/2546
f 2499/2751/2547 2398/2650/2446 2363/2615/2411
f 2363/2615/2411 2465/2717/2513 2499/2751/2547
f 2406/2658/2454 2399/2651/2447 2495/2747/2543
f 2495/2747/2543 2500/2752/2548 2406/2658/2454
f 2500/2752/2548 2495/2747/2543 2496/2748/2544
f 2496/2748/2544 2501/2753/2549 2500/2752/2548
f 2501/2753/2549 2496/2748/2544 2497/2749/2545
f 2497/2749/2545 2502/2754/2550 2501/2753/2549
f 2502/2754/2550 2497/2749/2545 2498/2750/2546
f 2498/2750/2546 2503/2755/2551 2502/2754/2550
f 2503/2755/2551 2498/2750/2546 2499/2751/2547
f 2499/2751/2547 2504/2756/2552 2503/2755/2551
f 2504/2756/2552 2499/2751/2547 2465/2717/2513
f 2465/2717/2513 2471/2723/2519 2504/2756/2552
f 2413/2665/2461 2406/2658/2454 2500/2752/2548
f 2500/2752/2548 2505/2757/2553 2413/2665/2461
f 2505/2757/2553 2500/2752/2548 2501/2753/2549
f 2501/2753/2549 2506/2758/2554 2505/2757/2553
f 2506/2758/2554 2501/2753/2549 2502/2754/2550
f 2502/2754/2550 2507/2759/2555 2506/2758/2554
f 2507/2759/2555 2502/2754/2550 2503/2755/2551
f 2503/2755/2551 2508/2760/2556 2507/2759/2555
f 2508/2760/2556 2503/2755/2551 2504/2756/2552
f 2504/2756/2552 2509/2761/2557 2508/2760/2556
f 2509/2761/2557 2504/2756/2552 2471/2723/2519
f 2471/2723/2519 2477/2729/2525 2509/2761/2557
f 2420/2672/2468 2413/2665/2461 2505/2757/2553
f 2505/2757/2553 2510/2762/2558 2420/2672/2468
f 2510/2762/2558 2505/2757/2553 2506/2758/2554
f 2506/2758/2554 2511/2763/2559 2510/2762/2558
f 2511/2763/2559 2506/2758/2554 2507/2759/2555
f 2507/2759/2555 2512/2764/2560 2511/2763/2559
f 2512/2764/2560 2507/2759/2555 2508/2760/2556
f 2508/2760/2556 2513/2765/2561 2512/2764/2560
f 2513/2765/2561 2508/2760/2556 2509/2761/2557
f 2509/2761/2557 2514/2766/2562 2513/2765/2561
f 2514/2766/2562 2509/2761/2557 2477/2729/2525
f 2477/2729/2525 2483/2735/2531 2514/2766/2562
f 2427/2679/2475 2420/2672/2468 2510/2762/2558
f 2510/2762/2558 2515/2767/2563 2427/2679/2475
f 2515/2767/2563 2510/2762/2558 2511/2763/2559
f 2511/2763/2559 2516/2768/2564 2515/2767/2563
f 2516/2768/2564 2511/2763/2559 2512/2764/2560
f 2512/2764/2560 2517/2769/2565 2516/2768/2564
f 2517/2769/2565 2512/2764/2560 2513/2765/2561
f 2513/2765/2561 2518/2770/2566 2517/2769/2565
f 2518/2770/2566 2513/2765/2561 2514/2766/2562
f 2514/2766/2562 2519/2771/2567 2518/2770/2566
f 2519/2771/2567 2514/2766/2562 2483/2735/2531
f 2483/2735/2531 2489/2741/2537 2519/2771/2567
f 2427/2679/2475 2515/2767/2563 2434/2686/2482
f 2515/2767/2563 2516/2768/2564 2434/2686/2482
f 2516/2768/2564 2517/2769/2565 2434/2686/2482
f 2517/2769/2565 2518/2770/2566 2434/2686/2482
f 2518/2770/2566 2519/2771/2567 2434/2686/2482
f 2519/2771/2567 2489/2741/2537 2434/2686/2482
